<annotation>
	<folder>JPG_Chang</folder>
	<filename>000a6d13ff9b50619ed027bf2e1a5536.jpg</filename>
	<path>/Users/cliu/Data/JPG_Chang/000a6d13ff9b50619ed027bf2e1a5536.jpg</path>
	<source>
		<database>Unknown</database>
	</source>
	<size>
		<width>300</width>
		<height>250</height>
		<depth>3</depth>
	</size>
	<segmented>0</segmented>
	<object>
		<name>HeroImage</name>
		<pose>Unspecified</pose>
		<truncated>0</truncated>
		<difficult>0</difficult>
		<bndbox>
			<xmin>7</xmin>
			<ymin>5</ymin>
			<xmax>154</xmax>
			<ymax>245</ymax>
		</bndbox>
	</object>
	<object>
		<name>CallToAction</name>
		<pose>Unspecified</pose>
		<truncated>0</truncated>
		<difficult>0</difficult>
		<bndbox>
			<xmin>159</xmin>
			<ymin>92</ymin>
			<xmax>286</xmax>
			<ymax>127</ymax>
		</bndbox>
	</object>
	<object>
		<name>Headline</name>
		<pose>Unspecified</pose>
		<truncated>0</truncated>
		<difficult>0</difficult>
		<bndbox>
			<xmin>161</xmin>
			<ymin>20</ymin>
			<xmax>286</xmax>
			<ymax>79</ymax>
		</bndbox>
	</object>
	<object>
		<name>HeroImage2</name>
		<pose>Unspecified</pose>
		<truncated>0</truncated>
		<difficult>0</difficult>
		<bndbox>
			<xmin>177</xmin>
			<ymin>139</ymin>
			<xmax>297</xmax>
			<ymax>248</ymax>
		</bndbox>
	</object>
</annotation>
