<annotation>
	<folder>JPG_Chang</folder>
	<filename>000bc51965bd634efdf4989ebe17032f.jpg</filename>
	<path>/Users/cliu/Data/JPG_Chang/000bc51965bd634efdf4989ebe17032f.jpg</path>
	<source>
		<database>Unknown</database>
	</source>
	<size>
		<width>728</width>
		<height>90</height>
		<depth>3</depth>
	</size>
	<segmented>0</segmented>
	<object>
		<name>Headline</name>
		<pose>Unspecified</pose>
		<truncated>0</truncated>
		<difficult>0</difficult>
		<bndbox>
			<xmin>12</xmin>
			<ymin>20</ymin>
			<xmax>324</xmax>
			<ymax>71</ymax>
		</bndbox>
	</object>
	<object>
		<name>HeroImage</name>
		<pose>Unspecified</pose>
		<truncated>0</truncated>
		<difficult>0</difficult>
		<bndbox>
			<xmin>346</xmin>
			<ymin>11</ymin>
			<xmax>557</xmax>
			<ymax>88</ymax>
		</bndbox>
	</object>
	<object>
		<name>CallToAction</name>
		<pose>Unspecified</pose>
		<truncated>0</truncated>
		<difficult>0</difficult>
		<bndbox>
			<xmin>585</xmin>
			<ymin>10</ymin>
			<xmax>712</xmax>
			<ymax>46</ymax>
		</bndbox>
	</object>
	<object>
		<name>Logo</name>
		<pose>Unspecified</pose>
		<truncated>0</truncated>
		<difficult>0</difficult>
		<bndbox>
			<xmin>588</xmin>
			<ymin>49</ymin>
			<xmax>710</xmax>
			<ymax>79</ymax>
		</bndbox>
	</object>
</annotation>
