<annotation>
	<folder>JPG_Chang</folder>
	<filename>000d5ba7c7f9d3504eef3f61b3dd6903.jpg</filename>
	<path>/Users/cliu/Data/JPG_Chang/000d5ba7c7f9d3504eef3f61b3dd6903.jpg</path>
	<source>
		<database>Unknown</database>
	</source>
	<size>
		<width>300</width>
		<height>250</height>
		<depth>3</depth>
	</size>
	<segmented>0</segmented>
	<object>
		<name>Headline</name>
		<pose>Unspecified</pose>
		<truncated>0</truncated>
		<difficult>0</difficult>
		<bndbox>
			<xmin>33</xmin>
			<ymin>56</ymin>
			<xmax>273</xmax>
			<ymax>152</ymax>
		</bndbox>
	</object>
	<object>
		<name>Logo</name>
		<pose>Unspecified</pose>
		<truncated>1</truncated>
		<difficult>0</difficult>
		<bndbox>
			<xmin>1</xmin>
			<ymin>203</ymin>
			<xmax>96</xmax>
			<ymax>233</ymax>
		</bndbox>
	</object>
	<object>
		<name>Logo2</name>
		<pose>Unspecified</pose>
		<truncated>0</truncated>
		<difficult>0</difficult>
		<bndbox>
			<xmin>99</xmin>
			<ymin>204</ymin>
			<xmax>177</xmax>
			<ymax>231</ymax>
		</bndbox>
	</object>
	<object>
		<name>Headline2</name>
		<pose>Unspecified</pose>
		<truncated>0</truncated>
		<difficult>0</difficult>
		<bndbox>
			<xmin>30</xmin>
			<ymin>19</ymin>
			<xmax>270</xmax>
			<ymax>50</ymax>
		</bndbox>
	</object>
</annotation>
