<annotation>
	<folder>JPG_Chang</folder>
	<filename>00a48a0bc06371067b053167e2a066f8.jpg</filename>
	<path>/Users/cliu/Data/JPG_Chang/00a48a0bc06371067b053167e2a066f8.jpg</path>
	<source>
		<database>Unknown</database>
	</source>
	<size>
		<width>728</width>
		<height>90</height>
		<depth>3</depth>
	</size>
	<segmented>0</segmented>
	<object>
		<name>HeroImage</name>
		<pose>Unspecified</pose>
		<truncated>0</truncated>
		<difficult>0</difficult>
		<bndbox>
			<xmin>6</xmin>
			<ymin>6</ymin>
			<xmax>294</xmax>
			<ymax>84</ymax>
		</bndbox>
	</object>
	<object>
		<name>Headline</name>
		<pose>Unspecified</pose>
		<truncated>0</truncated>
		<difficult>0</difficult>
		<bndbox>
			<xmin>313</xmin>
			<ymin>19</ymin>
			<xmax>548</xmax>
			<ymax>69</ymax>
		</bndbox>
	</object>
	<object>
		<name>CallToAction</name>
		<pose>Unspecified</pose>
		<truncated>0</truncated>
		<difficult>0</difficult>
		<bndbox>
			<xmin>563</xmin>
			<ymin>41</ymin>
			<xmax>720</xmax>
			<ymax>82</ymax>
		</bndbox>
	</object>
	<object>
		<name>Logo</name>
		<pose>Unspecified</pose>
		<truncated>0</truncated>
		<difficult>0</difficult>
		<bndbox>
			<xmin>566</xmin>
			<ymin>4</ymin>
			<xmax>720</xmax>
			<ymax>41</ymax>
		</bndbox>
	</object>
</annotation>
