<annotation>
	<folder>JPG_Chang</folder>
	<filename>00a6a9280f49193854f24e83a0c9d31f.jpg</filename>
	<path>/Users/cliu/Data/JPG_Chang/00a6a9280f49193854f24e83a0c9d31f.jpg</path>
	<source>
		<database>Unknown</database>
	</source>
	<size>
		<width>728</width>
		<height>90</height>
		<depth>3</depth>
	</size>
	<segmented>0</segmented>
	<object>
		<name>Headline</name>
		<pose>Unspecified</pose>
		<truncated>0</truncated>
		<difficult>0</difficult>
		<bndbox>
			<xmin>7</xmin>
			<ymin>8</ymin>
			<xmax>605</xmax>
			<ymax>45</ymax>
		</bndbox>
	</object>
	<object>
		<name>Logo</name>
		<pose>Unspecified</pose>
		<truncated>0</truncated>
		<difficult>0</difficult>
		<bndbox>
			<xmin>203</xmin>
			<ymin>50</ymin>
			<xmax>406</xmax>
			<ymax>77</ymax>
		</bndbox>
	</object>
	<object>
		<name>HeroImage</name>
		<pose>Unspecified</pose>
		<truncated>1</truncated>
		<difficult>0</difficult>
		<bndbox>
			<xmin>608</xmin>
			<ymin>2</ymin>
			<xmax>716</xmax>
			<ymax>90</ymax>
		</bndbox>
	</object>
</annotation>
