<annotation>
	<folder>JPG_Chang</folder>
	<filename>00a7e526f6eb567a5f8ebf8d939ff8b6.jpg</filename>
	<path>/Users/cliu/Data/JPG_Chang/00a7e526f6eb567a5f8ebf8d939ff8b6.jpg</path>
	<source>
		<database>Unknown</database>
	</source>
	<size>
		<width>300</width>
		<height>250</height>
		<depth>3</depth>
	</size>
	<segmented>0</segmented>
	<object>
		<name>CallToAction</name>
		<pose>Unspecified</pose>
		<truncated>0</truncated>
		<difficult>0</difficult>
		<bndbox>
			<xmin>158</xmin>
			<ymin>168</ymin>
			<xmax>273</xmax>
			<ymax>217</ymax>
		</bndbox>
	</object>
	<object>
		<name>HeroImage</name>
		<pose>Unspecified</pose>
		<truncated>0</truncated>
		<difficult>0</difficult>
		<bndbox>
			<xmin>18</xmin>
			<ymin>9</ymin>
			<xmax>151</xmax>
			<ymax>249</ymax>
		</bndbox>
	</object>
	<object>
		<name>Headline</name>
		<pose>Unspecified</pose>
		<truncated>0</truncated>
		<difficult>0</difficult>
		<bndbox>
			<xmin>158</xmin>
			<ymin>21</ymin>
			<xmax>281</xmax>
			<ymax>163</ymax>
		</bndbox>
	</object>
</annotation>
