<annotation>
	<folder>JPG_Chang</folder>
	<filename>00a934f99ea7c276f006b19a502fc4b8.jpg</filename>
	<path>/Users/cliu/Data/JPG_Chang/00a934f99ea7c276f006b19a502fc4b8.jpg</path>
	<source>
		<database>Unknown</database>
	</source>
	<size>
		<width>728</width>
		<height>90</height>
		<depth>3</depth>
	</size>
	<segmented>0</segmented>
	<object>
		<name>Logo</name>
		<pose>Unspecified</pose>
		<truncated>0</truncated>
		<difficult>0</difficult>
		<bndbox>
			<xmin>601</xmin>
			<ymin>54</ymin>
			<xmax>705</xmax>
			<ymax>86</ymax>
		</bndbox>
	</object>
	<object>
		<name>HeroImage</name>
		<pose>Unspecified</pose>
		<truncated>1</truncated>
		<difficult>0</difficult>
		<bndbox>
			<xmin>23</xmin>
			<ymin>1</ymin>
			<xmax>139</xmax>
			<ymax>90</ymax>
		</bndbox>
	</object>
	<object>
		<name>Headline</name>
		<pose>Unspecified</pose>
		<truncated>0</truncated>
		<difficult>0</difficult>
		<bndbox>
			<xmin>137</xmin>
			<ymin>20</ymin>
			<xmax>710</xmax>
			<ymax>55</ymax>
		</bndbox>
	</object>
</annotation>
