<annotation>
	<folder>JPG_Chang</folder>
	<filename>00b4e5c1551b0280220a0975d0a74b8f.jpg</filename>
	<path>/Users/cliu/Data/JPG_Chang/00b4e5c1551b0280220a0975d0a74b8f.jpg</path>
	<source>
		<database>Unknown</database>
	</source>
	<size>
		<width>0</width>
		<height>0</height>
		<depth>3</depth>
	</size>
	<segmented>0</segmented>
	<object>
		<name>CallToAction</name>
		<pose>Unspecified</pose>
		<truncated>0</truncated>
		<difficult>0</difficult>
		<bndbox>
			<xmin>65</xmin>
			<ymin>193</ymin>
			<xmax>234</xmax>
			<ymax>233</ymax>
		</bndbox>
	</object>
	<object>
		<name>Headline</name>
		<pose>Unspecified</pose>
		<truncated>0</truncated>
		<difficult>0</difficult>
		<bndbox>
			<xmin>57</xmin>
			<ymin>118</ymin>
			<xmax>243</xmax>
			<ymax>180</ymax>
		</bndbox>
	</object>
	<object>
		<name>Logo</name>
		<pose>Unspecified</pose>
		<truncated>0</truncated>
		<difficult>0</difficult>
		<bndbox>
			<xmin>37</xmin>
			<ymin>25</ymin>
			<xmax>265</xmax>
			<ymax>77</ymax>
		</bndbox>
	</object>
</annotation>
