<annotation>
	<folder>JPG_Chang</folder>
	<filename>00b548f00d77ab238a7d5e033ea906ad.jpg</filename>
	<path>/Users/cliu/Data/JPG_Chang/00b548f00d77ab238a7d5e033ea906ad.jpg</path>
	<source>
		<database>Unknown</database>
	</source>
	<size>
		<width>300</width>
		<height>250</height>
		<depth>3</depth>
	</size>
	<segmented>0</segmented>
	<object>
		<name>CallToAction</name>
		<pose>Unspecified</pose>
		<truncated>0</truncated>
		<difficult>0</difficult>
		<bndbox>
			<xmin>59</xmin>
			<ymin>209</ymin>
			<xmax>244</xmax>
			<ymax>248</ymax>
		</bndbox>
	</object>
	<object>
		<name>HeroImage</name>
		<pose>Unspecified</pose>
		<truncated>0</truncated>
		<difficult>0</difficult>
		<bndbox>
			<xmin>7</xmin>
			<ymin>66</ymin>
			<xmax>290</xmax>
			<ymax>207</ymax>
		</bndbox>
	</object>
	<object>
		<name>Logo</name>
		<pose>Unspecified</pose>
		<truncated>0</truncated>
		<difficult>0</difficult>
		<bndbox>
			<xmin>81</xmin>
			<ymin>5</ymin>
			<xmax>212</xmax>
			<ymax>44</ymax>
		</bndbox>
	</object>
	<object>
		<name>Headline</name>
		<pose>Unspecified</pose>
		<truncated>0</truncated>
		<difficult>0</difficult>
		<bndbox>
			<xmin>29</xmin>
			<ymin>48</ymin>
			<xmax>281</xmax>
			<ymax>65</ymax>
		</bndbox>
	</object>
</annotation>
