<annotation>
	<folder>JPG_Chang</folder>
	<filename>00bbe8102d8f79833b7f0dbd63cec3b1.jpg</filename>
	<path>/Users/cliu/Data/JPG_Chang/00bbe8102d8f79833b7f0dbd63cec3b1.jpg</path>
	<source>
		<database>Unknown</database>
	</source>
	<size>
		<width>728</width>
		<height>90</height>
		<depth>3</depth>
	</size>
	<segmented>0</segmented>
	<object>
		<name>CallToAction</name>
		<pose>Unspecified</pose>
		<truncated>0</truncated>
		<difficult>0</difficult>
		<bndbox>
			<xmin>16</xmin>
			<ymin>52</ymin>
			<xmax>143</xmax>
			<ymax>88</ymax>
		</bndbox>
	</object>
	<object>
		<name>HeroImage</name>
		<pose>Unspecified</pose>
		<truncated>1</truncated>
		<difficult>0</difficult>
		<bndbox>
			<xmin>584</xmin>
			<ymin>3</ymin>
			<xmax>721</xmax>
			<ymax>90</ymax>
		</bndbox>
	</object>
	<object>
		<name>Logo</name>
		<pose>Unspecified</pose>
		<truncated>0</truncated>
		<difficult>0</difficult>
		<bndbox>
			<xmin>461</xmin>
			<ymin>15</ymin>
			<xmax>567</xmax>
			<ymax>43</ymax>
		</bndbox>
	</object>
	<object>
		<name>Logo</name>
		<pose>Unspecified</pose>
		<truncated>0</truncated>
		<difficult>0</difficult>
		<bndbox>
			<xmin>477</xmin>
			<ymin>48</ymin>
			<xmax>563</xmax>
			<ymax>82</ymax>
		</bndbox>
	</object>
	<object>
		<name>Headline</name>
		<pose>Unspecified</pose>
		<truncated>0</truncated>
		<difficult>0</difficult>
		<bndbox>
			<xmin>15</xmin>
			<ymin>10</ymin>
			<xmax>352</xmax>
			<ymax>50</ymax>
		</bndbox>
	</object>
</annotation>
