<annotation>
	<folder>JPG_Chang</folder>
	<filename>00bc17d2e9113b3839ad418d38340332.jpg</filename>
	<path>/Users/cliu/Data/JPG_Chang/00bc17d2e9113b3839ad418d38340332.jpg</path>
	<source>
		<database>Unknown</database>
	</source>
	<size>
		<width>300</width>
		<height>250</height>
		<depth>3</depth>
	</size>
	<segmented>0</segmented>
	<object>
		<name>CallToAction</name>
		<pose>Unspecified</pose>
		<truncated>0</truncated>
		<difficult>0</difficult>
		<bndbox>
			<xmin>121</xmin>
			<ymin>201</ymin>
			<xmax>287</xmax>
			<ymax>237</ymax>
		</bndbox>
	</object>
	<object>
		<name>Headline</name>
		<pose>Unspecified</pose>
		<truncated>0</truncated>
		<difficult>0</difficult>
		<bndbox>
			<xmin>10</xmin>
			<ymin>77</ymin>
			<xmax>239</xmax>
			<ymax>175</ymax>
		</bndbox>
	</object>
	<object>
		<name>Logo</name>
		<pose>Unspecified</pose>
		<truncated>0</truncated>
		<difficult>0</difficult>
		<bndbox>
			<xmin>11</xmin>
			<ymin>10</ymin>
			<xmax>177</xmax>
			<ymax>49</ymax>
		</bndbox>
	</object>
</annotation>
