<annotation>
	<folder>JPG_Chang</folder>
	<filename>00c0a0d287fe759a9544c2bcf0938b24.jpg</filename>
	<path>/Users/cliu/Data/JPG_Chang/00c0a0d287fe759a9544c2bcf0938b24.jpg</path>
	<source>
		<database>Unknown</database>
	</source>
	<size>
		<width>300</width>
		<height>250</height>
		<depth>3</depth>
	</size>
	<segmented>0</segmented>
	<object>
		<name>Logo</name>
		<pose>Unspecified</pose>
		<truncated>0</truncated>
		<difficult>0</difficult>
		<bndbox>
			<xmin>17</xmin>
			<ymin>11</ymin>
			<xmax>160</xmax>
			<ymax>79</ymax>
		</bndbox>
	</object>
	<object>
		<name>Headline</name>
		<pose>Unspecified</pose>
		<truncated>0</truncated>
		<difficult>0</difficult>
		<bndbox>
			<xmin>22</xmin>
			<ymin>108</ymin>
			<xmax>277</xmax>
			<ymax>160</ymax>
		</bndbox>
	</object>
	<object>
		<name>Headline2</name>
		<pose>Unspecified</pose>
		<truncated>0</truncated>
		<difficult>0</difficult>
		<bndbox>
			<xmin>21</xmin>
			<ymin>165</ymin>
			<xmax>259</xmax>
			<ymax>206</ymax>
		</bndbox>
	</object>
</annotation>
