<annotation>
	<folder>JPG_Chang</folder>
	<filename>00c34010e2cb55ec3820534c105110a1.jpg</filename>
	<path>/Users/cliu/Data/JPG_Chang/00c34010e2cb55ec3820534c105110a1.jpg</path>
	<source>
		<database>Unknown</database>
	</source>
	<size>
		<width>300</width>
		<height>250</height>
		<depth>3</depth>
	</size>
	<segmented>0</segmented>
	<object>
		<name>Logo</name>
		<pose>Unspecified</pose>
		<truncated>0</truncated>
		<difficult>0</difficult>
		<bndbox>
			<xmin>14</xmin>
			<ymin>9</ymin>
			<xmax>163</xmax>
			<ymax>46</ymax>
		</bndbox>
	</object>
	<object>
		<name>Offer</name>
		<pose>Unspecified</pose>
		<truncated>0</truncated>
		<difficult>0</difficult>
		<bndbox>
			<xmin>21</xmin>
			<ymin>167</ymin>
			<xmax>194</xmax>
			<ymax>228</ymax>
		</bndbox>
	</object>
	<object>
		<name>Headline</name>
		<pose>Unspecified</pose>
		<truncated>0</truncated>
		<difficult>0</difficult>
		<bndbox>
			<xmin>23</xmin>
			<ymin>53</ymin>
			<xmax>284</xmax>
			<ymax>122</ymax>
		</bndbox>
	</object>
</annotation>
