<annotation>
	<folder>JPG_Chang</folder>
	<filename>00c339ccd31fc14b75d5c08dd17e47a7.jpg</filename>
	<path>/Users/cliu/Data/JPG_Chang/00c339ccd31fc14b75d5c08dd17e47a7.jpg</path>
	<source>
		<database>Unknown</database>
	</source>
	<size>
		<width>160</width>
		<height>600</height>
		<depth>1</depth>
	</size>
	<segmented>0</segmented>
	<object>
		<name>Logo</name>
		<pose>Unspecified</pose>
		<truncated>0</truncated>
		<difficult>0</difficult>
		<bndbox>
			<xmin>14</xmin>
			<ymin>245</ymin>
			<xmax>151</xmax>
			<ymax>302</ymax>
		</bndbox>
	</object>
	<object>
		<name>CallToAction</name>
		<pose>Unspecified</pose>
		<truncated>1</truncated>
		<difficult>0</difficult>
		<bndbox>
			<xmin>4</xmin>
			<ymin>320</ymin>
			<xmax>160</xmax>
			<ymax>362</ymax>
		</bndbox>
	</object>
</annotation>
