<annotation>
	<folder>JPG_Chang</folder>
	<filename>00c641f687b1f156e7ef9fe19c439ed4.jpg</filename>
	<path>/Users/cliu/Data/JPG_Chang/00c641f687b1f156e7ef9fe19c439ed4.jpg</path>
	<source>
		<database>Unknown</database>
	</source>
	<size>
		<width>160</width>
		<height>600</height>
		<depth>3</depth>
	</size>
	<segmented>0</segmented>
	<object>
		<name>CallToAction</name>
		<pose>Unspecified</pose>
		<truncated>0</truncated>
		<difficult>0</difficult>
		<bndbox>
			<xmin>21</xmin>
			<ymin>301</ymin>
			<xmax>138</xmax>
			<ymax>336</ymax>
		</bndbox>
	</object>
	<object>
		<name>HeroImage</name>
		<pose>Unspecified</pose>
		<truncated>1</truncated>
		<difficult>0</difficult>
		<bndbox>
			<xmin>3</xmin>
			<ymin>347</ymin>
			<xmax>159</xmax>
			<ymax>600</ymax>
		</bndbox>
	</object>
	<object>
		<name>HeroImage</name>
		<pose>Unspecified</pose>
		<truncated>0</truncated>
		<difficult>0</difficult>
		<bndbox>
			<xmin>34</xmin>
			<ymin>127</ymin>
			<xmax>128</xmax>
			<ymax>284</ymax>
		</bndbox>
	</object>
	<object>
		<name>HeroImage2</name>
		<pose>Unspecified</pose>
		<truncated>1</truncated>
		<difficult>0</difficult>
		<bndbox>
			<xmin>1</xmin>
			<ymin>1</ymin>
			<xmax>160</xmax>
			<ymax>125</ymax>
		</bndbox>
	</object>
</annotation>
