<annotation>
	<folder>JPG_Chang</folder>
	<filename>00ca76521265851c2cb2ae1c92761cc7.jpg</filename>
	<path>/Users/cliu/Data/JPG_Chang/00ca76521265851c2cb2ae1c92761cc7.jpg</path>
	<source>
		<database>Unknown</database>
	</source>
	<size>
		<width>300</width>
		<height>250</height>
		<depth>3</depth>
	</size>
	<segmented>0</segmented>
	<object>
		<name>Headline</name>
		<pose>Unspecified</pose>
		<truncated>0</truncated>
		<difficult>0</difficult>
		<bndbox>
			<xmin>17</xmin>
			<ymin>47</ymin>
			<xmax>260</xmax>
			<ymax>145</ymax>
		</bndbox>
	</object>
	<object>
		<name>Offer</name>
		<pose>Unspecified</pose>
		<truncated>0</truncated>
		<difficult>0</difficult>
		<bndbox>
			<xmin>18</xmin>
			<ymin>152</ymin>
			<xmax>218</xmax>
			<ymax>169</ymax>
		</bndbox>
	</object>
	<object>
		<name>CallToAction</name>
		<pose>Unspecified</pose>
		<truncated>0</truncated>
		<difficult>0</difficult>
		<bndbox>
			<xmin>17</xmin>
			<ymin>175</ymin>
			<xmax>157</xmax>
			<ymax>211</ymax>
		</bndbox>
	</object>
	<object>
		<name>Logo</name>
		<pose>Unspecified</pose>
		<truncated>0</truncated>
		<difficult>0</difficult>
		<bndbox>
			<xmin>181</xmin>
			<ymin>183</ymin>
			<xmax>263</xmax>
			<ymax>204</ymax>
		</bndbox>
	</object>
</annotation>
