<annotation>
	<folder>JPG_Chang</folder>
	<filename>00d31ef234b7a11268eb844b6aba5372.jpg</filename>
	<path>/Users/cliu/Data/JPG_Chang/00d31ef234b7a11268eb844b6aba5372.jpg</path>
	<source>
		<database>Unknown</database>
	</source>
	<size>
		<width>300</width>
		<height>250</height>
		<depth>3</depth>
	</size>
	<segmented>0</segmented>
	<object>
		<name>CallToAction</name>
		<pose>Unspecified</pose>
		<truncated>0</truncated>
		<difficult>0</difficult>
		<bndbox>
			<xmin>215</xmin>
			<ymin>160</ymin>
			<xmax>292</xmax>
			<ymax>188</ymax>
		</bndbox>
	</object>
	<object>
		<name>Logo</name>
		<pose>Unspecified</pose>
		<truncated>0</truncated>
		<difficult>0</difficult>
		<bndbox>
			<xmin>177</xmin>
			<ymin>213</ymin>
			<xmax>278</xmax>
			<ymax>239</ymax>
		</bndbox>
	</object>
	<object>
		<name>CallToAction</name>
		<pose>Unspecified</pose>
		<truncated>0</truncated>
		<difficult>0</difficult>
		<bndbox>
			<xmin>3</xmin>
			<ymin>53</ymin>
			<xmax>296</xmax>
			<ymax>155</ymax>
		</bndbox>
	</object>
	<object>
		<name>Offer</name>
		<pose>Unspecified</pose>
		<truncated>0</truncated>
		<difficult>0</difficult>
		<bndbox>
			<xmin>11</xmin>
			<ymin>35</ymin>
			<xmax>76</xmax>
			<ymax>50</ymax>
		</bndbox>
	</object>
	<object>
		<name>Logo</name>
		<pose>Unspecified</pose>
		<truncated>0</truncated>
		<difficult>0</difficult>
		<bndbox>
			<xmin>216</xmin>
			<ymin>18</ymin>
			<xmax>294</xmax>
			<ymax>50</ymax>
		</bndbox>
	</object>
</annotation>
