<annotation>
	<folder>JPG_Chang</folder>
	<filename>00d851293a66709186fa20efc2ee7cf6.jpg</filename>
	<path>/Users/cliu/Data/JPG_Chang/00d851293a66709186fa20efc2ee7cf6.jpg</path>
	<source>
		<database>Unknown</database>
	</source>
	<size>
		<width>728</width>
		<height>90</height>
		<depth>3</depth>
	</size>
	<segmented>0</segmented>
	<object>
		<name>CallToAction</name>
		<pose>Unspecified</pose>
		<truncated>0</truncated>
		<difficult>0</difficult>
		<bndbox>
			<xmin>600</xmin>
			<ymin>22</ymin>
			<xmax>688</xmax>
			<ymax>67</ymax>
		</bndbox>
	</object>
	<object>
		<name>Logo</name>
		<pose>Unspecified</pose>
		<truncated>0</truncated>
		<difficult>0</difficult>
		<bndbox>
			<xmin>690</xmin>
			<ymin>38</ymin>
			<xmax>724</xmax>
			<ymax>85</ymax>
		</bndbox>
	</object>
	<object>
		<name>Headline</name>
		<pose>Unspecified</pose>
		<truncated>0</truncated>
		<difficult>0</difficult>
		<bndbox>
			<xmin>18</xmin>
			<ymin>20</ymin>
			<xmax>593</xmax>
			<ymax>65</ymax>
		</bndbox>
	</object>
</annotation>
