<annotation>
	<folder>JPG_Chang</folder>
	<filename>00da0a7675f1bf01ae7a6bcc46e175f1.jpg</filename>
	<path>/Users/cliu/Data/JPG_Chang/00da0a7675f1bf01ae7a6bcc46e175f1.jpg</path>
	<source>
		<database>Unknown</database>
	</source>
	<size>
		<width>300</width>
		<height>250</height>
		<depth>3</depth>
	</size>
	<segmented>0</segmented>
	<object>
		<name>CallToAction</name>
		<pose>Unspecified</pose>
		<truncated>0</truncated>
		<difficult>0</difficult>
		<bndbox>
			<xmin>44</xmin>
			<ymin>157</ymin>
			<xmax>254</xmax>
			<ymax>204</ymax>
		</bndbox>
	</object>
	<object>
		<name>Logo</name>
		<pose>Unspecified</pose>
		<truncated>0</truncated>
		<difficult>0</difficult>
		<bndbox>
			<xmin>21</xmin>
			<ymin>57</ymin>
			<xmax>97</xmax>
			<ymax>133</ymax>
		</bndbox>
	</object>
	<object>
		<name>Headline</name>
		<pose>Unspecified</pose>
		<truncated>0</truncated>
		<difficult>0</difficult>
		<bndbox>
			<xmin>102</xmin>
			<ymin>61</ymin>
			<xmax>288</xmax>
			<ymax>127</ymax>
		</bndbox>
	</object>
</annotation>
