<annotation>
	<folder>JPG_Chang</folder>
	<filename>00de53a5408382049f1f2f9482e6eb5d.jpg</filename>
	<path>/Users/cliu/Data/JPG_Chang/00de53a5408382049f1f2f9482e6eb5d.jpg</path>
	<source>
		<database>Unknown</database>
	</source>
	<size>
		<width>728</width>
		<height>90</height>
		<depth>3</depth>
	</size>
	<segmented>0</segmented>
	<object>
		<name>Logo</name>
		<pose>Unspecified</pose>
		<truncated>0</truncated>
		<difficult>0</difficult>
		<bndbox>
			<xmin>607</xmin>
			<ymin>26</ymin>
			<xmax>720</xmax>
			<ymax>85</ymax>
		</bndbox>
	</object>
	<object>
		<name>Headline</name>
		<pose>Unspecified</pose>
		<truncated>0</truncated>
		<difficult>0</difficult>
		<bndbox>
			<xmin>21</xmin>
			<ymin>33</ymin>
			<xmax>466</xmax>
			<ymax>82</ymax>
		</bndbox>
	</object>
	<object>
		<name>CallToAction</name>
		<pose>Unspecified</pose>
		<truncated>0</truncated>
		<difficult>0</difficult>
		<bndbox>
			<xmin>23</xmin>
			<ymin>6</ymin>
			<xmax>217</xmax>
			<ymax>32</ymax>
		</bndbox>
	</object>
</annotation>
