<annotation>
	<folder>JPG_Chang</folder>
	<filename>00e241256eff1ca0ddc95afac56bc264.jpg</filename>
	<path>/Users/cliu/Data/JPG_Chang/00e241256eff1ca0ddc95afac56bc264.jpg</path>
	<source>
		<database>Unknown</database>
	</source>
	<size>
		<width>160</width>
		<height>600</height>
		<depth>3</depth>
	</size>
	<segmented>0</segmented>
	<object>
		<name>CallToAction</name>
		<pose>Unspecified</pose>
		<truncated>0</truncated>
		<difficult>0</difficult>
		<bndbox>
			<xmin>7</xmin>
			<ymin>411</ymin>
			<xmax>153</xmax>
			<ymax>457</ymax>
		</bndbox>
	</object>
	<object>
		<name>HeroImage</name>
		<pose>Unspecified</pose>
		<truncated>0</truncated>
		<difficult>0</difficult>
		<bndbox>
			<xmin>12</xmin>
			<ymin>62</ymin>
			<xmax>148</xmax>
			<ymax>246</ymax>
		</bndbox>
	</object>
	<object>
		<name>Headline</name>
		<pose>Unspecified</pose>
		<truncated>0</truncated>
		<difficult>0</difficult>
		<bndbox>
			<xmin>24</xmin>
			<ymin>256</ymin>
			<xmax>130</xmax>
			<ymax>395</ymax>
		</bndbox>
	</object>
	<object>
		<name>Logo</name>
		<pose>Unspecified</pose>
		<truncated>0</truncated>
		<difficult>0</difficult>
		<bndbox>
			<xmin>11</xmin>
			<ymin>534</ymin>
			<xmax>147</xmax>
			<ymax>585</ymax>
		</bndbox>
	</object>
</annotation>
