<annotation>
	<folder>JPG_Chang</folder>
	<filename>00ec6d1774e84db0b6e1f4d824388524.jpg</filename>
	<path>/Users/cliu/Data/JPG_Chang/00ec6d1774e84db0b6e1f4d824388524.jpg</path>
	<source>
		<database>Unknown</database>
	</source>
	<size>
		<width>728</width>
		<height>90</height>
		<depth>3</depth>
	</size>
	<segmented>0</segmented>
	<object>
		<name>HeroImage</name>
		<pose>Unspecified</pose>
		<truncated>0</truncated>
		<difficult>0</difficult>
		<bndbox>
			<xmin>7</xmin>
			<ymin>8</ymin>
			<xmax>153</xmax>
			<ymax>81</ymax>
		</bndbox>
	</object>
	<object>
		<name>HeroImage2</name>
		<pose>Unspecified</pose>
		<truncated>0</truncated>
		<difficult>0</difficult>
		<bndbox>
			<xmin>575</xmin>
			<ymin>9</ymin>
			<xmax>726</xmax>
			<ymax>77</ymax>
		</bndbox>
	</object>
	<object>
		<name>CallToAction</name>
		<pose>Unspecified</pose>
		<truncated>0</truncated>
		<difficult>0</difficult>
		<bndbox>
			<xmin>158</xmin>
			<ymin>63</ymin>
			<xmax>572</xmax>
			<ymax>89</ymax>
		</bndbox>
	</object>
	<object>
		<name>Headline</name>
		<pose>Unspecified</pose>
		<truncated>0</truncated>
		<difficult>0</difficult>
		<bndbox>
			<xmin>163</xmin>
			<ymin>19</ymin>
			<xmax>570</xmax>
			<ymax>63</ymax>
		</bndbox>
	</object>
</annotation>
