<annotation>
	<folder>JPG_Chang</folder>
	<filename>00f060ded3077d3e268f5af67245e148.jpg</filename>
	<path>/Users/cliu/Data/JPG_Chang/00f060ded3077d3e268f5af67245e148.jpg</path>
	<source>
		<database>Unknown</database>
	</source>
	<size>
		<width>300</width>
		<height>250</height>
		<depth>3</depth>
	</size>
	<segmented>0</segmented>
	<object>
		<name>CallToAction</name>
		<pose>Unspecified</pose>
		<truncated>0</truncated>
		<difficult>0</difficult>
		<bndbox>
			<xmin>9</xmin>
			<ymin>195</ymin>
			<xmax>120</xmax>
			<ymax>237</ymax>
		</bndbox>
	</object>
	<object>
		<name>Headline</name>
		<pose>Unspecified</pose>
		<truncated>0</truncated>
		<difficult>0</difficult>
		<bndbox>
			<xmin>10</xmin>
			<ymin>68</ymin>
			<xmax>179</xmax>
			<ymax>174</ymax>
		</bndbox>
	</object>
	<object>
		<name>HeroImage</name>
		<pose>Unspecified</pose>
		<truncated>1</truncated>
		<difficult>0</difficult>
		<bndbox>
			<xmin>181</xmin>
			<ymin>5</ymin>
			<xmax>300</xmax>
			<ymax>242</ymax>
		</bndbox>
	</object>
	<object>
		<name>Logo</name>
		<pose>Unspecified</pose>
		<truncated>0</truncated>
		<difficult>0</difficult>
		<bndbox>
			<xmin>9</xmin>
			<ymin>9</ymin>
			<xmax>80</xmax>
			<ymax>43</ymax>
		</bndbox>
	</object>
</annotation>
