<annotation>
	<folder>JPG_Chang</folder>
	<filename>00fc7507bb8a9dcdb4fef19858c4140c.jpg</filename>
	<path>/Users/cliu/Data/JPG_Chang/00fc7507bb8a9dcdb4fef19858c4140c.jpg</path>
	<source>
		<database>Unknown</database>
	</source>
	<size>
		<width>160</width>
		<height>600</height>
		<depth>3</depth>
	</size>
	<segmented>0</segmented>
	<object>
		<name>CallToAction</name>
		<pose>Unspecified</pose>
		<truncated>0</truncated>
		<difficult>0</difficult>
		<bndbox>
			<xmin>13</xmin>
			<ymin>549</ymin>
			<xmax>141</xmax>
			<ymax>584</ymax>
		</bndbox>
	</object>
	<object>
		<name>Headline2</name>
		<pose>Unspecified</pose>
		<truncated>0</truncated>
		<difficult>0</difficult>
		<bndbox>
			<xmin>10</xmin>
			<ymin>447</ymin>
			<xmax>150</xmax>
			<ymax>529</ymax>
		</bndbox>
	</object>
	<object>
		<name>HeroImage</name>
		<pose>Unspecified</pose>
		<truncated>1</truncated>
		<difficult>0</difficult>
		<bndbox>
			<xmin>9</xmin>
			<ymin>154</ymin>
			<xmax>160</xmax>
			<ymax>436</ymax>
		</bndbox>
	</object>
	<object>
		<name>Headline</name>
		<pose>Unspecified</pose>
		<truncated>0</truncated>
		<difficult>0</difficult>
		<bndbox>
			<xmin>14</xmin>
			<ymin>25</ymin>
			<xmax>149</xmax>
			<ymax>105</ymax>
		</bndbox>
	</object>
</annotation>
