<annotation>
	<folder>JPG_Chang</folder>
	<filename>00fe59ba0ba328ec2ae39a4ee66d9812.jpg</filename>
	<path>/Users/cliu/Data/JPG_Chang/00fe59ba0ba328ec2ae39a4ee66d9812.jpg</path>
	<source>
		<database>Unknown</database>
	</source>
	<size>
		<width>160</width>
		<height>600</height>
		<depth>3</depth>
	</size>
	<segmented>0</segmented>
	<object>
		<name>Logo</name>
		<pose>Unspecified</pose>
		<truncated>0</truncated>
		<difficult>0</difficult>
		<bndbox>
			<xmin>30</xmin>
			<ymin>466</ymin>
			<xmax>140</xmax>
			<ymax>501</ymax>
		</bndbox>
	</object>
	<object>
		<name>Logo2</name>
		<pose>Unspecified</pose>
		<truncated>0</truncated>
		<difficult>0</difficult>
		<bndbox>
			<xmin>29</xmin>
			<ymin>512</ymin>
			<xmax>140</xmax>
			<ymax>545</ymax>
		</bndbox>
	</object>
	<object>
		<name>Headline</name>
		<pose>Unspecified</pose>
		<truncated>0</truncated>
		<difficult>0</difficult>
		<bndbox>
			<xmin>6</xmin>
			<ymin>167</ymin>
			<xmax>157</xmax>
			<ymax>311</ymax>
		</bndbox>
	</object>
	<object>
		<name>Headline2</name>
		<pose>Unspecified</pose>
		<truncated>0</truncated>
		<difficult>0</difficult>
		<bndbox>
			<xmin>28</xmin>
			<ymin>319</ymin>
			<xmax>134</xmax>
			<ymax>351</ymax>
		</bndbox>
	</object>
</annotation>
