<annotation>
	<folder>JPG_Chang</folder>
	<filename>0a08f88ce721d02fbd671b784f8c1602.jpg</filename>
	<path>/Users/cliu/Data/JPG_Chang/0a08f88ce721d02fbd671b784f8c1602.jpg</path>
	<source>
		<database>Unknown</database>
	</source>
	<size>
		<width>160</width>
		<height>600</height>
		<depth>3</depth>
	</size>
	<segmented>0</segmented>
	<object>
		<name>Offer</name>
		<pose>Unspecified</pose>
		<truncated>0</truncated>
		<difficult>0</difficult>
		<bndbox>
			<xmin>9</xmin>
			<ymin>45</ymin>
			<xmax>145</xmax>
			<ymax>100</ymax>
		</bndbox>
	</object>
	<object>
		<name>HeroImage</name>
		<pose>Unspecified</pose>
		<truncated>0</truncated>
		<difficult>0</difficult>
		<bndbox>
			<xmin>12</xmin>
			<ymin>114</ymin>
			<xmax>153</xmax>
			<ymax>425</ymax>
		</bndbox>
	</object>
	<object>
		<name>Logo</name>
		<pose>Unspecified</pose>
		<truncated>0</truncated>
		<difficult>0</difficult>
		<bndbox>
			<xmin>6</xmin>
			<ymin>478</ymin>
			<xmax>155</xmax>
			<ymax>528</ymax>
		</bndbox>
	</object>
	<object>
		<name>CallToAction</name>
		<pose>Unspecified</pose>
		<truncated>0</truncated>
		<difficult>0</difficult>
		<bndbox>
			<xmin>5</xmin>
			<ymin>532</ymin>
			<xmax>155</xmax>
			<ymax>588</ymax>
		</bndbox>
	</object>
</annotation>
