<annotation>
	<folder>JPG_Chang</folder>
	<filename>0a0b505e0d3a22f1f0d7deba5590d2b0.jpg</filename>
	<path>/Users/cliu/Data/JPG_Chang/0a0b505e0d3a22f1f0d7deba5590d2b0.jpg</path>
	<source>
		<database>Unknown</database>
	</source>
	<size>
		<width>160</width>
		<height>600</height>
		<depth>3</depth>
	</size>
	<segmented>0</segmented>
	<object>
		<name>Headline</name>
		<pose>Unspecified</pose>
		<truncated>1</truncated>
		<difficult>0</difficult>
		<bndbox>
			<xmin>5</xmin>
			<ymin>284</ymin>
			<xmax>160</xmax>
			<ymax>398</ymax>
		</bndbox>
	</object>
	<object>
		<name>HeroImage</name>
		<pose>Unspecified</pose>
		<truncated>1</truncated>
		<difficult>0</difficult>
		<bndbox>
			<xmin>3</xmin>
			<ymin>2</ymin>
			<xmax>160</xmax>
			<ymax>278</ymax>
		</bndbox>
	</object>
	<object>
		<name>Headline2</name>
		<pose>Unspecified</pose>
		<truncated>0</truncated>
		<difficult>0</difficult>
		<bndbox>
			<xmin>2</xmin>
			<ymin>444</ymin>
			<xmax>155</xmax>
			<ymax>528</ymax>
		</bndbox>
	</object>
	<object>
		<name>Offer</name>
		<pose>Unspecified</pose>
		<truncated>0</truncated>
		<difficult>0</difficult>
		<bndbox>
			<xmin>3</xmin>
			<ymin>531</ymin>
			<xmax>157</xmax>
			<ymax>571</ymax>
		</bndbox>
	</object>
</annotation>
