<annotation>
	<folder>JPG_Chang</folder>
	<filename>0a0d460736a30ac3dead296bfffb703f.jpg</filename>
	<path>/Users/cliu/Data/JPG_Chang/0a0d460736a30ac3dead296bfffb703f.jpg</path>
	<source>
		<database>Unknown</database>
	</source>
	<size>
		<width>300</width>
		<height>250</height>
		<depth>3</depth>
	</size>
	<segmented>0</segmented>
	<object>
		<name>CallToAction</name>
		<pose>Unspecified</pose>
		<truncated>0</truncated>
		<difficult>0</difficult>
		<bndbox>
			<xmin>77</xmin>
			<ymin>168</ymin>
			<xmax>222</xmax>
			<ymax>199</ymax>
		</bndbox>
	</object>
	<object>
		<name>Headline</name>
		<pose>Unspecified</pose>
		<truncated>0</truncated>
		<difficult>0</difficult>
		<bndbox>
			<xmin>24</xmin>
			<ymin>65</ymin>
			<xmax>276</xmax>
			<ymax>140</ymax>
		</bndbox>
	</object>
	<object>
		<name>Logo</name>
		<pose>Unspecified</pose>
		<truncated>0</truncated>
		<difficult>0</difficult>
		<bndbox>
			<xmin>62</xmin>
			<ymin>20</ymin>
			<xmax>241</xmax>
			<ymax>54</ymax>
		</bndbox>
	</object>
</annotation>
