<annotation>
	<folder>JPG_Chang</folder>
	<filename>0a126b00d08f621d99afa81e5b2db413.jpg</filename>
	<path>/Users/cliu/Data/JPG_Chang/0a126b00d08f621d99afa81e5b2db413.jpg</path>
	<source>
		<database>Unknown</database>
	</source>
	<size>
		<width>300</width>
		<height>250</height>
		<depth>3</depth>
	</size>
	<segmented>0</segmented>
	<object>
		<name>Logo</name>
		<pose>Unspecified</pose>
		<truncated>0</truncated>
		<difficult>0</difficult>
		<bndbox>
			<xmin>59</xmin>
			<ymin>5</ymin>
			<xmax>242</xmax>
			<ymax>73</ymax>
		</bndbox>
	</object>
	<object>
		<name>Headline</name>
		<pose>Unspecified</pose>
		<truncated>0</truncated>
		<difficult>0</difficult>
		<bndbox>
			<xmin>10</xmin>
			<ymin>83</ymin>
			<xmax>291</xmax>
			<ymax>143</ymax>
		</bndbox>
	</object>
	<object>
		<name>CallToAction</name>
		<pose>Unspecified</pose>
		<truncated>0</truncated>
		<difficult>0</difficult>
		<bndbox>
			<xmin>55</xmin>
			<ymin>147</ymin>
			<xmax>237</xmax>
			<ymax>181</ymax>
		</bndbox>
	</object>
	<object>
		<name>HeroImage</name>
		<pose>Unspecified</pose>
		<truncated>0</truncated>
		<difficult>0</difficult>
		<bndbox>
			<xmin>22</xmin>
			<ymin>183</ymin>
			<xmax>177</xmax>
			<ymax>242</ymax>
		</bndbox>
	</object>
</annotation>
