<annotation>
	<folder>JPG_Chang</folder>
	<filename>0a1503bc5f33d254e37628b987f7a5a6.jpg</filename>
	<path>/Users/cliu/Data/JPG_Chang/0a1503bc5f33d254e37628b987f7a5a6.jpg</path>
	<source>
		<database>Unknown</database>
	</source>
	<size>
		<width>300</width>
		<height>250</height>
		<depth>3</depth>
	</size>
	<segmented>0</segmented>
	<object>
		<name>CallToAction</name>
		<pose>Unspecified</pose>
		<truncated>0</truncated>
		<difficult>0</difficult>
		<bndbox>
			<xmin>49</xmin>
			<ymin>185</ymin>
			<xmax>248</xmax>
			<ymax>237</ymax>
		</bndbox>
	</object>
	<object>
		<name>Logo</name>
		<pose>Unspecified</pose>
		<truncated>0</truncated>
		<difficult>0</difficult>
		<bndbox>
			<xmin>89</xmin>
			<ymin>8</ymin>
			<xmax>213</xmax>
			<ymax>39</ymax>
		</bndbox>
	</object>
	<object>
		<name>Headline</name>
		<pose>Unspecified</pose>
		<truncated>0</truncated>
		<difficult>0</difficult>
		<bndbox>
			<xmin>6</xmin>
			<ymin>61</ymin>
			<xmax>295</xmax>
			<ymax>119</ymax>
		</bndbox>
	</object>
</annotation>
