<annotation>
	<folder>JPG_Chang</folder>
	<filename>0a16e44382f95a4d40c7dfc864f35933.jpg</filename>
	<path>/Users/cliu/Data/JPG_Chang/0a16e44382f95a4d40c7dfc864f35933.jpg</path>
	<source>
		<database>Unknown</database>
	</source>
	<size>
		<width>300</width>
		<height>250</height>
		<depth>3</depth>
	</size>
	<segmented>0</segmented>
	<object>
		<name>CallToAction</name>
		<pose>Unspecified</pose>
		<truncated>0</truncated>
		<difficult>0</difficult>
		<bndbox>
			<xmin>13</xmin>
			<ymin>192</ymin>
			<xmax>106</xmax>
			<ymax>221</ymax>
		</bndbox>
	</object>
	<object>
		<name>Disclaimer</name>
		<pose>Unspecified</pose>
		<truncated>0</truncated>
		<difficult>0</difficult>
		<bndbox>
			<xmin>36</xmin>
			<ymin>225</ymin>
			<xmax>86</xmax>
			<ymax>235</ymax>
		</bndbox>
	</object>
	<object>
		<name>Headline</name>
		<pose>Unspecified</pose>
		<truncated>0</truncated>
		<difficult>0</difficult>
		<bndbox>
			<xmin>9</xmin>
			<ymin>26</ymin>
			<xmax>176</xmax>
			<ymax>97</ymax>
		</bndbox>
	</object>
	<object>
		<name>Offer</name>
		<pose>Unspecified</pose>
		<truncated>0</truncated>
		<difficult>0</difficult>
		<bndbox>
			<xmin>9</xmin>
			<ymin>117</ymin>
			<xmax>149</xmax>
			<ymax>152</ymax>
		</bndbox>
	</object>
	<object>
		<name>HeroImage</name>
		<pose>Unspecified</pose>
		<truncated>0</truncated>
		<difficult>0</difficult>
		<bndbox>
			<xmin>178</xmin>
			<ymin>4</ymin>
			<xmax>299</xmax>
			<ymax>202</ymax>
		</bndbox>
	</object>
	<object>
		<name>Logo</name>
		<pose>Unspecified</pose>
		<truncated>0</truncated>
		<difficult>0</difficult>
		<bndbox>
			<xmin>176</xmin>
			<ymin>211</ymin>
			<xmax>295</xmax>
			<ymax>242</ymax>
		</bndbox>
	</object>
</annotation>
