<annotation>
	<folder>JPG_Chang</folder>
	<filename>0a17d7800d5b25201f95efb8f1daf994.jpg</filename>
	<path>/Users/cliu/Data/JPG_Chang/0a17d7800d5b25201f95efb8f1daf994.jpg</path>
	<source>
		<database>Unknown</database>
	</source>
	<size>
		<width>728</width>
		<height>90</height>
		<depth>3</depth>
	</size>
	<segmented>0</segmented>
	<object>
		<name>CallToAction</name>
		<pose>Unspecified</pose>
		<truncated>0</truncated>
		<difficult>0</difficult>
		<bndbox>
			<xmin>616</xmin>
			<ymin>23</ymin>
			<xmax>721</xmax>
			<ymax>67</ymax>
		</bndbox>
	</object>
	<object>
		<name>HeroImage</name>
		<pose>Unspecified</pose>
		<truncated>1</truncated>
		<difficult>0</difficult>
		<bndbox>
			<xmin>515</xmin>
			<ymin>1</ymin>
			<xmax>605</xmax>
			<ymax>90</ymax>
		</bndbox>
	</object>
	<object>
		<name>Headline</name>
		<pose>Unspecified</pose>
		<truncated>0</truncated>
		<difficult>0</difficult>
		<bndbox>
			<xmin>20</xmin>
			<ymin>3</ymin>
			<xmax>511</xmax>
			<ymax>63</ymax>
		</bndbox>
	</object>
</annotation>
