<annotation>
	<folder>JPG_Chang</folder>
	<filename>0a1834d425793ee0936f69c6398c1827.jpg</filename>
	<path>/Users/cliu/Data/JPG_Chang/0a1834d425793ee0936f69c6398c1827.jpg</path>
	<source>
		<database>Unknown</database>
	</source>
	<size>
		<width>728</width>
		<height>90</height>
		<depth>3</depth>
	</size>
	<segmented>0</segmented>
	<object>
		<name>Logo</name>
		<pose>Unspecified</pose>
		<truncated>0</truncated>
		<difficult>0</difficult>
		<bndbox>
			<xmin>514</xmin>
			<ymin>17</ymin>
			<xmax>662</xmax>
			<ymax>52</ymax>
		</bndbox>
	</object>
	<object>
		<name>Headline</name>
		<pose>Unspecified</pose>
		<truncated>0</truncated>
		<difficult>0</difficult>
		<bndbox>
			<xmin>36</xmin>
			<ymin>8</ymin>
			<xmax>243</xmax>
			<ymax>65</ymax>
		</bndbox>
	</object>
	<object>
		<name>HeroImage</name>
		<pose>Unspecified</pose>
		<truncated>0</truncated>
		<difficult>0</difficult>
		<bndbox>
			<xmin>263</xmin>
			<ymin>3</ymin>
			<xmax>470</xmax>
			<ymax>87</ymax>
		</bndbox>
	</object>
</annotation>
