<annotation>
	<folder>JPG_Chang</folder>
	<filename>0a1843efbd2d710f9ac0c3dd9e2210be.jpg</filename>
	<path>/Users/cliu/Data/JPG_Chang/0a1843efbd2d710f9ac0c3dd9e2210be.jpg</path>
	<source>
		<database>Unknown</database>
	</source>
	<size>
		<width>728</width>
		<height>90</height>
		<depth>3</depth>
	</size>
	<segmented>0</segmented>
	<object>
		<name>HeroImage</name>
		<pose>Unspecified</pose>
		<truncated>1</truncated>
		<difficult>0</difficult>
		<bndbox>
			<xmin>45</xmin>
			<ymin>9</ymin>
			<xmax>173</xmax>
			<ymax>90</ymax>
		</bndbox>
	</object>
	<object>
		<name>CallToAction</name>
		<pose>Unspecified</pose>
		<truncated>0</truncated>
		<difficult>0</difficult>
		<bndbox>
			<xmin>547</xmin>
			<ymin>24</ymin>
			<xmax>680</xmax>
			<ymax>66</ymax>
		</bndbox>
	</object>
	<object>
		<name>Logo</name>
		<pose>Unspecified</pose>
		<truncated>0</truncated>
		<difficult>0</difficult>
		<bndbox>
			<xmin>393</xmin>
			<ymin>25</ymin>
			<xmax>469</xmax>
			<ymax>64</ymax>
		</bndbox>
	</object>
	<object>
		<name>Headline</name>
		<pose>Unspecified</pose>
		<truncated>0</truncated>
		<difficult>0</difficult>
		<bndbox>
			<xmin>203</xmin>
			<ymin>13</ymin>
			<xmax>380</xmax>
			<ymax>79</ymax>
		</bndbox>
	</object>
</annotation>
