<annotation>
	<folder>JPG_Chang</folder>
	<filename>0a1bd62f96bd1a1cb7440238d3aa0364.jpg</filename>
	<path>/Users/cliu/Data/JPG_Chang/0a1bd62f96bd1a1cb7440238d3aa0364.jpg</path>
	<source>
		<database>Unknown</database>
	</source>
	<size>
		<width>728</width>
		<height>90</height>
		<depth>3</depth>
	</size>
	<segmented>0</segmented>
	<object>
		<name>CallToAction</name>
		<pose>Unspecified</pose>
		<truncated>0</truncated>
		<difficult>0</difficult>
		<bndbox>
			<xmin>554</xmin>
			<ymin>20</ymin>
			<xmax>712</xmax>
			<ymax>67</ymax>
		</bndbox>
	</object>
	<object>
		<name>Headline</name>
		<pose>Unspecified</pose>
		<truncated>0</truncated>
		<difficult>0</difficult>
		<bndbox>
			<xmin>112</xmin>
			<ymin>45</ymin>
			<xmax>446</xmax>
			<ymax>74</ymax>
		</bndbox>
	</object>
	<object>
		<name>Logo</name>
		<pose>Unspecified</pose>
		<truncated>0</truncated>
		<difficult>0</difficult>
		<bndbox>
			<xmin>114</xmin>
			<ymin>21</ymin>
			<xmax>283</xmax>
			<ymax>42</ymax>
		</bndbox>
	</object>
</annotation>
