<annotation>
	<folder>JPG_Chang</folder>
	<filename>0a1f52ccffd132dbf1d31caa1fba131c.jpg</filename>
	<path>/Users/cliu/Data/JPG_Chang/0a1f52ccffd132dbf1d31caa1fba131c.jpg</path>
	<source>
		<database>Unknown</database>
	</source>
	<size>
		<width>300</width>
		<height>250</height>
		<depth>3</depth>
	</size>
	<segmented>0</segmented>
	<object>
		<name>Logo</name>
		<pose>Unspecified</pose>
		<truncated>0</truncated>
		<difficult>0</difficult>
		<bndbox>
			<xmin>10</xmin>
			<ymin>15</ymin>
			<xmax>132</xmax>
			<ymax>55</ymax>
		</bndbox>
	</object>
	<object>
		<name>Logo</name>
		<pose>Unspecified</pose>
		<truncated>0</truncated>
		<difficult>0</difficult>
		<bndbox>
			<xmin>135</xmin>
			<ymin>17</ymin>
			<xmax>295</xmax>
			<ymax>51</ymax>
		</bndbox>
	</object>
	<object>
		<name>HeroImage</name>
		<pose>Unspecified</pose>
		<truncated>1</truncated>
		<difficult>0</difficult>
		<bndbox>
			<xmin>3</xmin>
			<ymin>87</ymin>
			<xmax>300</xmax>
			<ymax>185</ymax>
		</bndbox>
	</object>
	<object>
		<name>CallToAction</name>
		<pose>Unspecified</pose>
		<truncated>0</truncated>
		<difficult>0</difficult>
		<bndbox>
			<xmin>40</xmin>
			<ymin>58</ymin>
			<xmax>273</xmax>
			<ymax>84</ymax>
		</bndbox>
	</object>
</annotation>
