<annotation>
	<folder>JPG_Chang</folder>
	<filename>0a2076d43d710df59a87032f1920497f.jpg</filename>
	<path>/Users/cliu/Data/JPG_Chang/0a2076d43d710df59a87032f1920497f.jpg</path>
	<source>
		<database>Unknown</database>
	</source>
	<size>
		<width>300</width>
		<height>250</height>
		<depth>3</depth>
	</size>
	<segmented>0</segmented>
	<object>
		<name>Offer</name>
		<pose>Unspecified</pose>
		<truncated>0</truncated>
		<difficult>0</difficult>
		<bndbox>
			<xmin>164</xmin>
			<ymin>40</ymin>
			<xmax>269</xmax>
			<ymax>146</ymax>
		</bndbox>
	</object>
	<object>
		<name>CallToAction</name>
		<pose>Unspecified</pose>
		<truncated>0</truncated>
		<difficult>0</difficult>
		<bndbox>
			<xmin>168</xmin>
			<ymin>152</ymin>
			<xmax>260</xmax>
			<ymax>185</ymax>
		</bndbox>
	</object>
	<object>
		<name>Logo</name>
		<pose>Unspecified</pose>
		<truncated>0</truncated>
		<difficult>0</difficult>
		<bndbox>
			<xmin>220</xmin>
			<ymin>217</ymin>
			<xmax>296</xmax>
			<ymax>246</ymax>
		</bndbox>
	</object>
	<object>
		<name>HeroImage</name>
		<pose>Unspecified</pose>
		<truncated>1</truncated>
		<difficult>0</difficult>
		<bndbox>
			<xmin>11</xmin>
			<ymin>1</ymin>
			<xmax>150</xmax>
			<ymax>247</ymax>
		</bndbox>
	</object>
</annotation>
