<annotation>
	<folder>JPG_Chang</folder>
	<filename>0a24063c9d81b75663030e4930d5baf2.jpg</filename>
	<path>/Users/cliu/Data/JPG_Chang/0a24063c9d81b75663030e4930d5baf2.jpg</path>
	<source>
		<database>Unknown</database>
	</source>
	<size>
		<width>728</width>
		<height>90</height>
		<depth>3</depth>
	</size>
	<segmented>0</segmented>
	<object>
		<name>HeroImage</name>
		<pose>Unspecified</pose>
		<truncated>1</truncated>
		<difficult>0</difficult>
		<bndbox>
			<xmin>386</xmin>
			<ymin>1</ymin>
			<xmax>583</xmax>
			<ymax>90</ymax>
		</bndbox>
	</object>
	<object>
		<name>Headline</name>
		<pose>Unspecified</pose>
		<truncated>0</truncated>
		<difficult>0</difficult>
		<bndbox>
			<xmin>20</xmin>
			<ymin>20</ymin>
			<xmax>386</xmax>
			<ymax>63</ymax>
		</bndbox>
	</object>
</annotation>
