<annotation>
	<folder>JPG_Chang</folder>
	<filename>0a249cbfd80a994915108c38f4688ce9.jpg</filename>
	<path>/Users/cliu/Data/JPG_Chang/0a249cbfd80a994915108c38f4688ce9.jpg</path>
	<source>
		<database>Unknown</database>
	</source>
	<size>
		<width>0</width>
		<height>0</height>
		<depth>3</depth>
	</size>
	<segmented>0</segmented>
	<object>
		<name>CallToAction</name>
		<pose>Unspecified</pose>
		<truncated>0</truncated>
		<difficult>0</difficult>
		<bndbox>
			<xmin>9</xmin>
			<ymin>128</ymin>
			<xmax>177</xmax>
			<ymax>174</ymax>
		</bndbox>
	</object>
	<object>
		<name>Headline</name>
		<pose>Unspecified</pose>
		<truncated>0</truncated>
		<difficult>0</difficult>
		<bndbox>
			<xmin>11</xmin>
			<ymin>81</ymin>
			<xmax>284</xmax>
			<ymax>127</ymax>
		</bndbox>
	</object>
	<object>
		<name>Logo</name>
		<pose>Unspecified</pose>
		<truncated>0</truncated>
		<difficult>0</difficult>
		<bndbox>
			<xmin>171</xmin>
			<ymin>15</ymin>
			<xmax>289</xmax>
			<ymax>49</ymax>
		</bndbox>
	</object>
	<object>
		<name>Disclaimer</name>
		<pose>Unspecified</pose>
		<truncated>0</truncated>
		<difficult>0</difficult>
		<bndbox>
			<xmin>11</xmin>
			<ymin>188</ymin>
			<xmax>295</xmax>
			<ymax>238</ymax>
		</bndbox>
	</object>
</annotation>
