<annotation>
	<folder>JPG_Chang</folder>
	<filename>0a2530aeb6d55ea37f9ee76ef2fd2f40.jpg</filename>
	<path>/Users/cliu/Data/JPG_Chang/0a2530aeb6d55ea37f9ee76ef2fd2f40.jpg</path>
	<source>
		<database>Unknown</database>
	</source>
	<size>
		<width>300</width>
		<height>250</height>
		<depth>3</depth>
	</size>
	<segmented>0</segmented>
	<object>
		<name>Logo</name>
		<pose>Unspecified</pose>
		<truncated>0</truncated>
		<difficult>0</difficult>
		<bndbox>
			<xmin>9</xmin>
			<ymin>214</ymin>
			<xmax>172</xmax>
			<ymax>245</ymax>
		</bndbox>
	</object>
	<object>
		<name>HeroImage</name>
		<pose>Unspecified</pose>
		<truncated>1</truncated>
		<difficult>0</difficult>
		<bndbox>
			<xmin>205</xmin>
			<ymin>117</ymin>
			<xmax>292</xmax>
			<ymax>250</ymax>
		</bndbox>
	</object>
	<object>
		<name>Headline2</name>
		<pose>Unspecified</pose>
		<truncated>0</truncated>
		<difficult>0</difficult>
		<bndbox>
			<xmin>15</xmin>
			<ymin>43</ymin>
			<xmax>251</xmax>
			<ymax>65</ymax>
		</bndbox>
	</object>
	<object>
		<name>Headline</name>
		<pose>Unspecified</pose>
		<truncated>0</truncated>
		<difficult>0</difficult>
		<bndbox>
			<xmin>16</xmin>
			<ymin>67</ymin>
			<xmax>239</xmax>
			<ymax>125</ymax>
		</bndbox>
	</object>
</annotation>
