<annotation>
	<folder>JPG_Chang</folder>
	<filename>0a28cb7e54693db24f9aca7751f9523d.jpg</filename>
	<path>/Users/cliu/Data/JPG_Chang/0a28cb7e54693db24f9aca7751f9523d.jpg</path>
	<source>
		<database>Unknown</database>
	</source>
	<size>
		<width>300</width>
		<height>250</height>
		<depth>3</depth>
	</size>
	<segmented>0</segmented>
	<object>
		<name>Offer</name>
		<pose>Unspecified</pose>
		<truncated>0</truncated>
		<difficult>0</difficult>
		<bndbox>
			<xmin>224</xmin>
			<ymin>3</ymin>
			<xmax>297</xmax>
			<ymax>79</ymax>
		</bndbox>
	</object>
	<object>
		<name>HeroImage</name>
		<pose>Unspecified</pose>
		<truncated>0</truncated>
		<difficult>0</difficult>
		<bndbox>
			<xmin>47</xmin>
			<ymin>83</ymin>
			<xmax>228</xmax>
			<ymax>194</ymax>
		</bndbox>
	</object>
	<object>
		<name>CallToAction</name>
		<pose>Unspecified</pose>
		<truncated>1</truncated>
		<difficult>0</difficult>
		<bndbox>
			<xmin>57</xmin>
			<ymin>221</ymin>
			<xmax>244</xmax>
			<ymax>250</ymax>
		</bndbox>
	</object>
	<object>
		<name>Headline</name>
		<pose>Unspecified</pose>
		<truncated>0</truncated>
		<difficult>0</difficult>
		<bndbox>
			<xmin>5</xmin>
			<ymin>4</ymin>
			<xmax>216</xmax>
			<ymax>83</ymax>
		</bndbox>
	</object>
	<object>
		<name>Logo</name>
		<pose>Unspecified</pose>
		<truncated>0</truncated>
		<difficult>0</difficult>
		<bndbox>
			<xmin>248</xmin>
			<ymin>224</ymin>
			<xmax>294</xmax>
			<ymax>245</ymax>
		</bndbox>
	</object>
</annotation>
