<annotation>
	<folder>JPG_Chang</folder>
	<filename>0a2e9963bbacfcb3dc9dbab70c74b4df.jpg</filename>
	<path>/Users/cliu/Data/JPG_Chang/0a2e9963bbacfcb3dc9dbab70c74b4df.jpg</path>
	<source>
		<database>Unknown</database>
	</source>
	<size>
		<width>728</width>
		<height>90</height>
		<depth>3</depth>
	</size>
	<segmented>0</segmented>
	<object>
		<name>HeroImage</name>
		<pose>Unspecified</pose>
		<truncated>0</truncated>
		<difficult>0</difficult>
		<bndbox>
			<xmin>52</xmin>
			<ymin>2</ymin>
			<xmax>150</xmax>
			<ymax>88</ymax>
		</bndbox>
	</object>
	<object>
		<name>Logo</name>
		<pose>Unspecified</pose>
		<truncated>0</truncated>
		<difficult>0</difficult>
		<bndbox>
			<xmin>653</xmin>
			<ymin>30</ymin>
			<xmax>726</xmax>
			<ymax>87</ymax>
		</bndbox>
	</object>
	<object>
		<name>CallToAction</name>
		<pose>Unspecified</pose>
		<truncated>1</truncated>
		<difficult>0</difficult>
		<bndbox>
			<xmin>588</xmin>
			<ymin>4</ymin>
			<xmax>728</xmax>
			<ymax>32</ymax>
		</bndbox>
	</object>
	<object>
		<name>Headline</name>
		<pose>Unspecified</pose>
		<truncated>0</truncated>
		<difficult>0</difficult>
		<bndbox>
			<xmin>166</xmin>
			<ymin>9</ymin>
			<xmax>409</xmax>
			<ymax>76</ymax>
		</bndbox>
	</object>
	<object>
		<name>Headline2</name>
		<pose>Unspecified</pose>
		<truncated>0</truncated>
		<difficult>0</difficult>
		<bndbox>
			<xmin>426</xmin>
			<ymin>10</ymin>
			<xmax>511</xmax>
			<ymax>74</ymax>
		</bndbox>
	</object>
</annotation>
