<annotation>
	<folder>JPG_Chang</folder>
	<filename>0a3257a067f3143ead0246f6ad0ab15b.jpg</filename>
	<path>/Users/cliu/Data/JPG_Chang/0a3257a067f3143ead0246f6ad0ab15b.jpg</path>
	<source>
		<database>Unknown</database>
	</source>
	<size>
		<width>160</width>
		<height>600</height>
		<depth>3</depth>
	</size>
	<segmented>0</segmented>
	<object>
		<name>HeroImage</name>
		<pose>Unspecified</pose>
		<truncated>0</truncated>
		<difficult>0</difficult>
		<bndbox>
			<xmin>8</xmin>
			<ymin>94</ymin>
			<xmax>156</xmax>
			<ymax>442</ymax>
		</bndbox>
	</object>
	<object>
		<name>Headline</name>
		<pose>Unspecified</pose>
		<truncated>0</truncated>
		<difficult>0</difficult>
		<bndbox>
			<xmin>5</xmin>
			<ymin>499</ymin>
			<xmax>155</xmax>
			<ymax>529</ymax>
		</bndbox>
	</object>
	<object>
		<name>CallToAction</name>
		<pose>Unspecified</pose>
		<truncated>0</truncated>
		<difficult>0</difficult>
		<bndbox>
			<xmin>40</xmin>
			<ymin>542</ymin>
			<xmax>129</xmax>
			<ymax>579</ymax>
		</bndbox>
	</object>
	<object>
		<name>Headline2</name>
		<pose>Unspecified</pose>
		<truncated>0</truncated>
		<difficult>0</difficult>
		<bndbox>
			<xmin>12</xmin>
			<ymin>23</ymin>
			<xmax>142</xmax>
			<ymax>69</ymax>
		</bndbox>
	</object>
</annotation>
