<annotation>
	<folder>JPG_Chang</folder>
	<filename>0a36b182080c1a96b257cc2f42d451fd.jpg</filename>
	<path>/Users/cliu/Data/JPG_Chang/0a36b182080c1a96b257cc2f42d451fd.jpg</path>
	<source>
		<database>Unknown</database>
	</source>
	<size>
		<width>728</width>
		<height>90</height>
		<depth>3</depth>
	</size>
	<segmented>0</segmented>
	<object>
		<name>Headline</name>
		<pose>Unspecified</pose>
		<truncated>0</truncated>
		<difficult>0</difficult>
		<bndbox>
			<xmin>87</xmin>
			<ymin>22</ymin>
			<xmax>647</xmax>
			<ymax>51</ymax>
		</bndbox>
	</object>
	<object>
		<name>Logo</name>
		<pose>Unspecified</pose>
		<truncated>0</truncated>
		<difficult>0</difficult>
		<bndbox>
			<xmin>14</xmin>
			<ymin>64</ymin>
			<xmax>175</xmax>
			<ymax>82</ymax>
		</bndbox>
	</object>
	<object>
		<name>Offer</name>
		<pose>Unspecified</pose>
		<truncated>1</truncated>
		<difficult>0</difficult>
		<bndbox>
			<xmin>629</xmin>
			<ymin>59</ymin>
			<xmax>728</xmax>
			<ymax>89</ymax>
		</bndbox>
	</object>
</annotation>
