<annotation>
	<folder>JPG_Chang</folder>
	<filename>0a38ab366bab8d25e87ae1eb381b7b7a.jpg</filename>
	<path>/Users/cliu/Data/JPG_Chang/0a38ab366bab8d25e87ae1eb381b7b7a.jpg</path>
	<source>
		<database>Unknown</database>
	</source>
	<size>
		<width>300</width>
		<height>250</height>
		<depth>3</depth>
	</size>
	<segmented>0</segmented>
	<object>
		<name>Logo</name>
		<pose>Unspecified</pose>
		<truncated>0</truncated>
		<difficult>0</difficult>
		<bndbox>
			<xmin>18</xmin>
			<ymin>158</ymin>
			<xmax>158</xmax>
			<ymax>188</ymax>
		</bndbox>
	</object>
	<object>
		<name>Logo</name>
		<pose>Unspecified</pose>
		<truncated>0</truncated>
		<difficult>0</difficult>
		<bndbox>
			<xmin>56</xmin>
			<ymin>83</ymin>
			<xmax>134</xmax>
			<ymax>151</ymax>
		</bndbox>
	</object>
	<object>
		<name>Headline</name>
		<pose>Unspecified</pose>
		<truncated>0</truncated>
		<difficult>0</difficult>
		<bndbox>
			<xmin>8</xmin>
			<ymin>10</ymin>
			<xmax>282</xmax>
			<ymax>73</ymax>
		</bndbox>
	</object>
	<object>
		<name>CallToAction</name>
		<pose>Unspecified</pose>
		<truncated>0</truncated>
		<difficult>0</difficult>
		<bndbox>
			<xmin>164</xmin>
			<ymin>78</ymin>
			<xmax>291</xmax>
			<ymax>213</ymax>
		</bndbox>
	</object>
	<object>
		<name>CallToAction</name>
		<pose>Unspecified</pose>
		<truncated>1</truncated>
		<difficult>0</difficult>
		<bndbox>
			<xmin>4</xmin>
			<ymin>215</ymin>
			<xmax>299</xmax>
			<ymax>250</ymax>
		</bndbox>
	</object>
</annotation>
