<annotation>
	<folder>JPG_Chang</folder>
	<filename>0a3aee2e89ffa9c4d4b1b5a0c3e6fc9c.jpg</filename>
	<path>/Users/cliu/Data/JPG_Chang/0a3aee2e89ffa9c4d4b1b5a0c3e6fc9c.jpg</path>
	<source>
		<database>Unknown</database>
	</source>
	<size>
		<width>300</width>
		<height>250</height>
		<depth>3</depth>
	</size>
	<segmented>0</segmented>
	<object>
		<name>Logo</name>
		<pose>Unspecified</pose>
		<truncated>0</truncated>
		<difficult>0</difficult>
		<bndbox>
			<xmin>14</xmin>
			<ymin>6</ymin>
			<xmax>58</xmax>
			<ymax>45</ymax>
		</bndbox>
	</object>
	<object>
		<name>CallToAction</name>
		<pose>Unspecified</pose>
		<truncated>0</truncated>
		<difficult>0</difficult>
		<bndbox>
			<xmin>187</xmin>
			<ymin>198</ymin>
			<xmax>297</xmax>
			<ymax>244</ymax>
		</bndbox>
	</object>
	<object>
		<name>Headline</name>
		<pose>Unspecified</pose>
		<truncated>0</truncated>
		<difficult>0</difficult>
		<bndbox>
			<xmin>8</xmin>
			<ymin>66</ymin>
			<xmax>145</xmax>
			<ymax>101</ymax>
		</bndbox>
	</object>
	<object>
		<name>Headline2</name>
		<pose>Unspecified</pose>
		<truncated>0</truncated>
		<difficult>0</difficult>
		<bndbox>
			<xmin>39</xmin>
			<ymin>106</ymin>
			<xmax>255</xmax>
			<ymax>153</ymax>
		</bndbox>
	</object>
	<object>
		<name>Headline</name>
		<pose>Unspecified</pose>
		<truncated>0</truncated>
		<difficult>0</difficult>
		<bndbox>
			<xmin>114</xmin>
			<ymin>155</ymin>
			<xmax>293</xmax>
			<ymax>193</ymax>
		</bndbox>
	</object>
</annotation>
