<annotation>
	<folder>JPG_Chang</folder>
	<filename>0a3fbcdb6100bfa1fc7eb9d2a99e8bd5.jpg</filename>
	<path>/Users/cliu/Data/JPG_Chang/0a3fbcdb6100bfa1fc7eb9d2a99e8bd5.jpg</path>
	<source>
		<database>Unknown</database>
	</source>
	<size>
		<width>300</width>
		<height>250</height>
		<depth>3</depth>
	</size>
	<segmented>0</segmented>
	<object>
		<name>CallToAction</name>
		<pose>Unspecified</pose>
		<truncated>0</truncated>
		<difficult>0</difficult>
		<bndbox>
			<xmin>91</xmin>
			<ymin>206</ymin>
			<xmax>205</xmax>
			<ymax>233</ymax>
		</bndbox>
	</object>
	<object>
		<name>Logo</name>
		<pose>Unspecified</pose>
		<truncated>0</truncated>
		<difficult>0</difficult>
		<bndbox>
			<xmin>244</xmin>
			<ymin>224</ymin>
			<xmax>289</xmax>
			<ymax>240</ymax>
		</bndbox>
	</object>
	<object>
		<name>Logo2</name>
		<pose>Unspecified</pose>
		<truncated>0</truncated>
		<difficult>0</difficult>
		<bndbox>
			<xmin>11</xmin>
			<ymin>218</ymin>
			<xmax>38</xmax>
			<ymax>240</ymax>
		</bndbox>
	</object>
	<object>
		<name>Headline</name>
		<pose>Unspecified</pose>
		<truncated>0</truncated>
		<difficult>0</difficult>
		<bndbox>
			<xmin>21</xmin>
			<ymin>181</ymin>
			<xmax>279</xmax>
			<ymax>204</ymax>
		</bndbox>
	</object>
	<object>
		<name>HeroImage</name>
		<pose>Unspecified</pose>
		<truncated>1</truncated>
		<difficult>0</difficult>
		<bndbox>
			<xmin>3</xmin>
			<ymin>1</ymin>
			<xmax>299</xmax>
			<ymax>162</ymax>
		</bndbox>
	</object>
</annotation>
