<annotation>
	<folder>JPG_Chang</folder>
	<filename>0a43c09e64efe3423e1274dcf48f4266.jpg</filename>
	<path>/Users/cliu/Data/JPG_Chang/0a43c09e64efe3423e1274dcf48f4266.jpg</path>
	<source>
		<database>Unknown</database>
	</source>
	<size>
		<width>0</width>
		<height>0</height>
		<depth>3</depth>
	</size>
	<segmented>0</segmented>
	<object>
		<name>Logo</name>
		<pose>Unspecified</pose>
		<truncated>0</truncated>
		<difficult>0</difficult>
		<bndbox>
			<xmin>19</xmin>
			<ymin>20</ymin>
			<xmax>148</xmax>
			<ymax>52</ymax>
		</bndbox>
	</object>
	<object>
		<name>Headline</name>
		<pose>Unspecified</pose>
		<truncated>0</truncated>
		<difficult>0</difficult>
		<bndbox>
			<xmin>21</xmin>
			<ymin>89</ymin>
			<xmax>209</xmax>
			<ymax>114</ymax>
		</bndbox>
	</object>
	<object>
		<name>CallToAction</name>
		<pose>Unspecified</pose>
		<truncated>0</truncated>
		<difficult>0</difficult>
		<bndbox>
			<xmin>16</xmin>
			<ymin>126</ymin>
			<xmax>172</xmax>
			<ymax>171</ymax>
		</bndbox>
	</object>
</annotation>
