<annotation>
	<folder>JPG_Chang</folder>
	<filename>0a43758ecf8411e36a23bb84aaf3d31c.jpg</filename>
	<path>/Users/cliu/Data/JPG_Chang/0a43758ecf8411e36a23bb84aaf3d31c.jpg</path>
	<source>
		<database>Unknown</database>
	</source>
	<size>
		<width>0</width>
		<height>0</height>
		<depth>3</depth>
	</size>
	<segmented>0</segmented>
	<object>
		<name>HeroImage</name>
		<pose>Unspecified</pose>
		<truncated>0</truncated>
		<difficult>0</difficult>
		<bndbox>
			<xmin>259</xmin>
			<ymin>3</ymin>
			<xmax>393</xmax>
			<ymax>88</ymax>
		</bndbox>
	</object>
	<object>
		<name>Headline</name>
		<pose>Unspecified</pose>
		<truncated>0</truncated>
		<difficult>0</difficult>
		<bndbox>
			<xmin>5</xmin>
			<ymin>8</ymin>
			<xmax>273</xmax>
			<ymax>75</ymax>
		</bndbox>
	</object>
	<object>
		<name>CallToAction</name>
		<pose>Unspecified</pose>
		<truncated>0</truncated>
		<difficult>0</difficult>
		<bndbox>
			<xmin>555</xmin>
			<ymin>15</ymin>
			<xmax>715</xmax>
			<ymax>76</ymax>
		</bndbox>
	</object>
</annotation>
