<annotation>
	<folder>JPG_Chang</folder>
	<filename>0a45245b1b8ccf089a4da8b34eba289c.jpg</filename>
	<path>/Users/cliu/Data/JPG_Chang/0a45245b1b8ccf089a4da8b34eba289c.jpg</path>
	<source>
		<database>Unknown</database>
	</source>
	<size>
		<width>728</width>
		<height>90</height>
		<depth>3</depth>
	</size>
	<segmented>0</segmented>
	<object>
		<name>CallToAction</name>
		<pose>Unspecified</pose>
		<truncated>0</truncated>
		<difficult>0</difficult>
		<bndbox>
			<xmin>614</xmin>
			<ymin>23</ymin>
			<xmax>722</xmax>
			<ymax>72</ymax>
		</bndbox>
	</object>
	<object>
		<name>Logo</name>
		<pose>Unspecified</pose>
		<truncated>0</truncated>
		<difficult>0</difficult>
		<bndbox>
			<xmin>530</xmin>
			<ymin>31</ymin>
			<xmax>608</xmax>
			<ymax>72</ymax>
		</bndbox>
	</object>
	<object>
		<name>Headline</name>
		<pose>Unspecified</pose>
		<truncated>0</truncated>
		<difficult>0</difficult>
		<bndbox>
			<xmin>97</xmin>
			<ymin>20</ymin>
			<xmax>337</xmax>
			<ymax>74</ymax>
		</bndbox>
	</object>
</annotation>
