<annotation>
	<folder>JPG_Chang</folder>
	<filename>0a57ed55ffcf4da7f9183e1a66d32134.jpg</filename>
	<path>/Users/cliu/Data/JPG_Chang/0a57ed55ffcf4da7f9183e1a66d32134.jpg</path>
	<source>
		<database>Unknown</database>
	</source>
	<size>
		<width>300</width>
		<height>250</height>
		<depth>3</depth>
	</size>
	<segmented>0</segmented>
	<object>
		<name>Logo</name>
		<pose>Unspecified</pose>
		<truncated>0</truncated>
		<difficult>0</difficult>
		<bndbox>
			<xmin>116</xmin>
			<ymin>205</ymin>
			<xmax>165</xmax>
			<ymax>245</ymax>
		</bndbox>
	</object>
	<object>
		<name>Headline</name>
		<pose>Unspecified</pose>
		<truncated>0</truncated>
		<difficult>0</difficult>
		<bndbox>
			<xmin>13</xmin>
			<ymin>2</ymin>
			<xmax>289</xmax>
			<ymax>41</ymax>
		</bndbox>
	</object>
	<object>
		<name>HeroImage</name>
		<pose>Unspecified</pose>
		<truncated>1</truncated>
		<difficult>0</difficult>
		<bndbox>
			<xmin>1</xmin>
			<ymin>41</ymin>
			<xmax>263</xmax>
			<ymax>179</ymax>
		</bndbox>
	</object>
</annotation>
