<annotation>
	<folder>JPG_Chang</folder>
	<filename>0a5a05e1fac3cbd44d5a98d7bcee3d44.jpg</filename>
	<path>/Users/cliu/Data/JPG_Chang/0a5a05e1fac3cbd44d5a98d7bcee3d44.jpg</path>
	<source>
		<database>Unknown</database>
	</source>
	<size>
		<width>0</width>
		<height>0</height>
		<depth>3</depth>
	</size>
	<segmented>0</segmented>
	<object>
		<name>CallToAction</name>
		<pose>Unspecified</pose>
		<truncated>0</truncated>
		<difficult>0</difficult>
		<bndbox>
			<xmin>6</xmin>
			<ymin>542</ymin>
			<xmax>157</xmax>
			<ymax>600</ymax>
		</bndbox>
	</object>
	<object>
		<name>HeroImage</name>
		<pose>Unspecified</pose>
		<truncated>1</truncated>
		<difficult>0</difficult>
		<bndbox>
			<xmin>1</xmin>
			<ymin>192</ymin>
			<xmax>160</xmax>
			<ymax>472</ymax>
		</bndbox>
	</object>
	<object>
		<name>Headline2</name>
		<pose>Unspecified</pose>
		<truncated>0</truncated>
		<difficult>0</difficult>
		<bndbox>
			<xmin>7</xmin>
			<ymin>480</ymin>
			<xmax>154</xmax>
			<ymax>537</ymax>
		</bndbox>
	</object>
	<object>
		<name>Headline</name>
		<pose>Unspecified</pose>
		<truncated>0</truncated>
		<difficult>0</difficult>
		<bndbox>
			<xmin>5</xmin>
			<ymin>123</ymin>
			<xmax>154</xmax>
			<ymax>189</ymax>
		</bndbox>
	</object>
	<object>
		<name>Logo</name>
		<pose>Unspecified</pose>
		<truncated>0</truncated>
		<difficult>0</difficult>
		<bndbox>
			<xmin>42</xmin>
			<ymin>7</ymin>
			<xmax>126</xmax>
			<ymax>48</ymax>
		</bndbox>
	</object>
</annotation>
