<annotation>
	<folder>JPG_Chang</folder>
	<filename>0a5fe29ec4c238bb758a57310ce92f30.jpg</filename>
	<path>/Users/cliu/Data/JPG_Chang/0a5fe29ec4c238bb758a57310ce92f30.jpg</path>
	<source>
		<database>Unknown</database>
	</source>
	<size>
		<width>0</width>
		<height>0</height>
		<depth>3</depth>
	</size>
	<segmented>0</segmented>
	<object>
		<name>CallToAction</name>
		<pose>Unspecified</pose>
		<truncated>0</truncated>
		<difficult>0</difficult>
		<bndbox>
			<xmin>13</xmin>
			<ymin>194</ymin>
			<xmax>234</xmax>
			<ymax>238</ymax>
		</bndbox>
	</object>
	<object>
		<name>Logo</name>
		<pose>Unspecified</pose>
		<truncated>0</truncated>
		<difficult>0</difficult>
		<bndbox>
			<xmin>246</xmin>
			<ymin>196</ymin>
			<xmax>287</xmax>
			<ymax>237</ymax>
		</bndbox>
	</object>
	<object>
		<name>Headline</name>
		<pose>Unspecified</pose>
		<truncated>0</truncated>
		<difficult>0</difficult>
		<bndbox>
			<xmin>13</xmin>
			<ymin>13</ymin>
			<xmax>279</xmax>
			<ymax>169</ymax>
		</bndbox>
	</object>
</annotation>
