<annotation>
	<folder>JPG_Chang</folder>
	<filename>0a6c8c26fdcc3e1b014ca5fd3678af19.jpg</filename>
	<path>/Users/cliu/Data/JPG_Chang/0a6c8c26fdcc3e1b014ca5fd3678af19.jpg</path>
	<source>
		<database>Unknown</database>
	</source>
	<size>
		<width>300</width>
		<height>250</height>
		<depth>3</depth>
	</size>
	<segmented>0</segmented>
	<object>
		<name>Logo</name>
		<pose>Unspecified</pose>
		<truncated>0</truncated>
		<difficult>0</difficult>
		<bndbox>
			<xmin>20</xmin>
			<ymin>119</ymin>
			<xmax>60</xmax>
			<ymax>152</ymax>
		</bndbox>
	</object>
	<object>
		<name>Logo2</name>
		<pose>Unspecified</pose>
		<truncated>0</truncated>
		<difficult>0</difficult>
		<bndbox>
			<xmin>19</xmin>
			<ymin>159</ymin>
			<xmax>58</xmax>
			<ymax>193</ymax>
		</bndbox>
	</object>
	<object>
		<name>Logo3</name>
		<pose>Unspecified</pose>
		<truncated>0</truncated>
		<difficult>0</difficult>
		<bndbox>
			<xmin>20</xmin>
			<ymin>200</ymin>
			<xmax>56</xmax>
			<ymax>238</ymax>
		</bndbox>
	</object>
	<object>
		<name>HeroImage</name>
		<pose>Unspecified</pose>
		<truncated>1</truncated>
		<difficult>0</difficult>
		<bndbox>
			<xmin>82</xmin>
			<ymin>102</ymin>
			<xmax>211</xmax>
			<ymax>250</ymax>
		</bndbox>
	</object>
	<object>
		<name>CallToAction</name>
		<pose>Unspecified</pose>
		<truncated>0</truncated>
		<difficult>0</difficult>
		<bndbox>
			<xmin>86</xmin>
			<ymin>22</ymin>
			<xmax>217</xmax>
			<ymax>63</ymax>
		</bndbox>
	</object>
	<object>
		<name>Headline</name>
		<pose>Unspecified</pose>
		<truncated>0</truncated>
		<difficult>0</difficult>
		<bndbox>
			<xmin>216</xmin>
			<ymin>83</ymin>
			<xmax>296</xmax>
			<ymax>133</ymax>
		</bndbox>
	</object>
</annotation>
