<annotation>
	<folder>JPG_Chang</folder>
	<filename>0a6fc2364d571ce3d0c4f9252722be1b.jpg</filename>
	<path>/Users/cliu/Data/JPG_Chang/0a6fc2364d571ce3d0c4f9252722be1b.jpg</path>
	<source>
		<database>Unknown</database>
	</source>
	<size>
		<width>160</width>
		<height>600</height>
		<depth>3</depth>
	</size>
	<segmented>0</segmented>
	<object>
		<name>HeroImage</name>
		<pose>Unspecified</pose>
		<truncated>0</truncated>
		<difficult>0</difficult>
		<bndbox>
			<xmin>12</xmin>
			<ymin>249</ymin>
			<xmax>150</xmax>
			<ymax>449</ymax>
		</bndbox>
	</object>
	<object>
		<name>CallToAction</name>
		<pose>Unspecified</pose>
		<truncated>0</truncated>
		<difficult>0</difficult>
		<bndbox>
			<xmin>7</xmin>
			<ymin>490</ymin>
			<xmax>154</xmax>
			<ymax>535</ymax>
		</bndbox>
	</object>
	<object>
		<name>Headline</name>
		<pose>Unspecified</pose>
		<truncated>0</truncated>
		<difficult>0</difficult>
		<bndbox>
			<xmin>8</xmin>
			<ymin>91</ymin>
			<xmax>151</xmax>
			<ymax>165</ymax>
		</bndbox>
	</object>
	<object>
		<name>Logo</name>
		<pose>Unspecified</pose>
		<truncated>0</truncated>
		<difficult>0</difficult>
		<bndbox>
			<xmin>6</xmin>
			<ymin>11</ymin>
			<xmax>150</xmax>
			<ymax>50</ymax>
		</bndbox>
	</object>
</annotation>
