<annotation>
	<folder>JPG_Chang</folder>
	<filename>0a77b833301177e52cb79d8ccbcf2d13.jpg</filename>
	<path>/Users/cliu/Data/JPG_Chang/0a77b833301177e52cb79d8ccbcf2d13.jpg</path>
	<source>
		<database>Unknown</database>
	</source>
	<size>
		<width>300</width>
		<height>250</height>
		<depth>3</depth>
	</size>
	<segmented>0</segmented>
	<object>
		<name>HeroImage</name>
		<pose>Unspecified</pose>
		<truncated>0</truncated>
		<difficult>0</difficult>
		<bndbox>
			<xmin>28</xmin>
			<ymin>79</ymin>
			<xmax>262</xmax>
			<ymax>201</ymax>
		</bndbox>
	</object>
	<object>
		<name>Headline</name>
		<pose>Unspecified</pose>
		<truncated>0</truncated>
		<difficult>0</difficult>
		<bndbox>
			<xmin>22</xmin>
			<ymin>33</ymin>
			<xmax>277</xmax>
			<ymax>63</ymax>
		</bndbox>
	</object>
	<object>
		<name>CallToAction</name>
		<pose>Unspecified</pose>
		<truncated>1</truncated>
		<difficult>0</difficult>
		<bndbox>
			<xmin>155</xmin>
			<ymin>221</ymin>
			<xmax>263</xmax>
			<ymax>250</ymax>
		</bndbox>
	</object>
	<object>
		<name>Logo2</name>
		<pose>Unspecified</pose>
		<truncated>0</truncated>
		<difficult>0</difficult>
		<bndbox>
			<xmin>118</xmin>
			<ymin>221</ymin>
			<xmax>146</xmax>
			<ymax>246</ymax>
		</bndbox>
	</object>
</annotation>
