<annotation>
	<folder>JPG_Chang</folder>
	<filename>0a7aae63fc7dfc612ff126c7ad77acda.jpg</filename>
	<path>/Users/cliu/Data/JPG_Chang/0a7aae63fc7dfc612ff126c7ad77acda.jpg</path>
	<source>
		<database>Unknown</database>
	</source>
	<size>
		<width>728</width>
		<height>90</height>
		<depth>3</depth>
	</size>
	<segmented>0</segmented>
	<object>
		<name>Logo</name>
		<pose>Unspecified</pose>
		<truncated>1</truncated>
		<difficult>0</difficult>
		<bndbox>
			<xmin>110</xmin>
			<ymin>16</ymin>
			<xmax>187</xmax>
			<ymax>90</ymax>
		</bndbox>
	</object>
	<object>
		<name>Headline</name>
		<pose>Unspecified</pose>
		<truncated>1</truncated>
		<difficult>0</difficult>
		<bndbox>
			<xmin>283</xmin>
			<ymin>3</ymin>
			<xmax>613</xmax>
			<ymax>90</ymax>
		</bndbox>
	</object>
</annotation>
