<annotation>
	<folder>JPG_Chang</folder>
	<filename>0a8169583a04ac963b705819665a8796.jpg</filename>
	<path>/Users/cliu/Data/JPG_Chang/0a8169583a04ac963b705819665a8796.jpg</path>
	<source>
		<database>Unknown</database>
	</source>
	<size>
		<width>728</width>
		<height>90</height>
		<depth>3</depth>
	</size>
	<segmented>0</segmented>
	<object>
		<name>CallToAction</name>
		<pose>Unspecified</pose>
		<truncated>0</truncated>
		<difficult>0</difficult>
		<bndbox>
			<xmin>13</xmin>
			<ymin>39</ymin>
			<xmax>171</xmax>
			<ymax>82</ymax>
		</bndbox>
	</object>
	<object>
		<name>Logo</name>
		<pose>Unspecified</pose>
		<truncated>0</truncated>
		<difficult>0</difficult>
		<bndbox>
			<xmin>645</xmin>
			<ymin>15</ymin>
			<xmax>694</xmax>
			<ymax>61</ymax>
		</bndbox>
	</object>
	<object>
		<name>HeroImage</name>
		<pose>Unspecified</pose>
		<truncated>1</truncated>
		<difficult>0</difficult>
		<bndbox>
			<xmin>339</xmin>
			<ymin>1</ymin>
			<xmax>623</xmax>
			<ymax>89</ymax>
		</bndbox>
	</object>
	<object>
		<name>Headline</name>
		<pose>Unspecified</pose>
		<truncated>0</truncated>
		<difficult>0</difficult>
		<bndbox>
			<xmin>13</xmin>
			<ymin>8</ymin>
			<xmax>316</xmax>
			<ymax>39</ymax>
		</bndbox>
	</object>
</annotation>
