<annotation>
	<folder>JPG_Chang</folder>
	<filename>0a8382922039646ca16d7834941def2a.jpg</filename>
	<path>/Users/cliu/Data/JPG_Chang/0a8382922039646ca16d7834941def2a.jpg</path>
	<source>
		<database>Unknown</database>
	</source>
	<size>
		<width>300</width>
		<height>250</height>
		<depth>3</depth>
	</size>
	<segmented>0</segmented>
	<object>
		<name>Offer</name>
		<pose>Unspecified</pose>
		<truncated>0</truncated>
		<difficult>0</difficult>
		<bndbox>
			<xmin>183</xmin>
			<ymin>82</ymin>
			<xmax>267</xmax>
			<ymax>159</ymax>
		</bndbox>
	</object>
	<object>
		<name>HeroImage</name>
		<pose>Unspecified</pose>
		<truncated>0</truncated>
		<difficult>0</difficult>
		<bndbox>
			<xmin>13</xmin>
			<ymin>14</ymin>
			<xmax>164</xmax>
			<ymax>202</ymax>
		</bndbox>
	</object>
	<object>
		<name>CallToAction</name>
		<pose>Unspecified</pose>
		<truncated>0</truncated>
		<difficult>0</difficult>
		<bndbox>
			<xmin>15</xmin>
			<ymin>210</ymin>
			<xmax>285</xmax>
			<ymax>247</ymax>
		</bndbox>
	</object>
</annotation>
