<annotation>
	<folder>JPG_Chang</folder>
	<filename>0a837c4e008e6dc4d1d3494d3e4aee98.jpg</filename>
	<path>/Users/cliu/Data/JPG_Chang/0a837c4e008e6dc4d1d3494d3e4aee98.jpg</path>
	<source>
		<database>Unknown</database>
	</source>
	<size>
		<width>728</width>
		<height>90</height>
		<depth>3</depth>
	</size>
	<segmented>0</segmented>
	<object>
		<name>Headline</name>
		<pose>Unspecified</pose>
		<truncated>0</truncated>
		<difficult>0</difficult>
		<bndbox>
			<xmin>15</xmin>
			<ymin>8</ymin>
			<xmax>500</xmax>
			<ymax>47</ymax>
		</bndbox>
	</object>
	<object>
		<name>Headline2</name>
		<pose>Unspecified</pose>
		<truncated>0</truncated>
		<difficult>0</difficult>
		<bndbox>
			<xmin>216</xmin>
			<ymin>54</ymin>
			<xmax>334</xmax>
			<ymax>78</ymax>
		</bndbox>
	</object>
	<object>
		<name>HeroImage</name>
		<pose>Unspecified</pose>
		<truncated>0</truncated>
		<difficult>0</difficult>
		<bndbox>
			<xmin>506</xmin>
			<ymin>5</ymin>
			<xmax>719</xmax>
			<ymax>85</ymax>
		</bndbox>
	</object>
</annotation>
