<annotation>
	<folder>JPG_Chang</folder>
	<filename>0a87143797154776fbdfb169163e7762.jpg</filename>
	<path>/Users/cliu/Data/JPG_Chang/0a87143797154776fbdfb169163e7762.jpg</path>
	<source>
		<database>Unknown</database>
	</source>
	<size>
		<width>300</width>
		<height>250</height>
		<depth>3</depth>
	</size>
	<segmented>0</segmented>
	<object>
		<name>Logo</name>
		<pose>Unspecified</pose>
		<truncated>0</truncated>
		<difficult>0</difficult>
		<bndbox>
			<xmin>92</xmin>
			<ymin>18</ymin>
			<xmax>211</xmax>
			<ymax>47</ymax>
		</bndbox>
	</object>
	<object>
		<name>Headline</name>
		<pose>Unspecified</pose>
		<truncated>0</truncated>
		<difficult>0</difficult>
		<bndbox>
			<xmin>18</xmin>
			<ymin>52</ymin>
			<xmax>282</xmax>
			<ymax>87</ymax>
		</bndbox>
	</object>
	<object>
		<name>HeroImage</name>
		<pose>Unspecified</pose>
		<truncated>0</truncated>
		<difficult>0</difficult>
		<bndbox>
			<xmin>54</xmin>
			<ymin>105</ymin>
			<xmax>255</xmax>
			<ymax>233</ymax>
		</bndbox>
	</object>
</annotation>
