<annotation>
	<folder>JPG_Chang</folder>
	<filename>0a8901193d97b67265e49c42d0472762.jpg</filename>
	<path>/Users/cliu/Data/JPG_Chang/0a8901193d97b67265e49c42d0472762.jpg</path>
	<source>
		<database>Unknown</database>
	</source>
	<size>
		<width>0</width>
		<height>0</height>
		<depth>3</depth>
	</size>
	<segmented>0</segmented>
	<object>
		<name>Headline2</name>
		<pose>Unspecified</pose>
		<truncated>0</truncated>
		<difficult>0</difficult>
		<bndbox>
			<xmin>44</xmin>
			<ymin>186</ymin>
			<xmax>266</xmax>
			<ymax>234</ymax>
		</bndbox>
	</object>
	<object>
		<name>Headline</name>
		<pose>Unspecified</pose>
		<truncated>0</truncated>
		<difficult>0</difficult>
		<bndbox>
			<xmin>38</xmin>
			<ymin>12</ymin>
			<xmax>241</xmax>
			<ymax>110</ymax>
		</bndbox>
	</object>
</annotation>
