<annotation>
	<folder>JPG_Chang</folder>
	<filename>0a8c87220ff73cf00769d84beb6ec6c9.jpg</filename>
	<path>/Users/cliu/Data/JPG_Chang/0a8c87220ff73cf00769d84beb6ec6c9.jpg</path>
	<source>
		<database>Unknown</database>
	</source>
	<size>
		<width>300</width>
		<height>250</height>
		<depth>3</depth>
	</size>
	<segmented>0</segmented>
	<object>
		<name>Headline</name>
		<pose>Unspecified</pose>
		<truncated>0</truncated>
		<difficult>0</difficult>
		<bndbox>
			<xmin>10</xmin>
			<ymin>10</ymin>
			<xmax>180</xmax>
			<ymax>114</ymax>
		</bndbox>
	</object>
	<object>
		<name>HeroImage</name>
		<pose>Unspecified</pose>
		<truncated>0</truncated>
		<difficult>0</difficult>
		<bndbox>
			<xmin>192</xmin>
			<ymin>19</ymin>
			<xmax>299</xmax>
			<ymax>195</ymax>
		</bndbox>
	</object>
	<object>
		<name>Headline2</name>
		<pose>Unspecified</pose>
		<truncated>0</truncated>
		<difficult>0</difficult>
		<bndbox>
			<xmin>10</xmin>
			<ymin>133</ymin>
			<xmax>156</xmax>
			<ymax>183</ymax>
		</bndbox>
	</object>
</annotation>
