<annotation>
	<folder>JPG_Chang</folder>
	<filename>0a8d48ed8458c9f9eb5bdc27dcd3df6f.jpg</filename>
	<path>/Users/cliu/Data/JPG_Chang/0a8d48ed8458c9f9eb5bdc27dcd3df6f.jpg</path>
	<source>
		<database>Unknown</database>
	</source>
	<size>
		<width>0</width>
		<height>0</height>
		<depth>3</depth>
	</size>
	<segmented>0</segmented>
	<object>
		<name>CallToAction</name>
		<pose>Unspecified</pose>
		<truncated>0</truncated>
		<difficult>0</difficult>
		<bndbox>
			<xmin>170</xmin>
			<ymin>149</ymin>
			<xmax>291</xmax>
			<ymax>194</ymax>
		</bndbox>
	</object>
	<object>
		<name>Headline</name>
		<pose>Unspecified</pose>
		<truncated>0</truncated>
		<difficult>0</difficult>
		<bndbox>
			<xmin>12</xmin>
			<ymin>75</ymin>
			<xmax>284</xmax>
			<ymax>131</ymax>
		</bndbox>
	</object>
	<object>
		<name>HeroImage</name>
		<pose>Unspecified</pose>
		<truncated>0</truncated>
		<difficult>0</difficult>
		<bndbox>
			<xmin>9</xmin>
			<ymin>139</ymin>
			<xmax>167</xmax>
			<ymax>244</ymax>
		</bndbox>
	</object>
</annotation>
