<annotation>
	<folder>JPG_Chang</folder>
	<filename>0a8fc82605a3f740bbb9cb4b97278771.jpg</filename>
	<path>/Users/cliu/Data/JPG_Chang/0a8fc82605a3f740bbb9cb4b97278771.jpg</path>
	<source>
		<database>Unknown</database>
	</source>
	<size>
		<width>0</width>
		<height>0</height>
		<depth>3</depth>
	</size>
	<segmented>0</segmented>
	<object>
		<name>Logo</name>
		<pose>Unspecified</pose>
		<truncated>0</truncated>
		<difficult>0</difficult>
		<bndbox>
			<xmin>6</xmin>
			<ymin>217</ymin>
			<xmax>109</xmax>
			<ymax>241</ymax>
		</bndbox>
	</object>
	<object>
		<name>HeroImage</name>
		<pose>Unspecified</pose>
		<truncated>0</truncated>
		<difficult>0</difficult>
		<bndbox>
			<xmin>24</xmin>
			<ymin>66</ymin>
			<xmax>280</xmax>
			<ymax>184</ymax>
		</bndbox>
	</object>
</annotation>
