<annotation>
	<folder>JPG_Chang</folder>
	<filename>0a8fff9113cbfbb1c52eea49d0692fbd.jpg</filename>
	<path>/Users/cliu/Data/JPG_Chang/0a8fff9113cbfbb1c52eea49d0692fbd.jpg</path>
	<source>
		<database>Unknown</database>
	</source>
	<size>
		<width>728</width>
		<height>90</height>
		<depth>3</depth>
	</size>
	<segmented>0</segmented>
	<object>
		<name>Headline</name>
		<pose>Unspecified</pose>
		<truncated>0</truncated>
		<difficult>0</difficult>
		<bndbox>
			<xmin>480</xmin>
			<ymin>6</ymin>
			<xmax>726</xmax>
			<ymax>47</ymax>
		</bndbox>
	</object>
	<object>
		<name>Headline2</name>
		<pose>Unspecified</pose>
		<truncated>0</truncated>
		<difficult>0</difficult>
		<bndbox>
			<xmin>398</xmin>
			<ymin>49</ymin>
			<xmax>727</xmax>
			<ymax>70</ymax>
		</bndbox>
	</object>
	<object>
		<name>HeroImage</name>
		<pose>Unspecified</pose>
		<truncated>1</truncated>
		<difficult>0</difficult>
		<bndbox>
			<xmin>154</xmin>
			<ymin>1</ymin>
			<xmax>396</xmax>
			<ymax>90</ymax>
		</bndbox>
	</object>
	<object>
		<name>CallToAction</name>
		<pose>Unspecified</pose>
		<truncated>0</truncated>
		<difficult>0</difficult>
		<bndbox>
			<xmin>13</xmin>
			<ymin>62</ymin>
			<xmax>153</xmax>
			<ymax>89</ymax>
		</bndbox>
	</object>
</annotation>
