<annotation>
	<folder>JPG_Chang</folder>
	<filename>0a99844d68f5864efc6f1d560ece5d3a.jpg</filename>
	<path>/Users/cliu/Data/JPG_Chang/0a99844d68f5864efc6f1d560ece5d3a.jpg</path>
	<source>
		<database>Unknown</database>
	</source>
	<size>
		<width>300</width>
		<height>250</height>
		<depth>3</depth>
	</size>
	<segmented>0</segmented>
	<object>
		<name>CallToAction</name>
		<pose>Unspecified</pose>
		<truncated>0</truncated>
		<difficult>0</difficult>
		<bndbox>
			<xmin>35</xmin>
			<ymin>194</ymin>
			<xmax>153</xmax>
			<ymax>239</ymax>
		</bndbox>
	</object>
	<object>
		<name>Logo</name>
		<pose>Unspecified</pose>
		<truncated>0</truncated>
		<difficult>0</difficult>
		<bndbox>
			<xmin>169</xmin>
			<ymin>195</ymin>
			<xmax>271</xmax>
			<ymax>233</ymax>
		</bndbox>
	</object>
	<object>
		<name>Headline</name>
		<pose>Unspecified</pose>
		<truncated>0</truncated>
		<difficult>0</difficult>
		<bndbox>
			<xmin>52</xmin>
			<ymin>69</ymin>
			<xmax>251</xmax>
			<ymax>177</ymax>
		</bndbox>
	</object>
</annotation>
