<annotation>
	<folder>JPG_Chang</folder>
	<filename>0aa09bc40137474be6968eec3b278711.jpg</filename>
	<path>/Users/cliu/Data/JPG_Chang/0aa09bc40137474be6968eec3b278711.jpg</path>
	<source>
		<database>Unknown</database>
	</source>
	<size>
		<width>728</width>
		<height>90</height>
		<depth>3</depth>
	</size>
	<segmented>0</segmented>
	<object>
		<name>CallToAction</name>
		<pose>Unspecified</pose>
		<truncated>0</truncated>
		<difficult>0</difficult>
		<bndbox>
			<xmin>301</xmin>
			<ymin>22</ymin>
			<xmax>446</xmax>
			<ymax>70</ymax>
		</bndbox>
	</object>
	<object>
		<name>Logo</name>
		<pose>Unspecified</pose>
		<truncated>0</truncated>
		<difficult>0</difficult>
		<bndbox>
			<xmin>7</xmin>
			<ymin>7</ymin>
			<xmax>200</xmax>
			<ymax>79</ymax>
		</bndbox>
	</object>
</annotation>
