<annotation>
	<folder>JPG_Chang</folder>
	<filename>0aa1cdb076d7c67de4b8047fc4c79bc5.jpg</filename>
	<path>/Users/cliu/Data/JPG_Chang/0aa1cdb076d7c67de4b8047fc4c79bc5.jpg</path>
	<source>
		<database>Unknown</database>
	</source>
	<size>
		<width>728</width>
		<height>90</height>
		<depth>3</depth>
	</size>
	<segmented>0</segmented>
	<object>
		<name>Logo</name>
		<pose>Unspecified</pose>
		<truncated>0</truncated>
		<difficult>0</difficult>
		<bndbox>
			<xmin>5</xmin>
			<ymin>8</ymin>
			<xmax>168</xmax>
			<ymax>77</ymax>
		</bndbox>
	</object>
	<object>
		<name>CallToAction</name>
		<pose>Unspecified</pose>
		<truncated>0</truncated>
		<difficult>0</difficult>
		<bndbox>
			<xmin>562</xmin>
			<ymin>16</ymin>
			<xmax>714</xmax>
			<ymax>68</ymax>
		</bndbox>
	</object>
	<object>
		<name>HeroImage</name>
		<pose>Unspecified</pose>
		<truncated>1</truncated>
		<difficult>0</difficult>
		<bndbox>
			<xmin>466</xmin>
			<ymin>2</ymin>
			<xmax>563</xmax>
			<ymax>90</ymax>
		</bndbox>
	</object>
</annotation>
