<annotation>
	<folder>JPG_Chang</folder>
	<filename>0aa21874a0b594cbc6ed5d93bb8536af.jpg</filename>
	<path>/Users/cliu/Data/JPG_Chang/0aa21874a0b594cbc6ed5d93bb8536af.jpg</path>
	<source>
		<database>Unknown</database>
	</source>
	<size>
		<width>300</width>
		<height>250</height>
		<depth>3</depth>
	</size>
	<segmented>0</segmented>
	<object>
		<name>HeroImage</name>
		<pose>Unspecified</pose>
		<truncated>0</truncated>
		<difficult>0</difficult>
		<bndbox>
			<xmin>37</xmin>
			<ymin>130</ymin>
			<xmax>275</xmax>
			<ymax>243</ymax>
		</bndbox>
	</object>
	<object>
		<name>Offer</name>
		<pose>Unspecified</pose>
		<truncated>0</truncated>
		<difficult>0</difficult>
		<bndbox>
			<xmin>12</xmin>
			<ymin>19</ymin>
			<xmax>288</xmax>
			<ymax>77</ymax>
		</bndbox>
	</object>
	<object>
		<name>Headline</name>
		<pose>Unspecified</pose>
		<truncated>0</truncated>
		<difficult>0</difficult>
		<bndbox>
			<xmin>41</xmin>
			<ymin>81</ymin>
			<xmax>258</xmax>
			<ymax>130</ymax>
		</bndbox>
	</object>
</annotation>
