<annotation>
	<folder>JPG_Chang</folder>
	<filename>0aa6c73a058293dff7085bd1a598aca6.jpg</filename>
	<path>/Users/cliu/Data/JPG_Chang/0aa6c73a058293dff7085bd1a598aca6.jpg</path>
	<source>
		<database>Unknown</database>
	</source>
	<size>
		<width>728</width>
		<height>90</height>
		<depth>3</depth>
	</size>
	<segmented>0</segmented>
	<object>
		<name>Headline</name>
		<pose>Unspecified</pose>
		<truncated>0</truncated>
		<difficult>0</difficult>
		<bndbox>
			<xmin>20</xmin>
			<ymin>28</ymin>
			<xmax>185</xmax>
			<ymax>63</ymax>
		</bndbox>
	</object>
	<object>
		<name>HeroImage</name>
		<pose>Unspecified</pose>
		<truncated>0</truncated>
		<difficult>0</difficult>
		<bndbox>
			<xmin>222</xmin>
			<ymin>3</ymin>
			<xmax>607</xmax>
			<ymax>86</ymax>
		</bndbox>
	</object>
	<object>
		<name>CallToAction</name>
		<pose>Unspecified</pose>
		<truncated>0</truncated>
		<difficult>0</difficult>
		<bndbox>
			<xmin>607</xmin>
			<ymin>26</ymin>
			<xmax>714</xmax>
			<ymax>63</ymax>
		</bndbox>
	</object>
</annotation>
