<annotation>
	<folder>JPG_Chang</folder>
	<filename>0aabcd6ec8f62ed1b1b0480573f7db74.jpg</filename>
	<path>/Users/cliu/Data/JPG_Chang/0aabcd6ec8f62ed1b1b0480573f7db74.jpg</path>
	<source>
		<database>Unknown</database>
	</source>
	<size>
		<width>0</width>
		<height>0</height>
		<depth>3</depth>
	</size>
	<segmented>0</segmented>
	<object>
		<name>CallToAction</name>
		<pose>Unspecified</pose>
		<truncated>0</truncated>
		<difficult>0</difficult>
		<bndbox>
			<xmin>490</xmin>
			<ymin>42</ymin>
			<xmax>630</xmax>
			<ymax>80</ymax>
		</bndbox>
	</object>
	<object>
		<name>Headline</name>
		<pose>Unspecified</pose>
		<truncated>0</truncated>
		<difficult>0</difficult>
		<bndbox>
			<xmin>98</xmin>
			<ymin>9</ymin>
			<xmax>413</xmax>
			<ymax>81</ymax>
		</bndbox>
	</object>
	<object>
		<name>Logo</name>
		<pose>Unspecified</pose>
		<truncated>0</truncated>
		<difficult>0</difficult>
		<bndbox>
			<xmin>494</xmin>
			<ymin>11</ymin>
			<xmax>566</xmax>
			<ymax>38</ymax>
		</bndbox>
	</object>
</annotation>
