<annotation>
	<folder>JPG_Chang</folder>
	<filename>0ab44847d501434a63374bfe68a8bd7e.jpg</filename>
	<path>/Users/cliu/Data/JPG_Chang/0ab44847d501434a63374bfe68a8bd7e.jpg</path>
	<source>
		<database>Unknown</database>
	</source>
	<size>
		<width>300</width>
		<height>250</height>
		<depth>3</depth>
	</size>
	<segmented>0</segmented>
	<object>
		<name>HeroImage</name>
		<pose>Unspecified</pose>
		<truncated>1</truncated>
		<difficult>0</difficult>
		<bndbox>
			<xmin>4</xmin>
			<ymin>94</ymin>
			<xmax>300</xmax>
			<ymax>205</ymax>
		</bndbox>
	</object>
	<object>
		<name>Offer</name>
		<pose>Unspecified</pose>
		<truncated>0</truncated>
		<difficult>0</difficult>
		<bndbox>
			<xmin>17</xmin>
			<ymin>6</ymin>
			<xmax>285</xmax>
			<ymax>92</ymax>
		</bndbox>
	</object>
	<object>
		<name>Logo</name>
		<pose>Unspecified</pose>
		<truncated>0</truncated>
		<difficult>0</difficult>
		<bndbox>
			<xmin>47</xmin>
			<ymin>206</ymin>
			<xmax>257</xmax>
			<ymax>249</ymax>
		</bndbox>
	</object>
</annotation>
