<annotation>
	<folder>JPG_Chang</folder>
	<filename>0abdae66cda9fedb520b62d8e8b764de.jpg</filename>
	<path>/Users/cliu/Data/JPG_Chang/0abdae66cda9fedb520b62d8e8b764de.jpg</path>
	<source>
		<database>Unknown</database>
	</source>
	<size>
		<width>0</width>
		<height>0</height>
		<depth>3</depth>
	</size>
	<segmented>0</segmented>
	<object>
		<name>CallToAction</name>
		<pose>Unspecified</pose>
		<truncated>0</truncated>
		<difficult>0</difficult>
		<bndbox>
			<xmin>619</xmin>
			<ymin>6</ymin>
			<xmax>723</xmax>
			<ymax>52</ymax>
		</bndbox>
	</object>
	<object>
		<name>Logo</name>
		<pose>Unspecified</pose>
		<truncated>0</truncated>
		<difficult>0</difficult>
		<bndbox>
			<xmin>585</xmin>
			<ymin>44</ymin>
			<xmax>626</xmax>
			<ymax>81</ymax>
		</bndbox>
	</object>
	<object>
		<name>HeroImage</name>
		<pose>Unspecified</pose>
		<truncated>0</truncated>
		<difficult>0</difficult>
		<bndbox>
			<xmin>239</xmin>
			<ymin>2</ymin>
			<xmax>583</xmax>
			<ymax>89</ymax>
		</bndbox>
	</object>
	<object>
		<name>Headline</name>
		<pose>Unspecified</pose>
		<truncated>0</truncated>
		<difficult>0</difficult>
		<bndbox>
			<xmin>12</xmin>
			<ymin>8</ymin>
			<xmax>231</xmax>
			<ymax>80</ymax>
		</bndbox>
	</object>
</annotation>
