<annotation>
	<folder>JPG_Chang</folder>
	<filename>0ac0cb0752bcb98311335e5b44b4e095.jpg</filename>
	<path>/Users/cliu/Data/JPG_Chang/0ac0cb0752bcb98311335e5b44b4e095.jpg</path>
	<source>
		<database>Unknown</database>
	</source>
	<size>
		<width>300</width>
		<height>250</height>
		<depth>3</depth>
	</size>
	<segmented>0</segmented>
	<object>
		<name>CallToAction</name>
		<pose>Unspecified</pose>
		<truncated>0</truncated>
		<difficult>0</difficult>
		<bndbox>
			<xmin>9</xmin>
			<ymin>187</ymin>
			<xmax>122</xmax>
			<ymax>229</ymax>
		</bndbox>
	</object>
	<object>
		<name>HeroImage</name>
		<pose>Unspecified</pose>
		<truncated>1</truncated>
		<difficult>0</difficult>
		<bndbox>
			<xmin>160</xmin>
			<ymin>54</ymin>
			<xmax>299</xmax>
			<ymax>250</ymax>
		</bndbox>
	</object>
	<object>
		<name>Headline</name>
		<pose>Unspecified</pose>
		<truncated>0</truncated>
		<difficult>0</difficult>
		<bndbox>
			<xmin>12</xmin>
			<ymin>85</ymin>
			<xmax>148</xmax>
			<ymax>105</ymax>
		</bndbox>
	</object>
	<object>
		<name>Headline2</name>
		<pose>Unspecified</pose>
		<truncated>0</truncated>
		<difficult>0</difficult>
		<bndbox>
			<xmin>7</xmin>
			<ymin>120</ymin>
			<xmax>148</xmax>
			<ymax>168</ymax>
		</bndbox>
	</object>
	<object>
		<name>Logo</name>
		<pose>Unspecified</pose>
		<truncated>0</truncated>
		<difficult>0</difficult>
		<bndbox>
			<xmin>30</xmin>
			<ymin>16</ymin>
			<xmax>162</xmax>
			<ymax>42</ymax>
		</bndbox>
	</object>
</annotation>
