<annotation>
	<folder>JPG_Chang</folder>
	<filename>0ac27b952fd950eee52a83675955049d.jpg</filename>
	<path>/Users/cliu/Data/JPG_Chang/0ac27b952fd950eee52a83675955049d.jpg</path>
	<source>
		<database>Unknown</database>
	</source>
	<size>
		<width>728</width>
		<height>90</height>
		<depth>3</depth>
	</size>
	<segmented>0</segmented>
	<object>
		<name>CallToAction</name>
		<pose>Unspecified</pose>
		<truncated>0</truncated>
		<difficult>0</difficult>
		<bndbox>
			<xmin>599</xmin>
			<ymin>43</ymin>
			<xmax>713</xmax>
			<ymax>85</ymax>
		</bndbox>
	</object>
	<object>
		<name>Headline</name>
		<pose>Unspecified</pose>
		<truncated>0</truncated>
		<difficult>0</difficult>
		<bndbox>
			<xmin>36</xmin>
			<ymin>45</ymin>
			<xmax>462</xmax>
			<ymax>74</ymax>
		</bndbox>
	</object>
	<object>
		<name>Headline2</name>
		<pose>Unspecified</pose>
		<truncated>0</truncated>
		<difficult>0</difficult>
		<bndbox>
			<xmin>33</xmin>
			<ymin>13</ymin>
			<xmax>98</xmax>
			<ymax>39</ymax>
		</bndbox>
	</object>
</annotation>
