<annotation>
	<folder>JPG_Chang</folder>
	<filename>0ac7459024d5ce1c4bf4d9e86d54c3fc.jpg</filename>
	<path>/Users/cliu/Data/JPG_Chang/0ac7459024d5ce1c4bf4d9e86d54c3fc.jpg</path>
	<source>
		<database>Unknown</database>
	</source>
	<size>
		<width>300</width>
		<height>250</height>
		<depth>3</depth>
	</size>
	<segmented>0</segmented>
	<object>
		<name>CallToAction</name>
		<pose>Unspecified</pose>
		<truncated>0</truncated>
		<difficult>0</difficult>
		<bndbox>
			<xmin>53</xmin>
			<ymin>189</ymin>
			<xmax>246</xmax>
			<ymax>241</ymax>
		</bndbox>
	</object>
	<object>
		<name>Headline</name>
		<pose>Unspecified</pose>
		<truncated>0</truncated>
		<difficult>0</difficult>
		<bndbox>
			<xmin>15</xmin>
			<ymin>160</ymin>
			<xmax>288</xmax>
			<ymax>184</ymax>
		</bndbox>
	</object>
	<object>
		<name>Headline2</name>
		<pose>Unspecified</pose>
		<truncated>0</truncated>
		<difficult>0</difficult>
		<bndbox>
			<xmin>143</xmin>
			<ymin>18</ymin>
			<xmax>276</xmax>
			<ymax>121</ymax>
		</bndbox>
	</object>
</annotation>
