<annotation>
	<folder>JPG_Chang</folder>
	<filename>0ac87b0ef3d83291ca58200ece0e233b.jpg</filename>
	<path>/Users/cliu/Data/JPG_Chang/0ac87b0ef3d83291ca58200ece0e233b.jpg</path>
	<source>
		<database>Unknown</database>
	</source>
	<size>
		<width>728</width>
		<height>90</height>
		<depth>3</depth>
	</size>
	<segmented>0</segmented>
	<object>
		<name>Headline</name>
		<pose>Unspecified</pose>
		<truncated>0</truncated>
		<difficult>0</difficult>
		<bndbox>
			<xmin>308</xmin>
			<ymin>7</ymin>
			<xmax>455</xmax>
			<ymax>80</ymax>
		</bndbox>
	</object>
	<object>
		<name>Headline2</name>
		<pose>Unspecified</pose>
		<truncated>1</truncated>
		<difficult>0</difficult>
		<bndbox>
			<xmin>2</xmin>
			<ymin>1</ymin>
			<xmax>196</xmax>
			<ymax>89</ymax>
		</bndbox>
	</object>
	<object>
		<name>Logo</name>
		<pose>Unspecified</pose>
		<truncated>0</truncated>
		<difficult>0</difficult>
		<bndbox>
			<xmin>616</xmin>
			<ymin>53</ymin>
			<xmax>715</xmax>
			<ymax>86</ymax>
		</bndbox>
	</object>
	<object>
		<name>HeroImage</name>
		<pose>Unspecified</pose>
		<truncated>1</truncated>
		<difficult>0</difficult>
		<bndbox>
			<xmin>462</xmin>
			<ymin>1</ymin>
			<xmax>607</xmax>
			<ymax>90</ymax>
		</bndbox>
	</object>
</annotation>
