<annotation>
	<folder>JPG_Chang</folder>
	<filename>0ac9408efe8a3afeb588e19b8babb52a.jpg</filename>
	<path>/Users/cliu/Data/JPG_Chang/0ac9408efe8a3afeb588e19b8babb52a.jpg</path>
	<source>
		<database>Unknown</database>
	</source>
	<size>
		<width>300</width>
		<height>250</height>
		<depth>3</depth>
	</size>
	<segmented>0</segmented>
	<object>
		<name>HeroImage</name>
		<pose>Unspecified</pose>
		<truncated>0</truncated>
		<difficult>0</difficult>
		<bndbox>
			<xmin>19</xmin>
			<ymin>5</ymin>
			<xmax>291</xmax>
			<ymax>153</ymax>
		</bndbox>
	</object>
	<object>
		<name>Headline</name>
		<pose>Unspecified</pose>
		<truncated>0</truncated>
		<difficult>0</difficult>
		<bndbox>
			<xmin>22</xmin>
			<ymin>163</ymin>
			<xmax>279</xmax>
			<ymax>184</ymax>
		</bndbox>
	</object>
	<object>
		<name>Logo</name>
		<pose>Unspecified</pose>
		<truncated>0</truncated>
		<difficult>0</difficult>
		<bndbox>
			<xmin>92</xmin>
			<ymin>194</ymin>
			<xmax>208</xmax>
			<ymax>226</ymax>
		</bndbox>
	</object>
	<object>
		<name>Disclaimer</name>
		<pose>Unspecified</pose>
		<truncated>0</truncated>
		<difficult>0</difficult>
		<bndbox>
			<xmin>79</xmin>
			<ymin>235</ymin>
			<xmax>221</xmax>
			<ymax>249</ymax>
		</bndbox>
	</object>
</annotation>
