<annotation>
	<folder>JPG_Chang</folder>
	<filename>0ac927101a1534dc3db1f18dbcdfe33b.jpg</filename>
	<path>/Users/cliu/Data/JPG_Chang/0ac927101a1534dc3db1f18dbcdfe33b.jpg</path>
	<source>
		<database>Unknown</database>
	</source>
	<size>
		<width>728</width>
		<height>90</height>
		<depth>3</depth>
	</size>
	<segmented>0</segmented>
	<object>
		<name>CallToAction</name>
		<pose>Unspecified</pose>
		<truncated>0</truncated>
		<difficult>0</difficult>
		<bndbox>
			<xmin>488</xmin>
			<ymin>20</ymin>
			<xmax>717</xmax>
			<ymax>74</ymax>
		</bndbox>
	</object>
	<object>
		<name>Headline</name>
		<pose>Unspecified</pose>
		<truncated>0</truncated>
		<difficult>0</difficult>
		<bndbox>
			<xmin>354</xmin>
			<ymin>29</ymin>
			<xmax>479</xmax>
			<ymax>81</ymax>
		</bndbox>
	</object>
	<object>
		<name>HeroImage</name>
		<pose>Unspecified</pose>
		<truncated>1</truncated>
		<difficult>0</difficult>
		<bndbox>
			<xmin>2</xmin>
			<ymin>1</ymin>
			<xmax>346</xmax>
			<ymax>90</ymax>
		</bndbox>
	</object>
</annotation>
