<annotation>
	<folder>JPG_Chang</folder>
	<filename>0ad3996afdf6357568d37f4e1debe21d.jpg</filename>
	<path>/Users/cliu/Data/JPG_Chang/0ad3996afdf6357568d37f4e1debe21d.jpg</path>
	<source>
		<database>Unknown</database>
	</source>
	<size>
		<width>300</width>
		<height>250</height>
		<depth>3</depth>
	</size>
	<segmented>0</segmented>
	<object>
		<name>CallToAction</name>
		<pose>Unspecified</pose>
		<truncated>0</truncated>
		<difficult>0</difficult>
		<bndbox>
			<xmin>34</xmin>
			<ymin>143</ymin>
			<xmax>269</xmax>
			<ymax>186</ymax>
		</bndbox>
	</object>
	<object>
		<name>Headline</name>
		<pose>Unspecified</pose>
		<truncated>0</truncated>
		<difficult>0</difficult>
		<bndbox>
			<xmin>34</xmin>
			<ymin>36</ymin>
			<xmax>264</xmax>
			<ymax>134</ymax>
		</bndbox>
	</object>
	<object>
		<name>Logo</name>
		<pose>Unspecified</pose>
		<truncated>0</truncated>
		<difficult>0</difficult>
		<bndbox>
			<xmin>97</xmin>
			<ymin>188</ymin>
			<xmax>206</xmax>
			<ymax>224</ymax>
		</bndbox>
	</object>
</annotation>
