<annotation>
	<folder>JPG_Chang</folder>
	<filename>0ad73839711c5d376c235c5a43944d25.jpg</filename>
	<path>/Users/cliu/Data/JPG_Chang/0ad73839711c5d376c235c5a43944d25.jpg</path>
	<source>
		<database>Unknown</database>
	</source>
	<size>
		<width>0</width>
		<height>0</height>
		<depth>3</depth>
	</size>
	<segmented>0</segmented>
	<object>
		<name>CallToAction</name>
		<pose>Unspecified</pose>
		<truncated>0</truncated>
		<difficult>0</difficult>
		<bndbox>
			<xmin>85</xmin>
			<ymin>153</ymin>
			<xmax>215</xmax>
			<ymax>197</ymax>
		</bndbox>
	</object>
	<object>
		<name>Offer</name>
		<pose>Unspecified</pose>
		<truncated>0</truncated>
		<difficult>0</difficult>
		<bndbox>
			<xmin>36</xmin>
			<ymin>71</ymin>
			<xmax>265</xmax>
			<ymax>141</ymax>
		</bndbox>
	</object>
</annotation>
