<annotation>
	<folder>JPG_Chang</folder>
	<filename>0ad7f99ea017008143bf1462828cece2f637cd6f.jpg</filename>
	<path>/Users/cliu/Data/JPG_Chang/0ad7f99ea017008143bf1462828cece2f637cd6f.jpg</path>
	<source>
		<database>Unknown</database>
	</source>
	<size>
		<width>728</width>
		<height>90</height>
		<depth>3</depth>
	</size>
	<segmented>0</segmented>
	<object>
		<name>CallToAction</name>
		<pose>Unspecified</pose>
		<truncated>0</truncated>
		<difficult>0</difficult>
		<bndbox>
			<xmin>610</xmin>
			<ymin>19</ymin>
			<xmax>720</xmax>
			<ymax>78</ymax>
		</bndbox>
	</object>
	<object>
		<name>Headline</name>
		<pose>Unspecified</pose>
		<truncated>0</truncated>
		<difficult>0</difficult>
		<bndbox>
			<xmin>417</xmin>
			<ymin>6</ymin>
			<xmax>601</xmax>
			<ymax>86</ymax>
		</bndbox>
	</object>
	<object>
		<name>Logo</name>
		<pose>Unspecified</pose>
		<truncated>0</truncated>
		<difficult>0</difficult>
		<bndbox>
			<xmin>18</xmin>
			<ymin>8</ymin>
			<xmax>179</xmax>
			<ymax>86</ymax>
		</bndbox>
	</object>
</annotation>
