<annotation>
	<folder>JPG_Chang</folder>
	<filename>0aebdab8cab20b69282bd0569ff23ef9.jpg</filename>
	<path>/Users/cliu/Data/JPG_Chang/0aebdab8cab20b69282bd0569ff23ef9.jpg</path>
	<source>
		<database>Unknown</database>
	</source>
	<size>
		<width>0</width>
		<height>0</height>
		<depth>3</depth>
	</size>
	<segmented>0</segmented>
	<object>
		<name>Logo</name>
		<pose>Unspecified</pose>
		<truncated>0</truncated>
		<difficult>0</difficult>
		<bndbox>
			<xmin>61</xmin>
			<ymin>23</ymin>
			<xmax>241</xmax>
			<ymax>55</ymax>
		</bndbox>
	</object>
	<object>
		<name>CallToAction</name>
		<pose>Unspecified</pose>
		<truncated>0</truncated>
		<difficult>0</difficult>
		<bndbox>
			<xmin>74</xmin>
			<ymin>184</ymin>
			<xmax>234</xmax>
			<ymax>233</ymax>
		</bndbox>
	</object>
	<object>
		<name>Headline</name>
		<pose>Unspecified</pose>
		<truncated>0</truncated>
		<difficult>0</difficult>
		<bndbox>
			<xmin>11</xmin>
			<ymin>76</ymin>
			<xmax>293</xmax>
			<ymax>167</ymax>
		</bndbox>
	</object>
</annotation>
