<annotation>
	<folder>JPG_Chang</folder>
	<filename>0aeb34616e11e07b813f6faa0080031e.jpg</filename>
	<path>/Users/cliu/Data/JPG_Chang/0aeb34616e11e07b813f6faa0080031e.jpg</path>
	<source>
		<database>Unknown</database>
	</source>
	<size>
		<width>0</width>
		<height>0</height>
		<depth>3</depth>
	</size>
	<segmented>0</segmented>
	<object>
		<name>CallToAction</name>
		<pose>Unspecified</pose>
		<truncated>0</truncated>
		<difficult>0</difficult>
		<bndbox>
			<xmin>127</xmin>
			<ymin>193</ymin>
			<xmax>293</xmax>
			<ymax>245</ymax>
		</bndbox>
	</object>
	<object>
		<name>HeroImage</name>
		<pose>Unspecified</pose>
		<truncated>1</truncated>
		<difficult>0</difficult>
		<bndbox>
			<xmin>1</xmin>
			<ymin>1</ymin>
			<xmax>120</xmax>
			<ymax>249</ymax>
		</bndbox>
	</object>
	<object>
		<name>Logo</name>
		<pose>Unspecified</pose>
		<truncated>0</truncated>
		<difficult>0</difficult>
		<bndbox>
			<xmin>163</xmin>
			<ymin>9</ymin>
			<xmax>250</xmax>
			<ymax>33</ymax>
		</bndbox>
	</object>
	<object>
		<name>Headline</name>
		<pose>Unspecified</pose>
		<truncated>0</truncated>
		<difficult>0</difficult>
		<bndbox>
			<xmin>130</xmin>
			<ymin>53</ymin>
			<xmax>283</xmax>
			<ymax>176</ymax>
		</bndbox>
	</object>
</annotation>
