<annotation>
	<folder>JPG_Chang</folder>
	<filename>0af10e7bba5621a087e013b82a5f42d7.jpg</filename>
	<path>/Users/cliu/Data/JPG_Chang/0af10e7bba5621a087e013b82a5f42d7.jpg</path>
	<source>
		<database>Unknown</database>
	</source>
	<size>
		<width>0</width>
		<height>0</height>
		<depth>3</depth>
	</size>
	<segmented>0</segmented>
	<object>
		<name>CallToAction</name>
		<pose>Unspecified</pose>
		<truncated>0</truncated>
		<difficult>0</difficult>
		<bndbox>
			<xmin>21</xmin>
			<ymin>205</ymin>
			<xmax>134</xmax>
			<ymax>241</ymax>
		</bndbox>
	</object>
	<object>
		<name>HeroImage</name>
		<pose>Unspecified</pose>
		<truncated>0</truncated>
		<difficult>0</difficult>
		<bndbox>
			<xmin>173</xmin>
			<ymin>5</ymin>
			<xmax>295</xmax>
			<ymax>185</ymax>
		</bndbox>
	</object>
	<object>
		<name>Headline</name>
		<pose>Unspecified</pose>
		<truncated>0</truncated>
		<difficult>0</difficult>
		<bndbox>
			<xmin>19</xmin>
			<ymin>143</ymin>
			<xmax>144</xmax>
			<ymax>189</ymax>
		</bndbox>
	</object>
	<object>
		<name>Headline2</name>
		<pose>Unspecified</pose>
		<truncated>0</truncated>
		<difficult>0</difficult>
		<bndbox>
			<xmin>22</xmin>
			<ymin>190</ymin>
			<xmax>285</xmax>
			<ymax>204</ymax>
		</bndbox>
	</object>
	<object>
		<name>Logo</name>
		<pose>Unspecified</pose>
		<truncated>0</truncated>
		<difficult>0</difficult>
		<bndbox>
			<xmin>19</xmin>
			<ymin>103</ymin>
			<xmax>154</xmax>
			<ymax>136</ymax>
		</bndbox>
	</object>
</annotation>
