<annotation>
	<folder>JPG_Chang</folder>
	<filename>0afc09fef0f1c51028eabc8e6a87943b.jpg</filename>
	<path>/Users/cliu/Data/JPG_Chang/0afc09fef0f1c51028eabc8e6a87943b.jpg</path>
	<source>
		<database>Unknown</database>
	</source>
	<size>
		<width>300</width>
		<height>250</height>
		<depth>3</depth>
	</size>
	<segmented>0</segmented>
	<object>
		<name>CallToAction</name>
		<pose>Unspecified</pose>
		<truncated>1</truncated>
		<difficult>0</difficult>
		<bndbox>
			<xmin>3</xmin>
			<ymin>227</ymin>
			<xmax>300</xmax>
			<ymax>249</ymax>
		</bndbox>
	</object>
	<object>
		<name>Logo</name>
		<pose>Unspecified</pose>
		<truncated>0</truncated>
		<difficult>0</difficult>
		<bndbox>
			<xmin>162</xmin>
			<ymin>171</ymin>
			<xmax>218</xmax>
			<ymax>220</ymax>
		</bndbox>
	</object>
	<object>
		<name>Headline</name>
		<pose>Unspecified</pose>
		<truncated>0</truncated>
		<difficult>0</difficult>
		<bndbox>
			<xmin>11</xmin>
			<ymin>38</ymin>
			<xmax>168</xmax>
			<ymax>127</ymax>
		</bndbox>
	</object>
	<object>
		<name>HeroImage</name>
		<pose>Unspecified</pose>
		<truncated>0</truncated>
		<difficult>0</difficult>
		<bndbox>
			<xmin>3</xmin>
			<ymin>130</ymin>
			<xmax>155</xmax>
			<ymax>225</ymax>
		</bndbox>
	</object>
</annotation>
