<annotation>
	<folder>JPG_Chang</folder>
	<filename>0affc1857c09e27e7a64bedf70501c8e.jpg</filename>
	<path>/Users/cliu/Data/JPG_Chang/0affc1857c09e27e7a64bedf70501c8e.jpg</path>
	<source>
		<database>Unknown</database>
	</source>
	<size>
		<width>300</width>
		<height>250</height>
		<depth>3</depth>
	</size>
	<segmented>0</segmented>
	<object>
		<name>CallToAction</name>
		<pose>Unspecified</pose>
		<truncated>0</truncated>
		<difficult>0</difficult>
		<bndbox>
			<xmin>81</xmin>
			<ymin>198</ymin>
			<xmax>221</xmax>
			<ymax>242</ymax>
		</bndbox>
	</object>
	<object>
		<name>Offer</name>
		<pose>Unspecified</pose>
		<truncated>0</truncated>
		<difficult>0</difficult>
		<bndbox>
			<xmin>16</xmin>
			<ymin>93</ymin>
			<xmax>276</xmax>
			<ymax>147</ymax>
		</bndbox>
	</object>
	<object>
		<name>Logo</name>
		<pose>Unspecified</pose>
		<truncated>0</truncated>
		<difficult>0</difficult>
		<bndbox>
			<xmin>96</xmin>
			<ymin>10</ymin>
			<xmax>205</xmax>
			<ymax>89</ymax>
		</bndbox>
	</object>
</annotation>
