<annotation>
	<folder>JPG_Chang</folder>
	<filename>0b03881cfd8a73d81c9b8989283821cc.jpg</filename>
	<path>/Users/cliu/Data/JPG_Chang/0b03881cfd8a73d81c9b8989283821cc.jpg</path>
	<source>
		<database>Unknown</database>
	</source>
	<size>
		<width>300</width>
		<height>250</height>
		<depth>3</depth>
	</size>
	<segmented>0</segmented>
	<object>
		<name>HeroImage</name>
		<pose>Unspecified</pose>
		<truncated>0</truncated>
		<difficult>0</difficult>
		<bndbox>
			<xmin>24</xmin>
			<ymin>70</ymin>
			<xmax>289</xmax>
			<ymax>147</ymax>
		</bndbox>
	</object>
	<object>
		<name>Logo</name>
		<pose>Unspecified</pose>
		<truncated>0</truncated>
		<difficult>0</difficult>
		<bndbox>
			<xmin>26</xmin>
			<ymin>17</ymin>
			<xmax>169</xmax>
			<ymax>56</ymax>
		</bndbox>
	</object>
	<object>
		<name>CallToAction</name>
		<pose>Unspecified</pose>
		<truncated>0</truncated>
		<difficult>0</difficult>
		<bndbox>
			<xmin>11</xmin>
			<ymin>216</ymin>
			<xmax>217</xmax>
			<ymax>248</ymax>
		</bndbox>
	</object>
	<object>
		<name>Headline</name>
		<pose>Unspecified</pose>
		<truncated>0</truncated>
		<difficult>0</difficult>
		<bndbox>
			<xmin>21</xmin>
			<ymin>165</ymin>
			<xmax>212</xmax>
			<ymax>206</ymax>
		</bndbox>
	</object>
	<object>
		<name>HeroImage2</name>
		<pose>Unspecified</pose>
		<truncated>1</truncated>
		<difficult>0</difficult>
		<bndbox>
			<xmin>221</xmin>
			<ymin>158</ymin>
			<xmax>288</xmax>
			<ymax>250</ymax>
		</bndbox>
	</object>
</annotation>
