<annotation>
	<folder>JPG_Chang</folder>
	<filename>0b03bd2bf7e505f50f3385d6c10253fe.jpg</filename>
	<path>/Users/cliu/Data/JPG_Chang/0b03bd2bf7e505f50f3385d6c10253fe.jpg</path>
	<source>
		<database>Unknown</database>
	</source>
	<size>
		<width>728</width>
		<height>90</height>
		<depth>3</depth>
	</size>
	<segmented>0</segmented>
	<object>
		<name>CallToAction</name>
		<pose>Unspecified</pose>
		<truncated>0</truncated>
		<difficult>0</difficult>
		<bndbox>
			<xmin>514</xmin>
			<ymin>39</ymin>
			<xmax>636</xmax>
			<ymax>83</ymax>
		</bndbox>
	</object>
	<object>
		<name>Headline</name>
		<pose>Unspecified</pose>
		<truncated>1</truncated>
		<difficult>0</difficult>
		<bndbox>
			<xmin>501</xmin>
			<ymin>1</ymin>
			<xmax>641</xmax>
			<ymax>32</ymax>
		</bndbox>
	</object>
	<object>
		<name>Headline</name>
		<pose>Unspecified</pose>
		<truncated>0</truncated>
		<difficult>0</difficult>
		<bndbox>
			<xmin>122</xmin>
			<ymin>22</ymin>
			<xmax>447</xmax>
			<ymax>67</ymax>
		</bndbox>
	</object>
</annotation>
