<annotation>
	<folder>JPG_Chang</folder>
	<filename>0b0e565c7c5211be4f691a0cb44b6097.jpg</filename>
	<path>/Users/cliu/Data/JPG_Chang/0b0e565c7c5211be4f691a0cb44b6097.jpg</path>
	<source>
		<database>Unknown</database>
	</source>
	<size>
		<width>300</width>
		<height>250</height>
		<depth>3</depth>
	</size>
	<segmented>0</segmented>
	<object>
		<name>HeroImage</name>
		<pose>Unspecified</pose>
		<truncated>0</truncated>
		<difficult>0</difficult>
		<bndbox>
			<xmin>6</xmin>
			<ymin>42</ymin>
			<xmax>296</xmax>
			<ymax>246</ymax>
		</bndbox>
	</object>
	<object>
		<name>Headline</name>
		<pose>Unspecified</pose>
		<truncated>0</truncated>
		<difficult>0</difficult>
		<bndbox>
			<xmin>23</xmin>
			<ymin>15</ymin>
			<xmax>182</xmax>
			<ymax>36</ymax>
		</bndbox>
	</object>
	<object>
		<name>Logo</name>
		<pose>Unspecified</pose>
		<truncated>0</truncated>
		<difficult>0</difficult>
		<bndbox>
			<xmin>209</xmin>
			<ymin>9</ymin>
			<xmax>291</xmax>
			<ymax>38</ymax>
		</bndbox>
	</object>
</annotation>
