<annotation>
	<folder>JPG_Chang</folder>
	<filename>0b0ffefb7f57caee6884e24684734e43.jpg</filename>
	<path>/Users/cliu/Data/JPG_Chang/0b0ffefb7f57caee6884e24684734e43.jpg</path>
	<source>
		<database>Unknown</database>
	</source>
	<size>
		<width>160</width>
		<height>600</height>
		<depth>3</depth>
	</size>
	<segmented>0</segmented>
	<object>
		<name>Headline</name>
		<pose>Unspecified</pose>
		<truncated>0</truncated>
		<difficult>0</difficult>
		<bndbox>
			<xmin>25</xmin>
			<ymin>18</ymin>
			<xmax>137</xmax>
			<ymax>79</ymax>
		</bndbox>
	</object>
	<object>
		<name>Headline2</name>
		<pose>Unspecified</pose>
		<truncated>0</truncated>
		<difficult>0</difficult>
		<bndbox>
			<xmin>8</xmin>
			<ymin>287</ymin>
			<xmax>153</xmax>
			<ymax>316</ymax>
		</bndbox>
	</object>
	<object>
		<name>Headline</name>
		<pose>Unspecified</pose>
		<truncated>0</truncated>
		<difficult>0</difficult>
		<bndbox>
			<xmin>7</xmin>
			<ymin>441</ymin>
			<xmax>151</xmax>
			<ymax>517</ymax>
		</bndbox>
	</object>
	<object>
		<name>HeroImage</name>
		<pose>Unspecified</pose>
		<truncated>0</truncated>
		<difficult>0</difficult>
		<bndbox>
			<xmin>18</xmin>
			<ymin>97</ymin>
			<xmax>142</xmax>
			<ymax>248</ymax>
		</bndbox>
	</object>
	<object>
		<name>HeroImage2</name>
		<pose>Unspecified</pose>
		<truncated>0</truncated>
		<difficult>0</difficult>
		<bndbox>
			<xmin>17</xmin>
			<ymin>322</ymin>
			<xmax>145</xmax>
			<ymax>418</ymax>
		</bndbox>
	</object>
	<object>
		<name>CallToAction</name>
		<pose>Unspecified</pose>
		<truncated>0</truncated>
		<difficult>0</difficult>
		<bndbox>
			<xmin>49</xmin>
			<ymin>542</ymin>
			<xmax>157</xmax>
			<ymax>594</ymax>
		</bndbox>
	</object>
</annotation>
