<annotation>
	<folder>JPG_Chang</folder>
	<filename>0b155f3c5612fe0d9cf6f73767f73c3f.jpg</filename>
	<path>/Users/cliu/Data/JPG_Chang/0b155f3c5612fe0d9cf6f73767f73c3f.jpg</path>
	<source>
		<database>Unknown</database>
	</source>
	<size>
		<width>0</width>
		<height>0</height>
		<depth>3</depth>
	</size>
	<segmented>0</segmented>
	<object>
		<name>CallToAction</name>
		<pose>Unspecified</pose>
		<truncated>0</truncated>
		<difficult>0</difficult>
		<bndbox>
			<xmin>16</xmin>
			<ymin>41</ymin>
			<xmax>206</xmax>
			<ymax>81</ymax>
		</bndbox>
	</object>
	<object>
		<name>Logo</name>
		<pose>Unspecified</pose>
		<truncated>0</truncated>
		<difficult>0</difficult>
		<bndbox>
			<xmin>223</xmin>
			<ymin>42</ymin>
			<xmax>392</xmax>
			<ymax>82</ymax>
		</bndbox>
	</object>
	<object>
		<name>Logo</name>
		<pose>Unspecified</pose>
		<truncated>0</truncated>
		<difficult>0</difficult>
		<bndbox>
			<xmin>622</xmin>
			<ymin>2</ymin>
			<xmax>713</xmax>
			<ymax>43</ymax>
		</bndbox>
	</object>
	<object>
		<name>Headline</name>
		<pose>Unspecified</pose>
		<truncated>0</truncated>
		<difficult>0</difficult>
		<bndbox>
			<xmin>19</xmin>
			<ymin>12</ymin>
			<xmax>498</xmax>
			<ymax>42</ymax>
		</bndbox>
	</object>
</annotation>
