<annotation>
	<folder>JPG_Chang</folder>
	<filename>0b1b155e00d33c3a653ae8f8c25f2b54.jpg</filename>
	<path>/Users/cliu/Data/JPG_Chang/0b1b155e00d33c3a653ae8f8c25f2b54.jpg</path>
	<source>
		<database>Unknown</database>
	</source>
	<size>
		<width>160</width>
		<height>600</height>
		<depth>3</depth>
	</size>
	<segmented>0</segmented>
	<object>
		<name>Headline</name>
		<pose>Unspecified</pose>
		<truncated>0</truncated>
		<difficult>0</difficult>
		<bndbox>
			<xmin>2</xmin>
			<ymin>65</ymin>
			<xmax>154</xmax>
			<ymax>181</ymax>
		</bndbox>
	</object>
	<object>
		<name>Offer</name>
		<pose>Unspecified</pose>
		<truncated>0</truncated>
		<difficult>0</difficult>
		<bndbox>
			<xmin>5</xmin>
			<ymin>182</ymin>
			<xmax>151</xmax>
			<ymax>218</ymax>
		</bndbox>
	</object>
	<object>
		<name>CallToAction</name>
		<pose>Unspecified</pose>
		<truncated>0</truncated>
		<difficult>0</difficult>
		<bndbox>
			<xmin>24</xmin>
			<ymin>223</ymin>
			<xmax>142</xmax>
			<ymax>250</ymax>
		</bndbox>
	</object>
	<object>
		<name>HeroImage</name>
		<pose>Unspecified</pose>
		<truncated>1</truncated>
		<difficult>0</difficult>
		<bndbox>
			<xmin>2</xmin>
			<ymin>285</ymin>
			<xmax>160</xmax>
			<ymax>592</ymax>
		</bndbox>
	</object>
</annotation>
