<annotation>
	<folder>JPG_Chang</folder>
	<filename>0b1fe618c87cc49b3a4b410fa0dcd583.jpg</filename>
	<path>/Users/cliu/Data/JPG_Chang/0b1fe618c87cc49b3a4b410fa0dcd583.jpg</path>
	<source>
		<database>Unknown</database>
	</source>
	<size>
		<width>728</width>
		<height>90</height>
		<depth>3</depth>
	</size>
	<segmented>0</segmented>
	<object>
		<name>CallToAction</name>
		<pose>Unspecified</pose>
		<truncated>0</truncated>
		<difficult>0</difficult>
		<bndbox>
			<xmin>120</xmin>
			<ymin>52</ymin>
			<xmax>268</xmax>
			<ymax>88</ymax>
		</bndbox>
	</object>
	<object>
		<name>Headline2</name>
		<pose>Unspecified</pose>
		<truncated>0</truncated>
		<difficult>0</difficult>
		<bndbox>
			<xmin>522</xmin>
			<ymin>61</ymin>
			<xmax>715</xmax>
			<ymax>81</ymax>
		</bndbox>
	</object>
	<object>
		<name>Headline</name>
		<pose>Unspecified</pose>
		<truncated>0</truncated>
		<difficult>0</difficult>
		<bndbox>
			<xmin>120</xmin>
			<ymin>9</ymin>
			<xmax>498</xmax>
			<ymax>47</ymax>
		</bndbox>
	</object>
	<object>
		<name>Logo</name>
		<pose>Unspecified</pose>
		<truncated>0</truncated>
		<difficult>0</difficult>
		<bndbox>
			<xmin>561</xmin>
			<ymin>9</ymin>
			<xmax>681</xmax>
			<ymax>59</ymax>
		</bndbox>
	</object>
	<object>
		<name>HeroImage</name>
		<pose>Unspecified</pose>
		<truncated>1</truncated>
		<difficult>0</difficult>
		<bndbox>
			<xmin>1</xmin>
			<ymin>1</ymin>
			<xmax>117</xmax>
			<ymax>90</ymax>
		</bndbox>
	</object>
</annotation>
