<annotation>
	<folder>JPG_Chang</folder>
	<filename>0b2444758eafbeabb06448da7fa7c509.jpg</filename>
	<path>/Users/cliu/Data/JPG_Chang/0b2444758eafbeabb06448da7fa7c509.jpg</path>
	<source>
		<database>Unknown</database>
	</source>
	<size>
		<width>300</width>
		<height>250</height>
		<depth>3</depth>
	</size>
	<segmented>0</segmented>
	<object>
		<name>HeroImage</name>
		<pose>Unspecified</pose>
		<truncated>0</truncated>
		<difficult>0</difficult>
		<bndbox>
			<xmin>7</xmin>
			<ymin>27</ymin>
			<xmax>173</xmax>
			<ymax>135</ymax>
		</bndbox>
	</object>
	<object>
		<name>Headline</name>
		<pose>Unspecified</pose>
		<truncated>0</truncated>
		<difficult>0</difficult>
		<bndbox>
			<xmin>12</xmin>
			<ymin>144</ymin>
			<xmax>285</xmax>
			<ymax>197</ymax>
		</bndbox>
	</object>
	<object>
		<name>Logo</name>
		<pose>Unspecified</pose>
		<truncated>0</truncated>
		<difficult>0</difficult>
		<bndbox>
			<xmin>171</xmin>
			<ymin>10</ymin>
			<xmax>293</xmax>
			<ymax>47</ymax>
		</bndbox>
	</object>
	<object>
		<name>CallToAction</name>
		<pose>Unspecified</pose>
		<truncated>0</truncated>
		<difficult>0</difficult>
		<bndbox>
			<xmin>166</xmin>
			<ymin>205</ymin>
			<xmax>293</xmax>
			<ymax>242</ymax>
		</bndbox>
	</object>
</annotation>
