<annotation>
	<folder>JPG_Chang</folder>
	<filename>0b3ea9e69f9c38d53e23cfc69c08f6f1.jpg</filename>
	<path>/Users/cliu/Data/JPG_Chang/0b3ea9e69f9c38d53e23cfc69c08f6f1.jpg</path>
	<source>
		<database>Unknown</database>
	</source>
	<size>
		<width>300</width>
		<height>250</height>
		<depth>3</depth>
	</size>
	<segmented>0</segmented>
	<object>
		<name>CallToAction</name>
		<pose>Unspecified</pose>
		<truncated>0</truncated>
		<difficult>0</difficult>
		<bndbox>
			<xmin>81</xmin>
			<ymin>75</ymin>
			<xmax>222</xmax>
			<ymax>121</ymax>
		</bndbox>
	</object>
	<object>
		<name>HeroImage</name>
		<pose>Unspecified</pose>
		<truncated>1</truncated>
		<difficult>0</difficult>
		<bndbox>
			<xmin>3</xmin>
			<ymin>123</ymin>
			<xmax>300</xmax>
			<ymax>246</ymax>
		</bndbox>
	</object>
	<object>
		<name>Headline</name>
		<pose>Unspecified</pose>
		<truncated>0</truncated>
		<difficult>0</difficult>
		<bndbox>
			<xmin>22</xmin>
			<ymin>40</ymin>
			<xmax>282</xmax>
			<ymax>61</ymax>
		</bndbox>
	</object>
	<object>
		<name>Logo</name>
		<pose>Unspecified</pose>
		<truncated>0</truncated>
		<difficult>0</difficult>
		<bndbox>
			<xmin>106</xmin>
			<ymin>7</ymin>
			<xmax>201</xmax>
			<ymax>30</ymax>
		</bndbox>
	</object>
</annotation>
