<annotation>
	<folder>JPG_Chang</folder>
	<filename>0b40d2a93d619adae223ef5ccc70554f.jpg</filename>
	<path>/Users/cliu/Data/JPG_Chang/0b40d2a93d619adae223ef5ccc70554f.jpg</path>
	<source>
		<database>Unknown</database>
	</source>
	<size>
		<width>0</width>
		<height>0</height>
		<depth>3</depth>
	</size>
	<segmented>0</segmented>
	<object>
		<name>Logo</name>
		<pose>Unspecified</pose>
		<truncated>0</truncated>
		<difficult>0</difficult>
		<bndbox>
			<xmin>8</xmin>
			<ymin>219</ymin>
			<xmax>151</xmax>
			<ymax>258</ymax>
		</bndbox>
	</object>
	<object>
		<name>HeroImage</name>
		<pose>Unspecified</pose>
		<truncated>1</truncated>
		<difficult>0</difficult>
		<bndbox>
			<xmin>1</xmin>
			<ymin>276</ymin>
			<xmax>160</xmax>
			<ymax>600</ymax>
		</bndbox>
	</object>
	<object>
		<name>CallToAction</name>
		<pose>Unspecified</pose>
		<truncated>0</truncated>
		<difficult>0</difficult>
		<bndbox>
			<xmin>3</xmin>
			<ymin>160</ymin>
			<xmax>155</xmax>
			<ymax>197</ymax>
		</bndbox>
	</object>
	<object>
		<name>Headline</name>
		<pose>Unspecified</pose>
		<truncated>0</truncated>
		<difficult>0</difficult>
		<bndbox>
			<xmin>9</xmin>
			<ymin>83</ymin>
			<xmax>155</xmax>
			<ymax>142</ymax>
		</bndbox>
	</object>
</annotation>
