<annotation>
	<folder>JPG_Chang</folder>
	<filename>0b46078158d2a543dfd6cc56a80e6c68.jpg</filename>
	<path>/Users/cliu/Data/JPG_Chang/0b46078158d2a543dfd6cc56a80e6c68.jpg</path>
	<source>
		<database>Unknown</database>
	</source>
	<size>
		<width>728</width>
		<height>90</height>
		<depth>3</depth>
	</size>
	<segmented>0</segmented>
	<object>
		<name>Logo</name>
		<pose>Unspecified</pose>
		<truncated>0</truncated>
		<difficult>0</difficult>
		<bndbox>
			<xmin>8</xmin>
			<ymin>14</ymin>
			<xmax>136</xmax>
			<ymax>73</ymax>
		</bndbox>
	</object>
	<object>
		<name>HeroImage</name>
		<pose>Unspecified</pose>
		<truncated>0</truncated>
		<difficult>0</difficult>
		<bndbox>
			<xmin>141</xmin>
			<ymin>7</ymin>
			<xmax>388</xmax>
			<ymax>87</ymax>
		</bndbox>
	</object>
	<object>
		<name>Headline</name>
		<pose>Unspecified</pose>
		<truncated>0</truncated>
		<difficult>0</difficult>
		<bndbox>
			<xmin>404</xmin>
			<ymin>20</ymin>
			<xmax>601</xmax>
			<ymax>71</ymax>
		</bndbox>
	</object>
	<object>
		<name>CallToAction</name>
		<pose>Unspecified</pose>
		<truncated>0</truncated>
		<difficult>0</difficult>
		<bndbox>
			<xmin>605</xmin>
			<ymin>22</ymin>
			<xmax>719</xmax>
			<ymax>67</ymax>
		</bndbox>
	</object>
</annotation>
