<annotation>
	<folder>JPG_Chang</folder>
	<filename>0b4878499cfca2b476a0cfc08e2524f0.jpg</filename>
	<path>/Users/cliu/Data/JPG_Chang/0b4878499cfca2b476a0cfc08e2524f0.jpg</path>
	<source>
		<database>Unknown</database>
	</source>
	<size>
		<width>300</width>
		<height>250</height>
		<depth>3</depth>
	</size>
	<segmented>0</segmented>
	<object>
		<name>CallToAction</name>
		<pose>Unspecified</pose>
		<truncated>0</truncated>
		<difficult>0</difficult>
		<bndbox>
			<xmin>13</xmin>
			<ymin>145</ymin>
			<xmax>161</xmax>
			<ymax>190</ymax>
		</bndbox>
	</object>
	<object>
		<name>Headline</name>
		<pose>Unspecified</pose>
		<truncated>0</truncated>
		<difficult>0</difficult>
		<bndbox>
			<xmin>7</xmin>
			<ymin>9</ymin>
			<xmax>212</xmax>
			<ymax>133</ymax>
		</bndbox>
	</object>
	<object>
		<name>HeroImage</name>
		<pose>Unspecified</pose>
		<truncated>1</truncated>
		<difficult>0</difficult>
		<bndbox>
			<xmin>211</xmin>
			<ymin>1</ymin>
			<xmax>300</xmax>
			<ymax>246</ymax>
		</bndbox>
	</object>
	<object>
		<name>Headline2</name>
		<pose>Unspecified</pose>
		<truncated>0</truncated>
		<difficult>0</difficult>
		<bndbox>
			<xmin>13</xmin>
			<ymin>204</ymin>
			<xmax>185</xmax>
			<ymax>238</ymax>
		</bndbox>
	</object>
</annotation>
