<annotation>
	<folder>JPG_Chang</folder>
	<filename>0b48aecf6362c746ddebcf5372bd9d5a.jpg</filename>
	<path>/Users/cliu/Data/JPG_Chang/0b48aecf6362c746ddebcf5372bd9d5a.jpg</path>
	<source>
		<database>Unknown</database>
	</source>
	<size>
		<width>728</width>
		<height>90</height>
		<depth>3</depth>
	</size>
	<segmented>0</segmented>
	<object>
		<name>CallToAction</name>
		<pose>Unspecified</pose>
		<truncated>0</truncated>
		<difficult>0</difficult>
		<bndbox>
			<xmin>496</xmin>
			<ymin>33</ymin>
			<xmax>648</xmax>
			<ymax>59</ymax>
		</bndbox>
	</object>
	<object>
		<name>HeroImage</name>
		<pose>Unspecified</pose>
		<truncated>1</truncated>
		<difficult>0</difficult>
		<bndbox>
			<xmin>9</xmin>
			<ymin>1</ymin>
			<xmax>440</xmax>
			<ymax>90</ymax>
		</bndbox>
	</object>
	<object>
		<name>Headline2</name>
		<pose>Unspecified</pose>
		<truncated>0</truncated>
		<difficult>0</difficult>
		<bndbox>
			<xmin>498</xmin>
			<ymin>63</ymin>
			<xmax>687</xmax>
			<ymax>82</ymax>
		</bndbox>
	</object>
</annotation>
