<annotation>
	<folder>JPG_Chang</folder>
	<filename>0b4ce3371499950759590aa7a8b23fd2.jpg</filename>
	<path>/Users/cliu/Data/JPG_Chang/0b4ce3371499950759590aa7a8b23fd2.jpg</path>
	<source>
		<database>Unknown</database>
	</source>
	<size>
		<width>300</width>
		<height>250</height>
		<depth>3</depth>
	</size>
	<segmented>0</segmented>
	<object>
		<name>Offer</name>
		<pose>Unspecified</pose>
		<truncated>0</truncated>
		<difficult>0</difficult>
		<bndbox>
			<xmin>19</xmin>
			<ymin>74</ymin>
			<xmax>177</xmax>
			<ymax>166</ymax>
		</bndbox>
	</object>
	<object>
		<name>Headline</name>
		<pose>Unspecified</pose>
		<truncated>0</truncated>
		<difficult>0</difficult>
		<bndbox>
			<xmin>19</xmin>
			<ymin>15</ymin>
			<xmax>282</xmax>
			<ymax>60</ymax>
		</bndbox>
	</object>
	<object>
		<name>CallToAction</name>
		<pose>Unspecified</pose>
		<truncated>0</truncated>
		<difficult>0</difficult>
		<bndbox>
			<xmin>169</xmin>
			<ymin>188</ymin>
			<xmax>269</xmax>
			<ymax>223</ymax>
		</bndbox>
	</object>
	<object>
		<name>Logo</name>
		<pose>Unspecified</pose>
		<truncated>0</truncated>
		<difficult>0</difficult>
		<bndbox>
			<xmin>26</xmin>
			<ymin>178</ymin>
			<xmax>156</xmax>
			<ymax>221</ymax>
		</bndbox>
	</object>
	<object>
		<name>Headline</name>
		<pose>Unspecified</pose>
		<truncated>0</truncated>
		<difficult>0</difficult>
		<bndbox>
			<xmin>183</xmin>
			<ymin>94</ymin>
			<xmax>287</xmax>
			<ymax>130</ymax>
		</bndbox>
	</object>
</annotation>
