<annotation>
	<folder>JPG_Chang</folder>
	<filename>0b4dc7bccbea95eb63feae2d27703006.jpg</filename>
	<path>/Users/cliu/Data/JPG_Chang/0b4dc7bccbea95eb63feae2d27703006.jpg</path>
	<source>
		<database>Unknown</database>
	</source>
	<size>
		<width>300</width>
		<height>250</height>
		<depth>3</depth>
	</size>
	<segmented>0</segmented>
	<object>
		<name>CallToAction</name>
		<pose>Unspecified</pose>
		<truncated>0</truncated>
		<difficult>0</difficult>
		<bndbox>
			<xmin>174</xmin>
			<ymin>194</ymin>
			<xmax>289</xmax>
			<ymax>238</ymax>
		</bndbox>
	</object>
	<object>
		<name>Headline</name>
		<pose>Unspecified</pose>
		<truncated>0</truncated>
		<difficult>0</difficult>
		<bndbox>
			<xmin>15</xmin>
			<ymin>91</ymin>
			<xmax>196</xmax>
			<ymax>191</ymax>
		</bndbox>
	</object>
	<object>
		<name>Headline2</name>
		<pose>Unspecified</pose>
		<truncated>0</truncated>
		<difficult>0</difficult>
		<bndbox>
			<xmin>15</xmin>
			<ymin>33</ymin>
			<xmax>282</xmax>
			<ymax>85</ymax>
		</bndbox>
	</object>
	<object>
		<name>Logo</name>
		<pose>Unspecified</pose>
		<truncated>0</truncated>
		<difficult>0</difficult>
		<bndbox>
			<xmin>158</xmin>
			<ymin>8</ymin>
			<xmax>290</xmax>
			<ymax>33</ymax>
		</bndbox>
	</object>
</annotation>
