<annotation>
	<folder>JPG_Chang</folder>
	<filename>0b545847fc5165cac52fd84542ff5cd6.jpg</filename>
	<path>/Users/cliu/Data/JPG_Chang/0b545847fc5165cac52fd84542ff5cd6.jpg</path>
	<source>
		<database>Unknown</database>
	</source>
	<size>
		<width>300</width>
		<height>250</height>
		<depth>3</depth>
	</size>
	<segmented>0</segmented>
	<object>
		<name>CallToAction</name>
		<pose>Unspecified</pose>
		<truncated>0</truncated>
		<difficult>0</difficult>
		<bndbox>
			<xmin>194</xmin>
			<ymin>141</ymin>
			<xmax>292</xmax>
			<ymax>233</ymax>
		</bndbox>
	</object>
	<object>
		<name>HeroImage</name>
		<pose>Unspecified</pose>
		<truncated>1</truncated>
		<difficult>0</difficult>
		<bndbox>
			<xmin>157</xmin>
			<ymin>1</ymin>
			<xmax>300</xmax>
			<ymax>129</ymax>
		</bndbox>
	</object>
	<object>
		<name>Headline</name>
		<pose>Unspecified</pose>
		<truncated>0</truncated>
		<difficult>0</difficult>
		<bndbox>
			<xmin>13</xmin>
			<ymin>130</ymin>
			<xmax>175</xmax>
			<ymax>188</ymax>
		</bndbox>
	</object>
	<object>
		<name>Headline2</name>
		<pose>Unspecified</pose>
		<truncated>0</truncated>
		<difficult>0</difficult>
		<bndbox>
			<xmin>12</xmin>
			<ymin>193</ymin>
			<xmax>179</xmax>
			<ymax>243</ymax>
		</bndbox>
	</object>
	<object>
		<name>Logo</name>
		<pose>Unspecified</pose>
		<truncated>0</truncated>
		<difficult>0</difficult>
		<bndbox>
			<xmin>13</xmin>
			<ymin>9</ymin>
			<xmax>141</xmax>
			<ymax>36</ymax>
		</bndbox>
	</object>
</annotation>
