<annotation>
	<folder>JPG_Chang</folder>
	<filename>0b6eeb8db71355a270b8bedbfb85483c.jpg</filename>
	<path>/Users/cliu/Data/JPG_Chang/0b6eeb8db71355a270b8bedbfb85483c.jpg</path>
	<source>
		<database>Unknown</database>
	</source>
	<size>
		<width>300</width>
		<height>250</height>
		<depth>3</depth>
	</size>
	<segmented>0</segmented>
	<object>
		<name>Logo</name>
		<pose>Unspecified</pose>
		<truncated>0</truncated>
		<difficult>0</difficult>
		<bndbox>
			<xmin>15</xmin>
			<ymin>186</ymin>
			<xmax>144</xmax>
			<ymax>246</ymax>
		</bndbox>
	</object>
	<object>
		<name>CallToAction</name>
		<pose>Unspecified</pose>
		<truncated>0</truncated>
		<difficult>0</difficult>
		<bndbox>
			<xmin>153</xmin>
			<ymin>190</ymin>
			<xmax>289</xmax>
			<ymax>227</ymax>
		</bndbox>
	</object>
	<object>
		<name>Offer</name>
		<pose>Unspecified</pose>
		<truncated>0</truncated>
		<difficult>0</difficult>
		<bndbox>
			<xmin>37</xmin>
			<ymin>89</ymin>
			<xmax>263</xmax>
			<ymax>166</ymax>
		</bndbox>
	</object>
	<object>
		<name>Headline</name>
		<pose>Unspecified</pose>
		<truncated>0</truncated>
		<difficult>0</difficult>
		<bndbox>
			<xmin>37</xmin>
			<ymin>18</ymin>
			<xmax>272</xmax>
			<ymax>77</ymax>
		</bndbox>
	</object>
</annotation>
