<annotation>
	<folder>JPG_Chang</folder>
	<filename>0b7415e1f898d8554b1e0186d9b26496.jpg</filename>
	<path>/Users/cliu/Data/JPG_Chang/0b7415e1f898d8554b1e0186d9b26496.jpg</path>
	<source>
		<database>Unknown</database>
	</source>
	<size>
		<width>300</width>
		<height>250</height>
		<depth>3</depth>
	</size>
	<segmented>0</segmented>
	<object>
		<name>CallToAction</name>
		<pose>Unspecified</pose>
		<truncated>0</truncated>
		<difficult>0</difficult>
		<bndbox>
			<xmin>7</xmin>
			<ymin>120</ymin>
			<xmax>132</xmax>
			<ymax>165</ymax>
		</bndbox>
	</object>
	<object>
		<name>Logo</name>
		<pose>Unspecified</pose>
		<truncated>0</truncated>
		<difficult>0</difficult>
		<bndbox>
			<xmin>8</xmin>
			<ymin>223</ymin>
			<xmax>77</xmax>
			<ymax>242</ymax>
		</bndbox>
	</object>
	<object>
		<name>Logo2</name>
		<pose>Unspecified</pose>
		<truncated>0</truncated>
		<difficult>0</difficult>
		<bndbox>
			<xmin>262</xmin>
			<ymin>220</ymin>
			<xmax>294</xmax>
			<ymax>246</ymax>
		</bndbox>
	</object>
	<object>
		<name>Headline</name>
		<pose>Unspecified</pose>
		<truncated>0</truncated>
		<difficult>0</difficult>
		<bndbox>
			<xmin>6</xmin>
			<ymin>18</ymin>
			<xmax>286</xmax>
			<ymax>106</ymax>
		</bndbox>
	</object>
</annotation>
