<annotation>
	<folder>JPG_Chang</folder>
	<filename>0b76274a8e90b1da58081b7b27dc9666.jpg</filename>
	<path>/Users/cliu/Data/JPG_Chang/0b76274a8e90b1da58081b7b27dc9666.jpg</path>
	<source>
		<database>Unknown</database>
	</source>
	<size>
		<width>300</width>
		<height>250</height>
		<depth>3</depth>
	</size>
	<segmented>0</segmented>
	<object>
		<name>CallToAction</name>
		<pose>Unspecified</pose>
		<truncated>0</truncated>
		<difficult>0</difficult>
		<bndbox>
			<xmin>52</xmin>
			<ymin>198</ymin>
			<xmax>164</xmax>
			<ymax>237</ymax>
		</bndbox>
	</object>
	<object>
		<name>HeroImage</name>
		<pose>Unspecified</pose>
		<truncated>0</truncated>
		<difficult>0</difficult>
		<bndbox>
			<xmin>174</xmin>
			<ymin>129</ymin>
			<xmax>293</xmax>
			<ymax>248</ymax>
		</bndbox>
	</object>
	<object>
		<name>Headline</name>
		<pose>Unspecified</pose>
		<truncated>0</truncated>
		<difficult>0</difficult>
		<bndbox>
			<xmin>65</xmin>
			<ymin>27</ymin>
			<xmax>246</xmax>
			<ymax>83</ymax>
		</bndbox>
	</object>
	<object>
		<name>HeroImage</name>
		<pose>Unspecified</pose>
		<truncated>0</truncated>
		<difficult>0</difficult>
		<bndbox>
			<xmin>2</xmin>
			<ymin>84</ymin>
			<xmax>167</xmax>
			<ymax>196</ymax>
		</bndbox>
	</object>
</annotation>
