<annotation>
	<folder>JPG_Chang</folder>
	<filename>0b784282514ad233dbb74a0dc5006332.jpg</filename>
	<path>/Users/cliu/Data/JPG_Chang/0b784282514ad233dbb74a0dc5006332.jpg</path>
	<source>
		<database>Unknown</database>
	</source>
	<size>
		<width>728</width>
		<height>90</height>
		<depth>3</depth>
	</size>
	<segmented>0</segmented>
	<object>
		<name>Headline</name>
		<pose>Unspecified</pose>
		<truncated>0</truncated>
		<difficult>0</difficult>
		<bndbox>
			<xmin>18</xmin>
			<ymin>25</ymin>
			<xmax>547</xmax>
			<ymax>67</ymax>
		</bndbox>
	</object>
	<object>
		<name>CallToAction</name>
		<pose>Unspecified</pose>
		<truncated>0</truncated>
		<difficult>0</difficult>
		<bndbox>
			<xmin>571</xmin>
			<ymin>34</ymin>
			<xmax>723</xmax>
			<ymax>86</ymax>
		</bndbox>
	</object>
	<object>
		<name>Logo</name>
		<pose>Unspecified</pose>
		<truncated>0</truncated>
		<difficult>0</difficult>
		<bndbox>
			<xmin>593</xmin>
			<ymin>2</ymin>
			<xmax>720</xmax>
			<ymax>30</ymax>
		</bndbox>
	</object>
</annotation>
