<annotation>
	<folder>JPG_Chang</folder>
	<filename>0b86217d54c798f5d29b3a3fc43bebd7.jpg</filename>
	<path>/Users/cliu/Data/JPG_Chang/0b86217d54c798f5d29b3a3fc43bebd7.jpg</path>
	<source>
		<database>Unknown</database>
	</source>
	<size>
		<width>300</width>
		<height>250</height>
		<depth>3</depth>
	</size>
	<segmented>0</segmented>
	<object>
		<name>CallToAction</name>
		<pose>Unspecified</pose>
		<truncated>0</truncated>
		<difficult>0</difficult>
		<bndbox>
			<xmin>13</xmin>
			<ymin>204</ymin>
			<xmax>120</xmax>
			<ymax>238</ymax>
		</bndbox>
	</object>
	<object>
		<name>HeroImage2</name>
		<pose>Unspecified</pose>
		<truncated>1</truncated>
		<difficult>0</difficult>
		<bndbox>
			<xmin>203</xmin>
			<ymin>129</ymin>
			<xmax>293</xmax>
			<ymax>250</ymax>
		</bndbox>
	</object>
	<object>
		<name>HeroImage</name>
		<pose>Unspecified</pose>
		<truncated>1</truncated>
		<difficult>0</difficult>
		<bndbox>
			<xmin>109</xmin>
			<ymin>1</ymin>
			<xmax>300</xmax>
			<ymax>117</ymax>
		</bndbox>
	</object>
	<object>
		<name>Headline</name>
		<pose>Unspecified</pose>
		<truncated>0</truncated>
		<difficult>0</difficult>
		<bndbox>
			<xmin>13</xmin>
			<ymin>126</ymin>
			<xmax>196</xmax>
			<ymax>198</ymax>
		</bndbox>
	</object>
	<object>
		<name>Logo</name>
		<pose>Unspecified</pose>
		<truncated>0</truncated>
		<difficult>0</difficult>
		<bndbox>
			<xmin>15</xmin>
			<ymin>56</ymin>
			<xmax>107</xmax>
			<ymax>97</ymax>
		</bndbox>
	</object>
</annotation>
