<annotation>
	<folder>JPG_Chang</folder>
	<filename>0b8fb7324a777fc4b9a5553ec8cdc375.jpg</filename>
	<path>/Users/cliu/Data/JPG_Chang/0b8fb7324a777fc4b9a5553ec8cdc375.jpg</path>
	<source>
		<database>Unknown</database>
	</source>
	<size>
		<width>300</width>
		<height>250</height>
		<depth>3</depth>
	</size>
	<segmented>0</segmented>
	<object>
		<name>CallToAction</name>
		<pose>Unspecified</pose>
		<truncated>0</truncated>
		<difficult>0</difficult>
		<bndbox>
			<xmin>8</xmin>
			<ymin>90</ymin>
			<xmax>295</xmax>
			<ymax>164</ymax>
		</bndbox>
	</object>
	<object>
		<name>Offer</name>
		<pose>Unspecified</pose>
		<truncated>0</truncated>
		<difficult>0</difficult>
		<bndbox>
			<xmin>10</xmin>
			<ymin>169</ymin>
			<xmax>287</xmax>
			<ymax>233</ymax>
		</bndbox>
	</object>
	<object>
		<name>Logo</name>
		<pose>Unspecified</pose>
		<truncated>0</truncated>
		<difficult>0</difficult>
		<bndbox>
			<xmin>71</xmin>
			<ymin>9</ymin>
			<xmax>226</xmax>
			<ymax>82</ymax>
		</bndbox>
	</object>
</annotation>
