<annotation>
	<folder>JPG_Chang</folder>
	<filename>0b9083545e40202d08a00e9a771dd9f1.jpg</filename>
	<path>/Users/cliu/Data/JPG_Chang/0b9083545e40202d08a00e9a771dd9f1.jpg</path>
	<source>
		<database>Unknown</database>
	</source>
	<size>
		<width>728</width>
		<height>90</height>
		<depth>3</depth>
	</size>
	<segmented>0</segmented>
	<object>
		<name>Logo</name>
		<pose>Unspecified</pose>
		<truncated>0</truncated>
		<difficult>0</difficult>
		<bndbox>
			<xmin>15</xmin>
			<ymin>26</ymin>
			<xmax>106</xmax>
			<ymax>65</ymax>
		</bndbox>
	</object>
	<object>
		<name>HeroImage</name>
		<pose>Unspecified</pose>
		<truncated>0</truncated>
		<difficult>0</difficult>
		<bndbox>
			<xmin>124</xmin>
			<ymin>7</ymin>
			<xmax>272</xmax>
			<ymax>86</ymax>
		</bndbox>
	</object>
	<object>
		<name>Headline</name>
		<pose>Unspecified</pose>
		<truncated>0</truncated>
		<difficult>0</difficult>
		<bndbox>
			<xmin>288</xmin>
			<ymin>17</ymin>
			<xmax>559</xmax>
			<ymax>65</ymax>
		</bndbox>
	</object>
	<object>
		<name>CallToAction</name>
		<pose>Unspecified</pose>
		<truncated>0</truncated>
		<difficult>0</difficult>
		<bndbox>
			<xmin>582</xmin>
			<ymin>25</ymin>
			<xmax>718</xmax>
			<ymax>68</ymax>
		</bndbox>
	</object>
</annotation>
