<annotation>
	<folder>JPG_Chang</folder>
	<filename>0b92b8708d9b64dd0d36291f148e1637.jpg</filename>
	<path>/Users/cliu/Data/JPG_Chang/0b92b8708d9b64dd0d36291f148e1637.jpg</path>
	<source>
		<database>Unknown</database>
	</source>
	<size>
		<width>160</width>
		<height>600</height>
		<depth>3</depth>
	</size>
	<segmented>0</segmented>
	<object>
		<name>CallToAction</name>
		<pose>Unspecified</pose>
		<truncated>0</truncated>
		<difficult>0</difficult>
		<bndbox>
			<xmin>11</xmin>
			<ymin>505</ymin>
			<xmax>151</xmax>
			<ymax>558</ymax>
		</bndbox>
	</object>
	<object>
		<name>HeroImage</name>
		<pose>Unspecified</pose>
		<truncated>1</truncated>
		<difficult>0</difficult>
		<bndbox>
			<xmin>1</xmin>
			<ymin>293</ymin>
			<xmax>160</xmax>
			<ymax>510</ymax>
		</bndbox>
	</object>
	<object>
		<name>Offer</name>
		<pose>Unspecified</pose>
		<truncated>0</truncated>
		<difficult>0</difficult>
		<bndbox>
			<xmin>8</xmin>
			<ymin>87</ymin>
			<xmax>156</xmax>
			<ymax>261</ymax>
		</bndbox>
	</object>
	<object>
		<name>Logo</name>
		<pose>Unspecified</pose>
		<truncated>0</truncated>
		<difficult>0</difficult>
		<bndbox>
			<xmin>8</xmin>
			<ymin>8</ymin>
			<xmax>154</xmax>
			<ymax>78</ymax>
		</bndbox>
	</object>
</annotation>
