<annotation>
	<folder>JPG_Chang</folder>
	<filename>0b933655760399c95350d93c21792f6a.jpg</filename>
	<path>/Users/cliu/Data/JPG_Chang/0b933655760399c95350d93c21792f6a.jpg</path>
	<source>
		<database>Unknown</database>
	</source>
	<size>
		<width>0</width>
		<height>0</height>
		<depth>3</depth>
	</size>
	<segmented>0</segmented>
	<object>
		<name>CallToAction</name>
		<pose>Unspecified</pose>
		<truncated>0</truncated>
		<difficult>0</difficult>
		<bndbox>
			<xmin>175</xmin>
			<ymin>188</ymin>
			<xmax>274</xmax>
			<ymax>216</ymax>
		</bndbox>
	</object>
	<object>
		<name>Headline</name>
		<pose>Unspecified</pose>
		<truncated>0</truncated>
		<difficult>0</difficult>
		<bndbox>
			<xmin>11</xmin>
			<ymin>100</ymin>
			<xmax>191</xmax>
			<ymax>173</ymax>
		</bndbox>
	</object>
	<object>
		<name>HeroImage</name>
		<pose>Unspecified</pose>
		<truncated>1</truncated>
		<difficult>0</difficult>
		<bndbox>
			<xmin>206</xmin>
			<ymin>1</ymin>
			<xmax>300</xmax>
			<ymax>175</ymax>
		</bndbox>
	</object>
	<object>
		<name>Logo</name>
		<pose>Unspecified</pose>
		<truncated>0</truncated>
		<difficult>0</difficult>
		<bndbox>
			<xmin>16</xmin>
			<ymin>16</ymin>
			<xmax>155</xmax>
			<ymax>69</ymax>
		</bndbox>
	</object>
</annotation>
