<annotation>
	<folder>JPG_Chang</folder>
	<filename>0b9cd23ab875874f4d63010828a71282.jpg</filename>
	<path>/Users/cliu/Data/JPG_Chang/0b9cd23ab875874f4d63010828a71282.jpg</path>
	<source>
		<database>Unknown</database>
	</source>
	<size>
		<width>300</width>
		<height>250</height>
		<depth>3</depth>
	</size>
	<segmented>0</segmented>
	<object>
		<name>CallToAction</name>
		<pose>Unspecified</pose>
		<truncated>0</truncated>
		<difficult>0</difficult>
		<bndbox>
			<xmin>148</xmin>
			<ymin>187</ymin>
			<xmax>298</xmax>
			<ymax>246</ymax>
		</bndbox>
	</object>
	<object>
		<name>Logo</name>
		<pose>Unspecified</pose>
		<truncated>0</truncated>
		<difficult>0</difficult>
		<bndbox>
			<xmin>55</xmin>
			<ymin>105</ymin>
			<xmax>251</xmax>
			<ymax>151</ymax>
		</bndbox>
	</object>
	<object>
		<name>Offer</name>
		<pose>Unspecified</pose>
		<truncated>0</truncated>
		<difficult>0</difficult>
		<bndbox>
			<xmin>9</xmin>
			<ymin>62</ymin>
			<xmax>293</xmax>
			<ymax>89</ymax>
		</bndbox>
	</object>
	<object>
		<name>Logo</name>
		<pose>Unspecified</pose>
		<truncated>0</truncated>
		<difficult>0</difficult>
		<bndbox>
			<xmin>7</xmin>
			<ymin>190</ymin>
			<xmax>144</xmax>
			<ymax>220</ymax>
		</bndbox>
	</object>
</annotation>
