<annotation>
	<folder>JPG_Chang</folder>
	<filename>0b9f6fde54295b3dea8b8dfe6c8b6f64.jpg</filename>
	<path>/Users/cliu/Data/JPG_Chang/0b9f6fde54295b3dea8b8dfe6c8b6f64.jpg</path>
	<source>
		<database>Unknown</database>
	</source>
	<size>
		<width>728</width>
		<height>90</height>
		<depth>3</depth>
	</size>
	<segmented>0</segmented>
	<object>
		<name>CallToAction</name>
		<pose>Unspecified</pose>
		<truncated>0</truncated>
		<difficult>0</difficult>
		<bndbox>
			<xmin>620</xmin>
			<ymin>47</ymin>
			<xmax>710</xmax>
			<ymax>78</ymax>
		</bndbox>
	</object>
	<object>
		<name>Logo</name>
		<pose>Unspecified</pose>
		<truncated>0</truncated>
		<difficult>0</difficult>
		<bndbox>
			<xmin>615</xmin>
			<ymin>11</ymin>
			<xmax>716</xmax>
			<ymax>44</ymax>
		</bndbox>
	</object>
	<object>
		<name>HeroImage</name>
		<pose>Unspecified</pose>
		<truncated>1</truncated>
		<difficult>0</difficult>
		<bndbox>
			<xmin>2</xmin>
			<ymin>1</ymin>
			<xmax>143</xmax>
			<ymax>88</ymax>
		</bndbox>
	</object>
	<object>
		<name>Headline</name>
		<pose>Unspecified</pose>
		<truncated>0</truncated>
		<difficult>0</difficult>
		<bndbox>
			<xmin>145</xmin>
			<ymin>13</ymin>
			<xmax>558</xmax>
			<ymax>73</ymax>
		</bndbox>
	</object>
</annotation>
