<annotation>
	<folder>JPG_Chang</folder>
	<filename>0ba2d801ffb09abe64f652ae0531f24e.jpg</filename>
	<path>/Users/cliu/Data/JPG_Chang/0ba2d801ffb09abe64f652ae0531f24e.jpg</path>
	<source>
		<database>Unknown</database>
	</source>
	<size>
		<width>0</width>
		<height>0</height>
		<depth>3</depth>
	</size>
	<segmented>0</segmented>
	<object>
		<name>CallToAction</name>
		<pose>Unspecified</pose>
		<truncated>0</truncated>
		<difficult>0</difficult>
		<bndbox>
			<xmin>10</xmin>
			<ymin>164</ymin>
			<xmax>125</xmax>
			<ymax>222</ymax>
		</bndbox>
	</object>
	<object>
		<name>HeroImage</name>
		<pose>Unspecified</pose>
		<truncated>0</truncated>
		<difficult>0</difficult>
		<bndbox>
			<xmin>198</xmin>
			<ymin>3</ymin>
			<xmax>300</xmax>
			<ymax>247</ymax>
		</bndbox>
	</object>
	<object>
		<name>CallToAction</name>
		<pose>Unspecified</pose>
		<truncated>0</truncated>
		<difficult>0</difficult>
		<bndbox>
			<xmin>13</xmin>
			<ymin>13</ymin>
			<xmax>101</xmax>
			<ymax>37</ymax>
		</bndbox>
	</object>
	<object>
		<name>Headline</name>
		<pose>Unspecified</pose>
		<truncated>0</truncated>
		<difficult>0</difficult>
		<bndbox>
			<xmin>9</xmin>
			<ymin>69</ymin>
			<xmax>195</xmax>
			<ymax>154</ymax>
		</bndbox>
	</object>
</annotation>
