<annotation>
	<folder>JPG_Chang</folder>
	<filename>0ba43b8b7d70ffcf1b6ce5a9be28913f.jpg</filename>
	<path>/Users/cliu/Data/JPG_Chang/0ba43b8b7d70ffcf1b6ce5a9be28913f.jpg</path>
	<source>
		<database>Unknown</database>
	</source>
	<size>
		<width>728</width>
		<height>90</height>
		<depth>3</depth>
	</size>
	<segmented>0</segmented>
	<object>
		<name>Logo</name>
		<pose>Unspecified</pose>
		<truncated>0</truncated>
		<difficult>0</difficult>
		<bndbox>
			<xmin>14</xmin>
			<ymin>24</ymin>
			<xmax>144</xmax>
			<ymax>69</ymax>
		</bndbox>
	</object>
	<object>
		<name>Headline</name>
		<pose>Unspecified</pose>
		<truncated>0</truncated>
		<difficult>0</difficult>
		<bndbox>
			<xmin>167</xmin>
			<ymin>30</ymin>
			<xmax>398</xmax>
			<ymax>60</ymax>
		</bndbox>
	</object>
	<object>
		<name>CallToAction</name>
		<pose>Unspecified</pose>
		<truncated>0</truncated>
		<difficult>0</difficult>
		<bndbox>
			<xmin>441</xmin>
			<ymin>29</ymin>
			<xmax>536</xmax>
			<ymax>65</ymax>
		</bndbox>
	</object>
	<object>
		<name>HeroImage</name>
		<pose>Unspecified</pose>
		<truncated>0</truncated>
		<difficult>0</difficult>
		<bndbox>
			<xmin>563</xmin>
			<ymin>6</ymin>
			<xmax>722</xmax>
			<ymax>83</ymax>
		</bndbox>
	</object>
</annotation>
