<annotation>
	<folder>JPG_Chang</folder>
	<filename>0ba876a1cbd0fa5e665369eb89d3abf2.jpg</filename>
	<path>/Users/cliu/Data/JPG_Chang/0ba876a1cbd0fa5e665369eb89d3abf2.jpg</path>
	<source>
		<database>Unknown</database>
	</source>
	<size>
		<width>728</width>
		<height>90</height>
		<depth>3</depth>
	</size>
	<segmented>0</segmented>
	<object>
		<name>Logo</name>
		<pose>Unspecified</pose>
		<truncated>0</truncated>
		<difficult>0</difficult>
		<bndbox>
			<xmin>10</xmin>
			<ymin>7</ymin>
			<xmax>250</xmax>
			<ymax>46</ymax>
		</bndbox>
	</object>
	<object>
		<name>Headline</name>
		<pose>Unspecified</pose>
		<truncated>0</truncated>
		<difficult>0</difficult>
		<bndbox>
			<xmin>261</xmin>
			<ymin>5</ymin>
			<xmax>614</xmax>
			<ymax>52</ymax>
		</bndbox>
	</object>
	<object>
		<name>CallToAction</name>
		<pose>Unspecified</pose>
		<truncated>0</truncated>
		<difficult>0</difficult>
		<bndbox>
			<xmin>626</xmin>
			<ymin>13</ymin>
			<xmax>714</xmax>
			<ymax>44</ymax>
		</bndbox>
	</object>
	<object>
		<name>Headline2</name>
		<pose>Unspecified</pose>
		<truncated>0</truncated>
		<difficult>0</difficult>
		<bndbox>
			<xmin>44</xmin>
			<ymin>51</ymin>
			<xmax>719</xmax>
			<ymax>85</ymax>
		</bndbox>
	</object>
</annotation>
