<annotation>
	<folder>JPG_Chang</folder>
	<filename>0bb486b6564a655cbd913e664ff4e374.jpg</filename>
	<path>/Users/cliu/Data/JPG_Chang/0bb486b6564a655cbd913e664ff4e374.jpg</path>
	<source>
		<database>Unknown</database>
	</source>
	<size>
		<width>728</width>
		<height>90</height>
		<depth>3</depth>
	</size>
	<segmented>0</segmented>
	<object>
		<name>HeroImage</name>
		<pose>Unspecified</pose>
		<truncated>0</truncated>
		<difficult>0</difficult>
		<bndbox>
			<xmin>375</xmin>
			<ymin>6</ymin>
			<xmax>543</xmax>
			<ymax>86</ymax>
		</bndbox>
	</object>
	<object>
		<name>CallToAction</name>
		<pose>Unspecified</pose>
		<truncated>0</truncated>
		<difficult>0</difficult>
		<bndbox>
			<xmin>560</xmin>
			<ymin>22</ymin>
			<xmax>715</xmax>
			<ymax>66</ymax>
		</bndbox>
	</object>
	<object>
		<name>Headline</name>
		<pose>Unspecified</pose>
		<truncated>0</truncated>
		<difficult>0</difficult>
		<bndbox>
			<xmin>152</xmin>
			<ymin>15</ymin>
			<xmax>349</xmax>
			<ymax>61</ymax>
		</bndbox>
	</object>
	<object>
		<name>Logo</name>
		<pose>Unspecified</pose>
		<truncated>0</truncated>
		<difficult>0</difficult>
		<bndbox>
			<xmin>10</xmin>
			<ymin>22</ymin>
			<xmax>124</xmax>
			<ymax>67</ymax>
		</bndbox>
	</object>
</annotation>
