<annotation>
	<folder>JPG_Chang</folder>
	<filename>0bb7601fd5f98f6f8070c05fb0ca5e6e.jpg</filename>
	<path>/Users/cliu/Data/JPG_Chang/0bb7601fd5f98f6f8070c05fb0ca5e6e.jpg</path>
	<source>
		<database>Unknown</database>
	</source>
	<size>
		<width>728</width>
		<height>90</height>
		<depth>3</depth>
	</size>
	<segmented>0</segmented>
	<object>
		<name>Logo</name>
		<pose>Unspecified</pose>
		<truncated>0</truncated>
		<difficult>0</difficult>
		<bndbox>
			<xmin>44</xmin>
			<ymin>4</ymin>
			<xmax>163</xmax>
			<ymax>46</ymax>
		</bndbox>
	</object>
	<object>
		<name>Logo</name>
		<pose>Unspecified</pose>
		<truncated>0</truncated>
		<difficult>0</difficult>
		<bndbox>
			<xmin>6</xmin>
			<ymin>64</ymin>
			<xmax>131</xmax>
			<ymax>81</ymax>
		</bndbox>
	</object>
	<object>
		<name>Headline</name>
		<pose>Unspecified</pose>
		<truncated>0</truncated>
		<difficult>0</difficult>
		<bndbox>
			<xmin>211</xmin>
			<ymin>9</ymin>
			<xmax>504</xmax>
			<ymax>84</ymax>
		</bndbox>
	</object>
	<object>
		<name>HeroImage</name>
		<pose>Unspecified</pose>
		<truncated>1</truncated>
		<difficult>0</difficult>
		<bndbox>
			<xmin>520</xmin>
			<ymin>1</ymin>
			<xmax>725</xmax>
			<ymax>89</ymax>
		</bndbox>
	</object>
</annotation>
