<annotation>
	<folder>JPG_Chang</folder>
	<filename>0bbf8567f60e616b4ceb373777541f90.jpg</filename>
	<path>/Users/cliu/Data/JPG_Chang/0bbf8567f60e616b4ceb373777541f90.jpg</path>
	<source>
		<database>Unknown</database>
	</source>
	<size>
		<width>728</width>
		<height>90</height>
		<depth>3</depth>
	</size>
	<segmented>0</segmented>
	<object>
		<name>Headline</name>
		<pose>Unspecified</pose>
		<truncated>0</truncated>
		<difficult>0</difficult>
		<bndbox>
			<xmin>437</xmin>
			<ymin>19</ymin>
			<xmax>633</xmax>
			<ymax>73</ymax>
		</bndbox>
	</object>
	<object>
		<name>Logo</name>
		<pose>Unspecified</pose>
		<truncated>0</truncated>
		<difficult>0</difficult>
		<bndbox>
			<xmin>93</xmin>
			<ymin>2</ymin>
			<xmax>399</xmax>
			<ymax>83</ymax>
		</bndbox>
	</object>
	<object>
		<name>HeroImage</name>
		<pose>Unspecified</pose>
		<truncated>1</truncated>
		<difficult>0</difficult>
		<bndbox>
			<xmin>635</xmin>
			<ymin>2</ymin>
			<xmax>727</xmax>
			<ymax>90</ymax>
		</bndbox>
	</object>
</annotation>
