<annotation>
	<folder>JPG_Chang</folder>
	<filename>0bc0ba75a649623a943f046e6f59b8b7.jpg</filename>
	<path>/Users/cliu/Data/JPG_Chang/0bc0ba75a649623a943f046e6f59b8b7.jpg</path>
	<source>
		<database>Unknown</database>
	</source>
	<size>
		<width>0</width>
		<height>0</height>
		<depth>3</depth>
	</size>
	<segmented>0</segmented>
	<object>
		<name>CallToAction</name>
		<pose>Unspecified</pose>
		<truncated>0</truncated>
		<difficult>0</difficult>
		<bndbox>
			<xmin>151</xmin>
			<ymin>212</ymin>
			<xmax>285</xmax>
			<ymax>240</ymax>
		</bndbox>
	</object>
	<object>
		<name>Logo</name>
		<pose>Unspecified</pose>
		<truncated>0</truncated>
		<difficult>0</difficult>
		<bndbox>
			<xmin>16</xmin>
			<ymin>205</ymin>
			<xmax>107</xmax>
			<ymax>243</ymax>
		</bndbox>
	</object>
	<object>
		<name>Headline2</name>
		<pose>Unspecified</pose>
		<truncated>0</truncated>
		<difficult>0</difficult>
		<bndbox>
			<xmin>5</xmin>
			<ymin>71</ymin>
			<xmax>182</xmax>
			<ymax>99</ymax>
		</bndbox>
	</object>
	<object>
		<name>Headline</name>
		<pose>Unspecified</pose>
		<truncated>0</truncated>
		<difficult>0</difficult>
		<bndbox>
			<xmin>6</xmin>
			<ymin>17</ymin>
			<xmax>269</xmax>
			<ymax>69</ymax>
		</bndbox>
	</object>
	<object>
		<name>HeroImage</name>
		<pose>Unspecified</pose>
		<truncated>0</truncated>
		<difficult>0</difficult>
		<bndbox>
			<xmin>5</xmin>
			<ymin>101</ymin>
			<xmax>295</xmax>
			<ymax>199</ymax>
		</bndbox>
	</object>
</annotation>
