<annotation>
	<folder>JPG_Chang</folder>
	<filename>0bc28fa2f8e20dff0a8c278595e2822d.jpg</filename>
	<path>/Users/cliu/Data/JPG_Chang/0bc28fa2f8e20dff0a8c278595e2822d.jpg</path>
	<source>
		<database>Unknown</database>
	</source>
	<size>
		<width>300</width>
		<height>250</height>
		<depth>3</depth>
	</size>
	<segmented>0</segmented>
	<object>
		<name>Logo</name>
		<pose>Unspecified</pose>
		<truncated>0</truncated>
		<difficult>0</difficult>
		<bndbox>
			<xmin>7</xmin>
			<ymin>214</ymin>
			<xmax>129</xmax>
			<ymax>237</ymax>
		</bndbox>
	</object>
	<object>
		<name>CallToAction</name>
		<pose>Unspecified</pose>
		<truncated>0</truncated>
		<difficult>0</difficult>
		<bndbox>
			<xmin>181</xmin>
			<ymin>211</ymin>
			<xmax>291</xmax>
			<ymax>241</ymax>
		</bndbox>
	</object>
	<object>
		<name>Offer</name>
		<pose>Unspecified</pose>
		<truncated>0</truncated>
		<difficult>0</difficult>
		<bndbox>
			<xmin>43</xmin>
			<ymin>151</ymin>
			<xmax>276</xmax>
			<ymax>187</ymax>
		</bndbox>
	</object>
	<object>
		<name>Headline</name>
		<pose>Unspecified</pose>
		<truncated>0</truncated>
		<difficult>0</difficult>
		<bndbox>
			<xmin>15</xmin>
			<ymin>30</ymin>
			<xmax>292</xmax>
			<ymax>139</ymax>
		</bndbox>
	</object>
</annotation>
