<annotation>
	<folder>JPG_Chang</folder>
	<filename>0bc478019ae408d2dd4a8f8fd70e3cf5.jpg</filename>
	<path>/Users/cliu/Data/JPG_Chang/0bc478019ae408d2dd4a8f8fd70e3cf5.jpg</path>
	<source>
		<database>Unknown</database>
	</source>
	<size>
		<width>728</width>
		<height>90</height>
		<depth>3</depth>
	</size>
	<segmented>0</segmented>
	<object>
		<name>CallToAction</name>
		<pose>Unspecified</pose>
		<truncated>0</truncated>
		<difficult>0</difficult>
		<bndbox>
			<xmin>481</xmin>
			<ymin>24</ymin>
			<xmax>604</xmax>
			<ymax>65</ymax>
		</bndbox>
	</object>
	<object>
		<name>Logo</name>
		<pose>Unspecified</pose>
		<truncated>0</truncated>
		<difficult>0</difficult>
		<bndbox>
			<xmin>608</xmin>
			<ymin>33</ymin>
			<xmax>678</xmax>
			<ymax>56</ymax>
		</bndbox>
	</object>
	<object>
		<name>Logo</name>
		<pose>Unspecified</pose>
		<truncated>0</truncated>
		<difficult>0</difficult>
		<bndbox>
			<xmin>680</xmin>
			<ymin>25</ymin>
			<xmax>723</xmax>
			<ymax>67</ymax>
		</bndbox>
	</object>
	<object>
		<name>Offer</name>
		<pose>Unspecified</pose>
		<truncated>0</truncated>
		<difficult>0</difficult>
		<bndbox>
			<xmin>260</xmin>
			<ymin>24</ymin>
			<xmax>441</xmax>
			<ymax>67</ymax>
		</bndbox>
	</object>
	<object>
		<name>HeroImage</name>
		<pose>Unspecified</pose>
		<truncated>1</truncated>
		<difficult>0</difficult>
		<bndbox>
			<xmin>1</xmin>
			<ymin>1</ymin>
			<xmax>248</xmax>
			<ymax>90</ymax>
		</bndbox>
	</object>
</annotation>
