<annotation>
	<folder>JPG_Chang</folder>
	<filename>0bcf5eb05d1d13cb4abaf02950d124a2.jpg</filename>
	<path>/Users/cliu/Data/JPG_Chang/0bcf5eb05d1d13cb4abaf02950d124a2.jpg</path>
	<source>
		<database>Unknown</database>
	</source>
	<size>
		<width>728</width>
		<height>90</height>
		<depth>3</depth>
	</size>
	<segmented>0</segmented>
	<object>
		<name>Offer</name>
		<pose>Unspecified</pose>
		<truncated>0</truncated>
		<difficult>0</difficult>
		<bndbox>
			<xmin>5</xmin>
			<ymin>2</ymin>
			<xmax>270</xmax>
			<ymax>82</ymax>
		</bndbox>
	</object>
	<object>
		<name>Headline</name>
		<pose>Unspecified</pose>
		<truncated>0</truncated>
		<difficult>0</difficult>
		<bndbox>
			<xmin>283</xmin>
			<ymin>9</ymin>
			<xmax>441</xmax>
			<ymax>82</ymax>
		</bndbox>
	</object>
	<object>
		<name>Logo</name>
		<pose>Unspecified</pose>
		<truncated>0</truncated>
		<difficult>0</difficult>
		<bndbox>
			<xmin>453</xmin>
			<ymin>6</ymin>
			<xmax>592</xmax>
			<ymax>78</ymax>
		</bndbox>
	</object>
	<object>
		<name>CallToAction</name>
		<pose>Unspecified</pose>
		<truncated>0</truncated>
		<difficult>0</difficult>
		<bndbox>
			<xmin>618</xmin>
			<ymin>7</ymin>
			<xmax>722</xmax>
			<ymax>84</ymax>
		</bndbox>
	</object>
</annotation>
