<annotation>
	<folder>JPG_Chang</folder>
	<filename>0bcf76b4267c7b12a6c39cea84f0ed0e.jpg</filename>
	<path>/Users/cliu/Data/JPG_Chang/0bcf76b4267c7b12a6c39cea84f0ed0e.jpg</path>
	<source>
		<database>Unknown</database>
	</source>
	<size>
		<width>300</width>
		<height>250</height>
		<depth>3</depth>
	</size>
	<segmented>0</segmented>
	<object>
		<name>HeroImage</name>
		<pose>Unspecified</pose>
		<truncated>0</truncated>
		<difficult>0</difficult>
		<bndbox>
			<xmin>10</xmin>
			<ymin>83</ymin>
			<xmax>293</xmax>
			<ymax>218</ymax>
		</bndbox>
	</object>
	<object>
		<name>Logo</name>
		<pose>Unspecified</pose>
		<truncated>0</truncated>
		<difficult>0</difficult>
		<bndbox>
			<xmin>212</xmin>
			<ymin>220</ymin>
			<xmax>293</xmax>
			<ymax>241</ymax>
		</bndbox>
	</object>
	<object>
		<name>Headline</name>
		<pose>Unspecified</pose>
		<truncated>0</truncated>
		<difficult>0</difficult>
		<bndbox>
			<xmin>26</xmin>
			<ymin>18</ymin>
			<xmax>285</xmax>
			<ymax>40</ymax>
		</bndbox>
	</object>
	<object>
		<name>Offer</name>
		<pose>Unspecified</pose>
		<truncated>0</truncated>
		<difficult>0</difficult>
		<bndbox>
			<xmin>25</xmin>
			<ymin>45</ymin>
			<xmax>282</xmax>
			<ymax>79</ymax>
		</bndbox>
	</object>
</annotation>
