<annotation>
	<folder>JPG_Chang</folder>
	<filename>0bd0eae60c90f1dc38c3985d6da4bbec.jpg</filename>
	<path>/Users/cliu/Data/JPG_Chang/0bd0eae60c90f1dc38c3985d6da4bbec.jpg</path>
	<source>
		<database>Unknown</database>
	</source>
	<size>
		<width>0</width>
		<height>0</height>
		<depth>3</depth>
	</size>
	<segmented>0</segmented>
	<object>
		<name>Offer</name>
		<pose>Unspecified</pose>
		<truncated>0</truncated>
		<difficult>0</difficult>
		<bndbox>
			<xmin>19</xmin>
			<ymin>408</ymin>
			<xmax>146</xmax>
			<ymax>461</ymax>
		</bndbox>
	</object>
	<object>
		<name>CallToAction</name>
		<pose>Unspecified</pose>
		<truncated>0</truncated>
		<difficult>0</difficult>
		<bndbox>
			<xmin>26</xmin>
			<ymin>465</ymin>
			<xmax>133</xmax>
			<ymax>502</ymax>
		</bndbox>
	</object>
	<object>
		<name>Headline</name>
		<pose>Unspecified</pose>
		<truncated>0</truncated>
		<difficult>0</difficult>
		<bndbox>
			<xmin>11</xmin>
			<ymin>201</ymin>
			<xmax>148</xmax>
			<ymax>388</ymax>
		</bndbox>
	</object>
	<object>
		<name>HeroImage</name>
		<pose>Unspecified</pose>
		<truncated>1</truncated>
		<difficult>0</difficult>
		<bndbox>
			<xmin>1</xmin>
			<ymin>1</ymin>
			<xmax>159</xmax>
			<ymax>186</ymax>
		</bndbox>
	</object>
	<object>
		<name>Logo</name>
		<pose>Unspecified</pose>
		<truncated>0</truncated>
		<difficult>0</difficult>
		<bndbox>
			<xmin>37</xmin>
			<ymin>530</ymin>
			<xmax>126</xmax>
			<ymax>584</ymax>
		</bndbox>
	</object>
</annotation>
