<annotation>
	<folder>JPG_Chang</folder>
	<filename>0bd879cef75789858095b7ece174aeee.jpg</filename>
	<path>/Users/cliu/Data/JPG_Chang/0bd879cef75789858095b7ece174aeee.jpg</path>
	<source>
		<database>Unknown</database>
	</source>
	<size>
		<width>300</width>
		<height>250</height>
		<depth>3</depth>
	</size>
	<segmented>0</segmented>
	<object>
		<name>CallToAction</name>
		<pose>Unspecified</pose>
		<truncated>0</truncated>
		<difficult>0</difficult>
		<bndbox>
			<xmin>163</xmin>
			<ymin>218</ymin>
			<xmax>280</xmax>
			<ymax>246</ymax>
		</bndbox>
	</object>
	<object>
		<name>Offer</name>
		<pose>Unspecified</pose>
		<truncated>0</truncated>
		<difficult>0</difficult>
		<bndbox>
			<xmin>8</xmin>
			<ymin>219</ymin>
			<xmax>149</xmax>
			<ymax>241</ymax>
		</bndbox>
	</object>
	<object>
		<name>HeroImage</name>
		<pose>Unspecified</pose>
		<truncated>1</truncated>
		<difficult>0</difficult>
		<bndbox>
			<xmin>7</xmin>
			<ymin>45</ymin>
			<xmax>300</xmax>
			<ymax>203</ymax>
		</bndbox>
	</object>
	<object>
		<name>Logo</name>
		<pose>Unspecified</pose>
		<truncated>0</truncated>
		<difficult>0</difficult>
		<bndbox>
			<xmin>111</xmin>
			<ymin>4</ymin>
			<xmax>199</xmax>
			<ymax>37</ymax>
		</bndbox>
	</object>
</annotation>
