<annotation>
	<folder>JPG_Chang</folder>
	<filename>0bda05e7eb2a86f99fdca7a4cb77668b.jpg</filename>
	<path>/Users/cliu/Data/JPG_Chang/0bda05e7eb2a86f99fdca7a4cb77668b.jpg</path>
	<source>
		<database>Unknown</database>
	</source>
	<size>
		<width>0</width>
		<height>0</height>
		<depth>3</depth>
	</size>
	<segmented>0</segmented>
	<object>
		<name>Logo</name>
		<pose>Unspecified</pose>
		<truncated>0</truncated>
		<difficult>0</difficult>
		<bndbox>
			<xmin>18</xmin>
			<ymin>22</ymin>
			<xmax>171</xmax>
			<ymax>66</ymax>
		</bndbox>
	</object>
	<object>
		<name>Headline</name>
		<pose>Unspecified</pose>
		<truncated>0</truncated>
		<difficult>0</difficult>
		<bndbox>
			<xmin>172</xmin>
			<ymin>16</ymin>
			<xmax>430</xmax>
			<ymax>80</ymax>
		</bndbox>
	</object>
	<object>
		<name>HeroImage</name>
		<pose>Unspecified</pose>
		<truncated>0</truncated>
		<difficult>0</difficult>
		<bndbox>
			<xmin>433</xmin>
			<ymin>6</ymin>
			<xmax>577</xmax>
			<ymax>87</ymax>
		</bndbox>
	</object>
	<object>
		<name>CallToAction</name>
		<pose>Unspecified</pose>
		<truncated>0</truncated>
		<difficult>0</difficult>
		<bndbox>
			<xmin>586</xmin>
			<ymin>23</ymin>
			<xmax>713</xmax>
			<ymax>69</ymax>
		</bndbox>
	</object>
</annotation>
