<annotation>
	<folder>JPG_Chang</folder>
	<filename>0bdc7eff8f5a4a457d04ae2b5dcc2dd5.jpg</filename>
	<path>/Users/cliu/Data/JPG_Chang/0bdc7eff8f5a4a457d04ae2b5dcc2dd5.jpg</path>
	<source>
		<database>Unknown</database>
	</source>
	<size>
		<width>728</width>
		<height>90</height>
		<depth>3</depth>
	</size>
	<segmented>0</segmented>
	<object>
		<name>Headline</name>
		<pose>Unspecified</pose>
		<truncated>0</truncated>
		<difficult>0</difficult>
		<bndbox>
			<xmin>26</xmin>
			<ymin>21</ymin>
			<xmax>514</xmax>
			<ymax>68</ymax>
		</bndbox>
	</object>
	<object>
		<name>Logo</name>
		<pose>Unspecified</pose>
		<truncated>0</truncated>
		<difficult>0</difficult>
		<bndbox>
			<xmin>627</xmin>
			<ymin>12</ymin>
			<xmax>709</xmax>
			<ymax>79</ymax>
		</bndbox>
	</object>
</annotation>
