<annotation>
	<folder>JPG_Chang</folder>
	<filename>0bdf0ba9141ab1bef6a2a3750da19ae5.jpg</filename>
	<path>/Users/cliu/Data/JPG_Chang/0bdf0ba9141ab1bef6a2a3750da19ae5.jpg</path>
	<source>
		<database>Unknown</database>
	</source>
	<size>
		<width>300</width>
		<height>250</height>
		<depth>3</depth>
	</size>
	<segmented>0</segmented>
	<object>
		<name>CallToAction</name>
		<pose>Unspecified</pose>
		<truncated>0</truncated>
		<difficult>0</difficult>
		<bndbox>
			<xmin>9</xmin>
			<ymin>207</ymin>
			<xmax>112</xmax>
			<ymax>239</ymax>
		</bndbox>
	</object>
	<object>
		<name>HeroImage</name>
		<pose>Unspecified</pose>
		<truncated>1</truncated>
		<difficult>0</difficult>
		<bndbox>
			<xmin>4</xmin>
			<ymin>82</ymin>
			<xmax>300</xmax>
			<ymax>205</ymax>
		</bndbox>
	</object>
	<object>
		<name>Headline</name>
		<pose>Unspecified</pose>
		<truncated>0</truncated>
		<difficult>0</difficult>
		<bndbox>
			<xmin>67</xmin>
			<ymin>14</ymin>
			<xmax>266</xmax>
			<ymax>72</ymax>
		</bndbox>
	</object>
	<object>
		<name>Logo</name>
		<pose>Unspecified</pose>
		<truncated>0</truncated>
		<difficult>0</difficult>
		<bndbox>
			<xmin>184</xmin>
			<ymin>205</ymin>
			<xmax>291</xmax>
			<ymax>238</ymax>
		</bndbox>
	</object>
</annotation>
