<annotation>
	<folder>JPG_Chang</folder>
	<filename>0be383a267163f25b0a02479553d434d.jpg</filename>
	<path>/Users/cliu/Data/JPG_Chang/0be383a267163f25b0a02479553d434d.jpg</path>
	<source>
		<database>Unknown</database>
	</source>
	<size>
		<width>728</width>
		<height>90</height>
		<depth>3</depth>
	</size>
	<segmented>0</segmented>
	<object>
		<name>Logo</name>
		<pose>Unspecified</pose>
		<truncated>1</truncated>
		<difficult>0</difficult>
		<bndbox>
			<xmin>1</xmin>
			<ymin>1</ymin>
			<xmax>74</xmax>
			<ymax>67</ymax>
		</bndbox>
	</object>
	<object>
		<name>HeroImage</name>
		<pose>Unspecified</pose>
		<truncated>1</truncated>
		<difficult>0</difficult>
		<bndbox>
			<xmin>92</xmin>
			<ymin>2</ymin>
			<xmax>239</xmax>
			<ymax>90</ymax>
		</bndbox>
	</object>
	<object>
		<name>Headline</name>
		<pose>Unspecified</pose>
		<truncated>0</truncated>
		<difficult>0</difficult>
		<bndbox>
			<xmin>248</xmin>
			<ymin>17</ymin>
			<xmax>598</xmax>
			<ymax>69</ymax>
		</bndbox>
	</object>
	<object>
		<name>CallToAction</name>
		<pose>Unspecified</pose>
		<truncated>1</truncated>
		<difficult>0</difficult>
		<bndbox>
			<xmin>617</xmin>
			<ymin>2</ymin>
			<xmax>728</xmax>
			<ymax>89</ymax>
		</bndbox>
	</object>
</annotation>
