<annotation>
	<folder>JPG_Chang</folder>
	<filename>0beaaaa5475469532e55f79ad38f6f6d.jpg</filename>
	<path>/Users/cliu/Data/JPG_Chang/0beaaaa5475469532e55f79ad38f6f6d.jpg</path>
	<source>
		<database>Unknown</database>
	</source>
	<size>
		<width>0</width>
		<height>0</height>
		<depth>3</depth>
	</size>
	<segmented>0</segmented>
	<object>
		<name>Headline</name>
		<pose>Unspecified</pose>
		<truncated>0</truncated>
		<difficult>0</difficult>
		<bndbox>
			<xmin>19</xmin>
			<ymin>81</ymin>
			<xmax>277</xmax>
			<ymax>154</ymax>
		</bndbox>
	</object>
	<object>
		<name>CallToAction</name>
		<pose>Unspecified</pose>
		<truncated>0</truncated>
		<difficult>0</difficult>
		<bndbox>
			<xmin>16</xmin>
			<ymin>172</ymin>
			<xmax>166</xmax>
			<ymax>220</ymax>
		</bndbox>
	</object>
	<object>
		<name>Logo</name>
		<pose>Unspecified</pose>
		<truncated>0</truncated>
		<difficult>0</difficult>
		<bndbox>
			<xmin>16</xmin>
			<ymin>27</ymin>
			<xmax>117</xmax>
			<ymax>60</ymax>
		</bndbox>
	</object>
</annotation>
