<annotation>
	<folder>JPG_Chang</folder>
	<filename>0beb203a30e0c272971851a199c866e8.jpg</filename>
	<path>/Users/cliu/Data/JPG_Chang/0beb203a30e0c272971851a199c866e8.jpg</path>
	<source>
		<database>Unknown</database>
	</source>
	<size>
		<width>0</width>
		<height>0</height>
		<depth>3</depth>
	</size>
	<segmented>0</segmented>
	<object>
		<name>CallToAction</name>
		<pose>Unspecified</pose>
		<truncated>0</truncated>
		<difficult>0</difficult>
		<bndbox>
			<xmin>525</xmin>
			<ymin>19</ymin>
			<xmax>658</xmax>
			<ymax>71</ymax>
		</bndbox>
	</object>
	<object>
		<name>HeroImage</name>
		<pose>Unspecified</pose>
		<truncated>1</truncated>
		<difficult>0</difficult>
		<bndbox>
			<xmin>218</xmin>
			<ymin>1</ymin>
			<xmax>519</xmax>
			<ymax>89</ymax>
		</bndbox>
	</object>
	<object>
		<name>Logo</name>
		<pose>Unspecified</pose>
		<truncated>0</truncated>
		<difficult>0</difficult>
		<bndbox>
			<xmin>61</xmin>
			<ymin>23</ymin>
			<xmax>177</xmax>
			<ymax>68</ymax>
		</bndbox>
	</object>
</annotation>
