<annotation>
	<folder>JPG_Chang</folder>
	<filename>0befa222f368cf5fe1b050aef4b6043f.jpg</filename>
	<path>/Users/cliu/Data/JPG_Chang/0befa222f368cf5fe1b050aef4b6043f.jpg</path>
	<source>
		<database>Unknown</database>
	</source>
	<size>
		<width>300</width>
		<height>250</height>
		<depth>3</depth>
	</size>
	<segmented>0</segmented>
	<object>
		<name>Offer</name>
		<pose>Unspecified</pose>
		<truncated>0</truncated>
		<difficult>0</difficult>
		<bndbox>
			<xmin>27</xmin>
			<ymin>143</ymin>
			<xmax>125</xmax>
			<ymax>184</ymax>
		</bndbox>
	</object>
	<object>
		<name>Logo</name>
		<pose>Unspecified</pose>
		<truncated>0</truncated>
		<difficult>0</difficult>
		<bndbox>
			<xmin>180</xmin>
			<ymin>215</ymin>
			<xmax>286</xmax>
			<ymax>243</ymax>
		</bndbox>
	</object>
	<object>
		<name>HeroImage</name>
		<pose>Unspecified</pose>
		<truncated>1</truncated>
		<difficult>0</difficult>
		<bndbox>
			<xmin>1</xmin>
			<ymin>1</ymin>
			<xmax>293</xmax>
			<ymax>132</ymax>
		</bndbox>
	</object>
</annotation>
