<annotation>
	<folder>JPG_Chang</folder>
	<filename>0bf54e6547ae3ffa3a86174675aa6b7a.jpg</filename>
	<path>/Users/cliu/Data/JPG_Chang/0bf54e6547ae3ffa3a86174675aa6b7a.jpg</path>
	<source>
		<database>Unknown</database>
	</source>
	<size>
		<width>300</width>
		<height>250</height>
		<depth>3</depth>
	</size>
	<segmented>0</segmented>
	<object>
		<name>Logo</name>
		<pose>Unspecified</pose>
		<truncated>0</truncated>
		<difficult>0</difficult>
		<bndbox>
			<xmin>11</xmin>
			<ymin>221</ymin>
			<xmax>133</xmax>
			<ymax>243</ymax>
		</bndbox>
	</object>
	<object>
		<name>HeroImage</name>
		<pose>Unspecified</pose>
		<truncated>0</truncated>
		<difficult>0</difficult>
		<bndbox>
			<xmin>153</xmin>
			<ymin>7</ymin>
			<xmax>289</xmax>
			<ymax>245</ymax>
		</bndbox>
	</object>
	<object>
		<name>CallToAction</name>
		<pose>Unspecified</pose>
		<truncated>0</truncated>
		<difficult>0</difficult>
		<bndbox>
			<xmin>11</xmin>
			<ymin>174</ymin>
			<xmax>132</xmax>
			<ymax>201</ymax>
		</bndbox>
	</object>
	<object>
		<name>Logo2</name>
		<pose>Unspecified</pose>
		<truncated>0</truncated>
		<difficult>0</difficult>
		<bndbox>
			<xmin>6</xmin>
			<ymin>103</ymin>
			<xmax>141</xmax>
			<ymax>170</ymax>
		</bndbox>
	</object>
	<object>
		<name>Logo3</name>
		<pose>Unspecified</pose>
		<truncated>0</truncated>
		<difficult>0</difficult>
		<bndbox>
			<xmin>58</xmin>
			<ymin>32</ymin>
			<xmax>104</xmax>
			<ymax>49</ymax>
		</bndbox>
	</object>
</annotation>
