<annotation>
	<folder>JPG_Chang</folder>
	<filename>0c0085040a3552f8a187e451f764a96c.jpg</filename>
	<path>/Users/cliu/Data/JPG_Chang/0c0085040a3552f8a187e451f764a96c.jpg</path>
	<source>
		<database>Unknown</database>
	</source>
	<size>
		<width>728</width>
		<height>90</height>
		<depth>3</depth>
	</size>
	<segmented>0</segmented>
	<object>
		<name>Logo</name>
		<pose>Unspecified</pose>
		<truncated>0</truncated>
		<difficult>0</difficult>
		<bndbox>
			<xmin>81</xmin>
			<ymin>24</ymin>
			<xmax>325</xmax>
			<ymax>68</ymax>
		</bndbox>
	</object>
	<object>
		<name>CallToAction</name>
		<pose>Unspecified</pose>
		<truncated>0</truncated>
		<difficult>0</difficult>
		<bndbox>
			<xmin>434</xmin>
			<ymin>11</ymin>
			<xmax>663</xmax>
			<ymax>81</ymax>
		</bndbox>
	</object>
</annotation>
