<annotation>
	<folder>JPG_Chang</folder>
	<filename>0c127f7e23554aaf7c06bb6768be3539.jpg</filename>
	<path>/Users/cliu/Data/JPG_Chang/0c127f7e23554aaf7c06bb6768be3539.jpg</path>
	<source>
		<database>Unknown</database>
	</source>
	<size>
		<width>160</width>
		<height>600</height>
		<depth>3</depth>
	</size>
	<segmented>0</segmented>
	<object>
		<name>CallToAction</name>
		<pose>Unspecified</pose>
		<truncated>0</truncated>
		<difficult>0</difficult>
		<bndbox>
			<xmin>7</xmin>
			<ymin>541</ymin>
			<xmax>153</xmax>
			<ymax>586</ymax>
		</bndbox>
	</object>
	<object>
		<name>Logo</name>
		<pose>Unspecified</pose>
		<truncated>0</truncated>
		<difficult>0</difficult>
		<bndbox>
			<xmin>13</xmin>
			<ymin>495</ymin>
			<xmax>150</xmax>
			<ymax>534</ymax>
		</bndbox>
	</object>
	<object>
		<name>Headline</name>
		<pose>Unspecified</pose>
		<truncated>0</truncated>
		<difficult>0</difficult>
		<bndbox>
			<xmin>7</xmin>
			<ymin>317</ymin>
			<xmax>152</xmax>
			<ymax>431</ymax>
		</bndbox>
	</object>
	<object>
		<name>Headline2</name>
		<pose>Unspecified</pose>
		<truncated>0</truncated>
		<difficult>0</difficult>
		<bndbox>
			<xmin>14</xmin>
			<ymin>46</ymin>
			<xmax>147</xmax>
			<ymax>136</ymax>
		</bndbox>
	</object>
</annotation>
