<annotation>
	<folder>JPG_Chang</folder>
	<filename>0c17be0718e2c824b1a1d54df58d4ee3.jpg</filename>
	<path>/Users/cliu/Data/JPG_Chang/0c17be0718e2c824b1a1d54df58d4ee3.jpg</path>
	<source>
		<database>Unknown</database>
	</source>
	<size>
		<width>728</width>
		<height>90</height>
		<depth>3</depth>
	</size>
	<segmented>0</segmented>
	<object>
		<name>Logo</name>
		<pose>Unspecified</pose>
		<truncated>0</truncated>
		<difficult>0</difficult>
		<bndbox>
			<xmin>20</xmin>
			<ymin>21</ymin>
			<xmax>184</xmax>
			<ymax>69</ymax>
		</bndbox>
	</object>
	<object>
		<name>CallToAction</name>
		<pose>Unspecified</pose>
		<truncated>0</truncated>
		<difficult>0</difficult>
		<bndbox>
			<xmin>578</xmin>
			<ymin>24</ymin>
			<xmax>692</xmax>
			<ymax>65</ymax>
		</bndbox>
	</object>
	<object>
		<name>Headline</name>
		<pose>Unspecified</pose>
		<truncated>0</truncated>
		<difficult>0</difficult>
		<bndbox>
			<xmin>208</xmin>
			<ymin>15</ymin>
			<xmax>541</xmax>
			<ymax>73</ymax>
		</bndbox>
	</object>
</annotation>
