<annotation>
	<folder>JPG_Chang</folder>
	<filename>0c1c5c4c695d462d161c51aad362b2a4.jpg</filename>
	<path>/Users/cliu/Data/JPG_Chang/0c1c5c4c695d462d161c51aad362b2a4.jpg</path>
	<source>
		<database>Unknown</database>
	</source>
	<size>
		<width>728</width>
		<height>90</height>
		<depth>3</depth>
	</size>
	<segmented>0</segmented>
	<object>
		<name>Logo</name>
		<pose>Unspecified</pose>
		<truncated>0</truncated>
		<difficult>0</difficult>
		<bndbox>
			<xmin>37</xmin>
			<ymin>26</ymin>
			<xmax>182</xmax>
			<ymax>70</ymax>
		</bndbox>
	</object>
	<object>
		<name>Headline</name>
		<pose>Unspecified</pose>
		<truncated>0</truncated>
		<difficult>0</difficult>
		<bndbox>
			<xmin>230</xmin>
			<ymin>34</ymin>
			<xmax>419</xmax>
			<ymax>55</ymax>
		</bndbox>
	</object>
	<object>
		<name>CallToAction</name>
		<pose>Unspecified</pose>
		<truncated>0</truncated>
		<difficult>0</difficult>
		<bndbox>
			<xmin>481</xmin>
			<ymin>28</ymin>
			<xmax>595</xmax>
			<ymax>65</ymax>
		</bndbox>
	</object>
</annotation>
