<annotation>
	<folder>JPG_Chang</folder>
	<filename>0c1d23c1ce545ef47be805cdddfc2619.jpg</filename>
	<path>/Users/cliu/Data/JPG_Chang/0c1d23c1ce545ef47be805cdddfc2619.jpg</path>
	<source>
		<database>Unknown</database>
	</source>
	<size>
		<width>300</width>
		<height>250</height>
		<depth>3</depth>
	</size>
	<segmented>0</segmented>
	<object>
		<name>CallToAction</name>
		<pose>Unspecified</pose>
		<truncated>0</truncated>
		<difficult>0</difficult>
		<bndbox>
			<xmin>82</xmin>
			<ymin>209</ymin>
			<xmax>220</xmax>
			<ymax>234</ymax>
		</bndbox>
	</object>
	<object>
		<name>HeroImage</name>
		<pose>Unspecified</pose>
		<truncated>0</truncated>
		<difficult>0</difficult>
		<bndbox>
			<xmin>9</xmin>
			<ymin>123</ymin>
			<xmax>296</xmax>
			<ymax>198</ymax>
		</bndbox>
	</object>
	<object>
		<name>Offer</name>
		<pose>Unspecified</pose>
		<truncated>0</truncated>
		<difficult>0</difficult>
		<bndbox>
			<xmin>20</xmin>
			<ymin>65</ymin>
			<xmax>140</xmax>
			<ymax>120</ymax>
		</bndbox>
	</object>
	<object>
		<name>Headline</name>
		<pose>Unspecified</pose>
		<truncated>0</truncated>
		<difficult>0</difficult>
		<bndbox>
			<xmin>63</xmin>
			<ymin>14</ymin>
			<xmax>249</xmax>
			<ymax>42</ymax>
		</bndbox>
	</object>
	<object>
		<name>Headline2</name>
		<pose>Unspecified</pose>
		<truncated>0</truncated>
		<difficult>0</difficult>
		<bndbox>
			<xmin>150</xmin>
			<ymin>104</ymin>
			<xmax>272</xmax>
			<ymax>117</ymax>
		</bndbox>
	</object>
</annotation>
