<annotation>
	<folder>JPG_Chang</folder>
	<filename>0c1eca80a7c3d1f537745dc986cf9ca0.jpg</filename>
	<path>/Users/cliu/Data/JPG_Chang/0c1eca80a7c3d1f537745dc986cf9ca0.jpg</path>
	<source>
		<database>Unknown</database>
	</source>
	<size>
		<width>0</width>
		<height>0</height>
		<depth>3</depth>
	</size>
	<segmented>0</segmented>
	<object>
		<name>Headline</name>
		<pose>Unspecified</pose>
		<truncated>0</truncated>
		<difficult>0</difficult>
		<bndbox>
			<xmin>11</xmin>
			<ymin>28</ymin>
			<xmax>507</xmax>
			<ymax>59</ymax>
		</bndbox>
	</object>
	<object>
		<name>CallToAction</name>
		<pose>Unspecified</pose>
		<truncated>0</truncated>
		<difficult>0</difficult>
		<bndbox>
			<xmin>536</xmin>
			<ymin>47</ymin>
			<xmax>718</xmax>
			<ymax>84</ymax>
		</bndbox>
	</object>
	<object>
		<name>Logo</name>
		<pose>Unspecified</pose>
		<truncated>0</truncated>
		<difficult>0</difficult>
		<bndbox>
			<xmin>586</xmin>
			<ymin>10</ymin>
			<xmax>716</xmax>
			<ymax>41</ymax>
		</bndbox>
	</object>
</annotation>
