<annotation>
	<folder>JPG_Chang</folder>
	<filename>0c2685b91c98290aa6df5dc40726e475.jpg</filename>
	<path>/Users/cliu/Data/JPG_Chang/0c2685b91c98290aa6df5dc40726e475.jpg</path>
	<source>
		<database>Unknown</database>
	</source>
	<size>
		<width>300</width>
		<height>250</height>
		<depth>3</depth>
	</size>
	<segmented>0</segmented>
	<object>
		<name>Headline</name>
		<pose>Unspecified</pose>
		<truncated>0</truncated>
		<difficult>0</difficult>
		<bndbox>
			<xmin>17</xmin>
			<ymin>94</ymin>
			<xmax>161</xmax>
			<ymax>141</ymax>
		</bndbox>
	</object>
	<object>
		<name>HeroImage</name>
		<pose>Unspecified</pose>
		<truncated>1</truncated>
		<difficult>0</difficult>
		<bndbox>
			<xmin>165</xmin>
			<ymin>6</ymin>
			<xmax>299</xmax>
			<ymax>250</ymax>
		</bndbox>
	</object>
	<object>
		<name>CallToAction</name>
		<pose>Unspecified</pose>
		<truncated>0</truncated>
		<difficult>0</difficult>
		<bndbox>
			<xmin>13</xmin>
			<ymin>194</ymin>
			<xmax>142</xmax>
			<ymax>222</ymax>
		</bndbox>
	</object>
	<object>
		<name>Disclaimer</name>
		<pose>Unspecified</pose>
		<truncated>0</truncated>
		<difficult>0</difficult>
		<bndbox>
			<xmin>15</xmin>
			<ymin>226</ymin>
			<xmax>127</xmax>
			<ymax>241</ymax>
		</bndbox>
	</object>
	<object>
		<name>Headline2</name>
		<pose>Unspecified</pose>
		<truncated>0</truncated>
		<difficult>0</difficult>
		<bndbox>
			<xmin>15</xmin>
			<ymin>146</ymin>
			<xmax>169</xmax>
			<ymax>193</ymax>
		</bndbox>
	</object>
</annotation>
