<annotation>
	<folder>JPG_Chang</folder>
	<filename>0c27e01ed0336ee88dc0dcdbab087dc8.jpg</filename>
	<path>/Users/cliu/Data/JPG_Chang/0c27e01ed0336ee88dc0dcdbab087dc8.jpg</path>
	<source>
		<database>Unknown</database>
	</source>
	<size>
		<width>0</width>
		<height>0</height>
		<depth>3</depth>
	</size>
	<segmented>0</segmented>
	<object>
		<name>CallToAction</name>
		<pose>Unspecified</pose>
		<truncated>0</truncated>
		<difficult>0</difficult>
		<bndbox>
			<xmin>14</xmin>
			<ymin>169</ymin>
			<xmax>130</xmax>
			<ymax>205</ymax>
		</bndbox>
	</object>
	<object>
		<name>Disclaimer</name>
		<pose>Unspecified</pose>
		<truncated>0</truncated>
		<difficult>0</difficult>
		<bndbox>
			<xmin>233</xmin>
			<ymin>218</ymin>
			<xmax>291</xmax>
			<ymax>237</ymax>
		</bndbox>
	</object>
	<object>
		<name>Logo</name>
		<pose>Unspecified</pose>
		<truncated>0</truncated>
		<difficult>0</difficult>
		<bndbox>
			<xmin>22</xmin>
			<ymin>10</ymin>
			<xmax>102</xmax>
			<ymax>36</ymax>
		</bndbox>
	</object>
	<object>
		<name>Headline</name>
		<pose>Unspecified</pose>
		<truncated>0</truncated>
		<difficult>0</difficult>
		<bndbox>
			<xmin>15</xmin>
			<ymin>73</ymin>
			<xmax>217</xmax>
			<ymax>139</ymax>
		</bndbox>
	</object>
</annotation>
