<annotation>
	<folder>JPG_Chang</folder>
	<filename>0c2ec81da5d1ca5ca183fe1a5d4e814b.jpg</filename>
	<path>/Users/cliu/Data/JPG_Chang/0c2ec81da5d1ca5ca183fe1a5d4e814b.jpg</path>
	<source>
		<database>Unknown</database>
	</source>
	<size>
		<width>160</width>
		<height>600</height>
		<depth>3</depth>
	</size>
	<segmented>0</segmented>
	<object>
		<name>CallToAction</name>
		<pose>Unspecified</pose>
		<truncated>0</truncated>
		<difficult>0</difficult>
		<bndbox>
			<xmin>14</xmin>
			<ymin>306</ymin>
			<xmax>146</xmax>
			<ymax>345</ymax>
		</bndbox>
	</object>
	<object>
		<name>Headline</name>
		<pose>Unspecified</pose>
		<truncated>0</truncated>
		<difficult>0</difficult>
		<bndbox>
			<xmin>14</xmin>
			<ymin>127</ymin>
			<xmax>148</xmax>
			<ymax>269</ymax>
		</bndbox>
	</object>
	<object>
		<name>Logo</name>
		<pose>Unspecified</pose>
		<truncated>0</truncated>
		<difficult>0</difficult>
		<bndbox>
			<xmin>16</xmin>
			<ymin>25</ymin>
			<xmax>150</xmax>
			<ymax>56</ymax>
		</bndbox>
	</object>
	<object>
		<name>HeroImage</name>
		<pose>Unspecified</pose>
		<truncated>1</truncated>
		<difficult>0</difficult>
		<bndbox>
			<xmin>1</xmin>
			<ymin>361</ymin>
			<xmax>158</xmax>
			<ymax>600</ymax>
		</bndbox>
	</object>
</annotation>
