<annotation>
	<folder>JPG_Chang</folder>
	<filename>0c310efc2afcb84d6ed83c2049d805ce.jpg</filename>
	<path>/Users/cliu/Data/JPG_Chang/0c310efc2afcb84d6ed83c2049d805ce.jpg</path>
	<source>
		<database>Unknown</database>
	</source>
	<size>
		<width>160</width>
		<height>600</height>
		<depth>3</depth>
	</size>
	<segmented>0</segmented>
	<object>
		<name>CallToAction</name>
		<pose>Unspecified</pose>
		<truncated>0</truncated>
		<difficult>0</difficult>
		<bndbox>
			<xmin>4</xmin>
			<ymin>427</ymin>
			<xmax>157</xmax>
			<ymax>469</ymax>
		</bndbox>
	</object>
	<object>
		<name>Headline</name>
		<pose>Unspecified</pose>
		<truncated>0</truncated>
		<difficult>0</difficult>
		<bndbox>
			<xmin>7</xmin>
			<ymin>261</ymin>
			<xmax>156</xmax>
			<ymax>407</ymax>
		</bndbox>
	</object>
	<object>
		<name>HeroImage</name>
		<pose>Unspecified</pose>
		<truncated>0</truncated>
		<difficult>0</difficult>
		<bndbox>
			<xmin>2</xmin>
			<ymin>51</ymin>
			<xmax>159</xmax>
			<ymax>261</ymax>
		</bndbox>
	</object>
	<object>
		<name>Logo</name>
		<pose>Unspecified</pose>
		<truncated>0</truncated>
		<difficult>0</difficult>
		<bndbox>
			<xmin>27</xmin>
			<ymin>538</ymin>
			<xmax>141</xmax>
			<ymax>590</ymax>
		</bndbox>
	</object>
</annotation>
