<annotation>
	<folder>JPG_Chang</folder>
	<filename>0c34c8283b5762d6de9eeaf970c5e662.jpg</filename>
	<path>/Users/cliu/Data/JPG_Chang/0c34c8283b5762d6de9eeaf970c5e662.jpg</path>
	<source>
		<database>Unknown</database>
	</source>
	<size>
		<width>728</width>
		<height>90</height>
		<depth>3</depth>
	</size>
	<segmented>0</segmented>
	<object>
		<name>Headline</name>
		<pose>Unspecified</pose>
		<truncated>0</truncated>
		<difficult>0</difficult>
		<bndbox>
			<xmin>18</xmin>
			<ymin>6</ymin>
			<xmax>375</xmax>
			<ymax>62</ymax>
		</bndbox>
	</object>
	<object>
		<name>CallToAction</name>
		<pose>Unspecified</pose>
		<truncated>0</truncated>
		<difficult>0</difficult>
		<bndbox>
			<xmin>445</xmin>
			<ymin>23</ymin>
			<xmax>561</xmax>
			<ymax>66</ymax>
		</bndbox>
	</object>
	<object>
		<name>Logo</name>
		<pose>Unspecified</pose>
		<truncated>0</truncated>
		<difficult>0</difficult>
		<bndbox>
			<xmin>576</xmin>
			<ymin>27</ymin>
			<xmax>709</xmax>
			<ymax>61</ymax>
		</bndbox>
	</object>
</annotation>
