<annotation>
	<folder>JPG_Chang</folder>
	<filename>0c36218e371aea96bb20bc73885271e1.jpg</filename>
	<path>/Users/cliu/Data/JPG_Chang/0c36218e371aea96bb20bc73885271e1.jpg</path>
	<source>
		<database>Unknown</database>
	</source>
	<size>
		<width>300</width>
		<height>250</height>
		<depth>3</depth>
	</size>
	<segmented>0</segmented>
	<object>
		<name>Headline</name>
		<pose>Unspecified</pose>
		<truncated>0</truncated>
		<difficult>0</difficult>
		<bndbox>
			<xmin>22</xmin>
			<ymin>159</ymin>
			<xmax>263</xmax>
			<ymax>201</ymax>
		</bndbox>
	</object>
	<object>
		<name>Logo</name>
		<pose>Unspecified</pose>
		<truncated>0</truncated>
		<difficult>0</difficult>
		<bndbox>
			<xmin>202</xmin>
			<ymin>211</ymin>
			<xmax>284</xmax>
			<ymax>244</ymax>
		</bndbox>
	</object>
	<object>
		<name>CallToAction</name>
		<pose>Unspecified</pose>
		<truncated>0</truncated>
		<difficult>0</difficult>
		<bndbox>
			<xmin>20</xmin>
			<ymin>222</ymin>
			<xmax>129</xmax>
			<ymax>240</ymax>
		</bndbox>
	</object>
	<object>
		<name>HeroImage</name>
		<pose>Unspecified</pose>
		<truncated>0</truncated>
		<difficult>0</difficult>
		<bndbox>
			<xmin>3</xmin>
			<ymin>5</ymin>
			<xmax>290</xmax>
			<ymax>148</ymax>
		</bndbox>
	</object>
</annotation>
