<annotation>
	<folder>JPG_Chang</folder>
	<filename>0c3765b38e6fad73b0f320508a80a50a.jpg</filename>
	<path>/Users/cliu/Data/JPG_Chang/0c3765b38e6fad73b0f320508a80a50a.jpg</path>
	<source>
		<database>Unknown</database>
	</source>
	<size>
		<width>300</width>
		<height>250</height>
		<depth>3</depth>
	</size>
	<segmented>0</segmented>
	<object>
		<name>Disclaimer</name>
		<pose>Unspecified</pose>
		<truncated>0</truncated>
		<difficult>0</difficult>
		<bndbox>
			<xmin>71</xmin>
			<ymin>212</ymin>
			<xmax>241</xmax>
			<ymax>239</ymax>
		</bndbox>
	</object>
	<object>
		<name>CallToAction</name>
		<pose>Unspecified</pose>
		<truncated>0</truncated>
		<difficult>0</difficult>
		<bndbox>
			<xmin>158</xmin>
			<ymin>154</ymin>
			<xmax>293</xmax>
			<ymax>199</ymax>
		</bndbox>
	</object>
	<object>
		<name>Logo</name>
		<pose>Unspecified</pose>
		<truncated>0</truncated>
		<difficult>0</difficult>
		<bndbox>
			<xmin>17</xmin>
			<ymin>163</ymin>
			<xmax>139</xmax>
			<ymax>190</ymax>
		</bndbox>
	</object>
	<object>
		<name>Headline</name>
		<pose>Unspecified</pose>
		<truncated>0</truncated>
		<difficult>0</difficult>
		<bndbox>
			<xmin>5</xmin>
			<ymin>32</ymin>
			<xmax>279</xmax>
			<ymax>113</ymax>
		</bndbox>
	</object>
</annotation>
