<annotation>
	<folder>JPG_Chang</folder>
	<filename>0c3da45c282043696cf9385087ca19e6.jpg</filename>
	<path>/Users/cliu/Data/JPG_Chang/0c3da45c282043696cf9385087ca19e6.jpg</path>
	<source>
		<database>Unknown</database>
	</source>
	<size>
		<width>728</width>
		<height>90</height>
		<depth>3</depth>
	</size>
	<segmented>0</segmented>
	<object>
		<name>Logo</name>
		<pose>Unspecified</pose>
		<truncated>0</truncated>
		<difficult>0</difficult>
		<bndbox>
			<xmin>12</xmin>
			<ymin>56</ymin>
			<xmax>170</xmax>
			<ymax>81</ymax>
		</bndbox>
	</object>
	<object>
		<name>Logo2</name>
		<pose>Unspecified</pose>
		<truncated>0</truncated>
		<difficult>0</difficult>
		<bndbox>
			<xmin>33</xmin>
			<ymin>7</ymin>
			<xmax>146</xmax>
			<ymax>34</ymax>
		</bndbox>
	</object>
	<object>
		<name>Headline</name>
		<pose>Unspecified</pose>
		<truncated>0</truncated>
		<difficult>0</difficult>
		<bndbox>
			<xmin>249</xmin>
			<ymin>45</ymin>
			<xmax>545</xmax>
			<ymax>78</ymax>
		</bndbox>
	</object>
	<object>
		<name>CallToAction</name>
		<pose>Unspecified</pose>
		<truncated>0</truncated>
		<difficult>0</difficult>
		<bndbox>
			<xmin>574</xmin>
			<ymin>33</ymin>
			<xmax>712</xmax>
			<ymax>69</ymax>
		</bndbox>
	</object>
</annotation>
