<annotation>
	<folder>JPG_Chang</folder>
	<filename>0c42e0dfaa1308bb5f6ba9a89f46f306.jpg</filename>
	<path>/Users/cliu/Data/JPG_Chang/0c42e0dfaa1308bb5f6ba9a89f46f306.jpg</path>
	<source>
		<database>Unknown</database>
	</source>
	<size>
		<width>300</width>
		<height>250</height>
		<depth>3</depth>
	</size>
	<segmented>0</segmented>
	<object>
		<name>CallToAction</name>
		<pose>Unspecified</pose>
		<truncated>0</truncated>
		<difficult>0</difficult>
		<bndbox>
			<xmin>61</xmin>
			<ymin>203</ymin>
			<xmax>241</xmax>
			<ymax>234</ymax>
		</bndbox>
	</object>
	<object>
		<name>HeroImage</name>
		<pose>Unspecified</pose>
		<truncated>1</truncated>
		<difficult>0</difficult>
		<bndbox>
			<xmin>1</xmin>
			<ymin>37</ymin>
			<xmax>297</xmax>
			<ymax>107</ymax>
		</bndbox>
	</object>
	<object>
		<name>Logo</name>
		<pose>Unspecified</pose>
		<truncated>0</truncated>
		<difficult>0</difficult>
		<bndbox>
			<xmin>77</xmin>
			<ymin>8</ymin>
			<xmax>186</xmax>
			<ymax>29</ymax>
		</bndbox>
	</object>
</annotation>
