<annotation>
	<folder>JPG_Chang</folder>
	<filename>0c425a08116ae1770625f9e9cf89697c.jpg</filename>
	<path>/Users/cliu/Data/JPG_Chang/0c425a08116ae1770625f9e9cf89697c.jpg</path>
	<source>
		<database>Unknown</database>
	</source>
	<size>
		<width>300</width>
		<height>250</height>
		<depth>3</depth>
	</size>
	<segmented>0</segmented>
	<object>
		<name>CallToAction</name>
		<pose>Unspecified</pose>
		<truncated>0</truncated>
		<difficult>0</difficult>
		<bndbox>
			<xmin>17</xmin>
			<ymin>185</ymin>
			<xmax>151</xmax>
			<ymax>223</ymax>
		</bndbox>
	</object>
	<object>
		<name>HeroImage</name>
		<pose>Unspecified</pose>
		<truncated>0</truncated>
		<difficult>0</difficult>
		<bndbox>
			<xmin>148</xmin>
			<ymin>5</ymin>
			<xmax>287</xmax>
			<ymax>240</ymax>
		</bndbox>
	</object>
	<object>
		<name>Headline</name>
		<pose>Unspecified</pose>
		<truncated>0</truncated>
		<difficult>0</difficult>
		<bndbox>
			<xmin>26</xmin>
			<ymin>109</ymin>
			<xmax>138</xmax>
			<ymax>161</ymax>
		</bndbox>
	</object>
	<object>
		<name>Logo</name>
		<pose>Unspecified</pose>
		<truncated>0</truncated>
		<difficult>0</difficult>
		<bndbox>
			<xmin>15</xmin>
			<ymin>33</ymin>
			<xmax>147</xmax>
			<ymax>87</ymax>
		</bndbox>
	</object>
</annotation>
