<annotation>
	<folder>JPG_Chang</folder>
	<filename>0c4321c0b5b01306ddb1b20ba2a4b889.jpg</filename>
	<path>/Users/cliu/Data/JPG_Chang/0c4321c0b5b01306ddb1b20ba2a4b889.jpg</path>
	<source>
		<database>Unknown</database>
	</source>
	<size>
		<width>300</width>
		<height>250</height>
		<depth>3</depth>
	</size>
	<segmented>0</segmented>
	<object>
		<name>Headline</name>
		<pose>Unspecified</pose>
		<truncated>0</truncated>
		<difficult>0</difficult>
		<bndbox>
			<xmin>69</xmin>
			<ymin>71</ymin>
			<xmax>233</xmax>
			<ymax>98</ymax>
		</bndbox>
	</object>
	<object>
		<name>Logo</name>
		<pose>Unspecified</pose>
		<truncated>0</truncated>
		<difficult>0</difficult>
		<bndbox>
			<xmin>64</xmin>
			<ymin>16</ymin>
			<xmax>232</xmax>
			<ymax>42</ymax>
		</bndbox>
	</object>
	<object>
		<name>CallToAction</name>
		<pose>Unspecified</pose>
		<truncated>0</truncated>
		<difficult>0</difficult>
		<bndbox>
			<xmin>170</xmin>
			<ymin>130</ymin>
			<xmax>281</xmax>
			<ymax>236</ymax>
		</bndbox>
	</object>
	<object>
		<name>HeroImage</name>
		<pose>Unspecified</pose>
		<truncated>0</truncated>
		<difficult>0</difficult>
		<bndbox>
			<xmin>5</xmin>
			<ymin>121</ymin>
			<xmax>165</xmax>
			<ymax>248</ymax>
		</bndbox>
	</object>
</annotation>
