<annotation>
	<folder>JPG_Chang</folder>
	<filename>0c57308ef46bac9241b9be02bf97e630.jpg</filename>
	<path>/Users/cliu/Data/JPG_Chang/0c57308ef46bac9241b9be02bf97e630.jpg</path>
	<source>
		<database>Unknown</database>
	</source>
	<size>
		<width>160</width>
		<height>600</height>
		<depth>3</depth>
	</size>
	<segmented>0</segmented>
	<object>
		<name>CallToAction</name>
		<pose>Unspecified</pose>
		<truncated>0</truncated>
		<difficult>0</difficult>
		<bndbox>
			<xmin>12</xmin>
			<ymin>156</ymin>
			<xmax>150</xmax>
			<ymax>199</ymax>
		</bndbox>
	</object>
	<object>
		<name>Offer</name>
		<pose>Unspecified</pose>
		<truncated>0</truncated>
		<difficult>0</difficult>
		<bndbox>
			<xmin>15</xmin>
			<ymin>68</ymin>
			<xmax>142</xmax>
			<ymax>147</ymax>
		</bndbox>
	</object>
	<object>
		<name>Logo</name>
		<pose>Unspecified</pose>
		<truncated>0</truncated>
		<difficult>0</difficult>
		<bndbox>
			<xmin>25</xmin>
			<ymin>11</ymin>
			<xmax>130</xmax>
			<ymax>58</ymax>
		</bndbox>
	</object>
	<object>
		<name>HeroImage</name>
		<pose>Unspecified</pose>
		<truncated>1</truncated>
		<difficult>0</difficult>
		<bndbox>
			<xmin>1</xmin>
			<ymin>204</ymin>
			<xmax>160</xmax>
			<ymax>465</ymax>
		</bndbox>
	</object>
</annotation>
