<annotation>
	<folder>JPG_Chang</folder>
	<filename>0c69030bf11252254794b86b0e8cb8d9.jpg</filename>
	<path>/Users/cliu/Data/JPG_Chang/0c69030bf11252254794b86b0e8cb8d9.jpg</path>
	<source>
		<database>Unknown</database>
	</source>
	<size>
		<width>300</width>
		<height>250</height>
		<depth>3</depth>
	</size>
	<segmented>0</segmented>
	<object>
		<name>Headline</name>
		<pose>Unspecified</pose>
		<truncated>0</truncated>
		<difficult>0</difficult>
		<bndbox>
			<xmin>109</xmin>
			<ymin>213</ymin>
			<xmax>205</xmax>
			<ymax>241</ymax>
		</bndbox>
	</object>
	<object>
		<name>CallToAction</name>
		<pose>Unspecified</pose>
		<truncated>0</truncated>
		<difficult>0</difficult>
		<bndbox>
			<xmin>227</xmin>
			<ymin>218</ymin>
			<xmax>290</xmax>
			<ymax>239</ymax>
		</bndbox>
	</object>
	<object>
		<name>Logo</name>
		<pose>Unspecified</pose>
		<truncated>0</truncated>
		<difficult>0</difficult>
		<bndbox>
			<xmin>11</xmin>
			<ymin>219</ymin>
			<xmax>88</xmax>
			<ymax>238</ymax>
		</bndbox>
	</object>
	<object>
		<name>HeroImage</name>
		<pose>Unspecified</pose>
		<truncated>0</truncated>
		<difficult>0</difficult>
		<bndbox>
			<xmin>5</xmin>
			<ymin>4</ymin>
			<xmax>298</xmax>
			<ymax>206</ymax>
		</bndbox>
	</object>
</annotation>
