<annotation>
	<folder>JPG_Chang</folder>
	<filename>0c73827beb52528508031f26538e7e9e.jpg</filename>
	<path>/Users/cliu/Data/JPG_Chang/0c73827beb52528508031f26538e7e9e.jpg</path>
	<source>
		<database>Unknown</database>
	</source>
	<size>
		<width>728</width>
		<height>90</height>
		<depth>3</depth>
	</size>
	<segmented>0</segmented>
	<object>
		<name>Logo</name>
		<pose>Unspecified</pose>
		<truncated>0</truncated>
		<difficult>0</difficult>
		<bndbox>
			<xmin>6</xmin>
			<ymin>15</ymin>
			<xmax>158</xmax>
			<ymax>68</ymax>
		</bndbox>
	</object>
	<object>
		<name>Headline</name>
		<pose>Unspecified</pose>
		<truncated>0</truncated>
		<difficult>0</difficult>
		<bndbox>
			<xmin>183</xmin>
			<ymin>8</ymin>
			<xmax>405</xmax>
			<ymax>85</ymax>
		</bndbox>
	</object>
	<object>
		<name>HeroImage</name>
		<pose>Unspecified</pose>
		<truncated>1</truncated>
		<difficult>0</difficult>
		<bndbox>
			<xmin>405</xmin>
			<ymin>3</ymin>
			<xmax>533</xmax>
			<ymax>90</ymax>
		</bndbox>
	</object>
	<object>
		<name>CallToAction</name>
		<pose>Unspecified</pose>
		<truncated>0</truncated>
		<difficult>0</difficult>
		<bndbox>
			<xmin>529</xmin>
			<ymin>21</ymin>
			<xmax>713</xmax>
			<ymax>69</ymax>
		</bndbox>
	</object>
	<object>
		<name>Disclaimer</name>
		<pose>Unspecified</pose>
		<truncated>0</truncated>
		<difficult>0</difficult>
		<bndbox>
			<xmin>668</xmin>
			<ymin>74</ymin>
			<xmax>725</xmax>
			<ymax>87</ymax>
		</bndbox>
	</object>
</annotation>
