<annotation>
	<folder>JPG_Chang</folder>
	<filename>0c747dc6c2f4c8875bb354d08d3a97e8.jpg</filename>
	<path>/Users/cliu/Data/JPG_Chang/0c747dc6c2f4c8875bb354d08d3a97e8.jpg</path>
	<source>
		<database>Unknown</database>
	</source>
	<size>
		<width>160</width>
		<height>600</height>
		<depth>3</depth>
	</size>
	<segmented>0</segmented>
	<object>
		<name>Disclaimer</name>
		<pose>Unspecified</pose>
		<truncated>0</truncated>
		<difficult>0</difficult>
		<bndbox>
			<xmin>15</xmin>
			<ymin>530</ymin>
			<xmax>143</xmax>
			<ymax>567</ymax>
		</bndbox>
	</object>
	<object>
		<name>Logo</name>
		<pose>Unspecified</pose>
		<truncated>0</truncated>
		<difficult>0</difficult>
		<bndbox>
			<xmin>15</xmin>
			<ymin>459</ymin>
			<xmax>141</xmax>
			<ymax>521</ymax>
		</bndbox>
	</object>
	<object>
		<name>Headline</name>
		<pose>Unspecified</pose>
		<truncated>0</truncated>
		<difficult>0</difficult>
		<bndbox>
			<xmin>22</xmin>
			<ymin>128</ymin>
			<xmax>134</xmax>
			<ymax>301</ymax>
		</bndbox>
	</object>
</annotation>
