<annotation>
	<folder>JPG_Chang</folder>
	<filename>0c750474e7070dc8491dff3828714773.jpg</filename>
	<path>/Users/cliu/Data/JPG_Chang/0c750474e7070dc8491dff3828714773.jpg</path>
	<source>
		<database>Unknown</database>
	</source>
	<size>
		<width>0</width>
		<height>0</height>
		<depth>3</depth>
	</size>
	<segmented>0</segmented>
	<object>
		<name>CallToAction</name>
		<pose>Unspecified</pose>
		<truncated>0</truncated>
		<difficult>0</difficult>
		<bndbox>
			<xmin>24</xmin>
			<ymin>197</ymin>
			<xmax>146</xmax>
			<ymax>242</ymax>
		</bndbox>
	</object>
	<object>
		<name>Offer</name>
		<pose>Unspecified</pose>
		<truncated>0</truncated>
		<difficult>0</difficult>
		<bndbox>
			<xmin>55</xmin>
			<ymin>129</ymin>
			<xmax>246</xmax>
			<ymax>169</ymax>
		</bndbox>
	</object>
	<object>
		<name>Headline</name>
		<pose>Unspecified</pose>
		<truncated>0</truncated>
		<difficult>0</difficult>
		<bndbox>
			<xmin>23</xmin>
			<ymin>173</ymin>
			<xmax>277</xmax>
			<ymax>192</ymax>
		</bndbox>
	</object>
	<object>
		<name>HeroImage</name>
		<pose>Unspecified</pose>
		<truncated>0</truncated>
		<difficult>0</difficult>
		<bndbox>
			<xmin>132</xmin>
			<ymin>11</ymin>
			<xmax>278</xmax>
			<ymax>122</ymax>
		</bndbox>
	</object>
	<object>
		<name>Logo</name>
		<pose>Unspecified</pose>
		<truncated>0</truncated>
		<difficult>0</difficult>
		<bndbox>
			<xmin>15</xmin>
			<ymin>17</ymin>
			<xmax>122</xmax>
			<ymax>57</ymax>
		</bndbox>
	</object>
</annotation>
