<annotation>
	<folder>JPG_Chang</folder>
	<filename>0c7c006e3fcb72cc94ed9345314b83cd.jpg</filename>
	<path>/Users/cliu/Data/JPG_Chang/0c7c006e3fcb72cc94ed9345314b83cd.jpg</path>
	<source>
		<database>Unknown</database>
	</source>
	<size>
		<width>728</width>
		<height>90</height>
		<depth>3</depth>
	</size>
	<segmented>0</segmented>
	<object>
		<name>HeroImage</name>
		<pose>Unspecified</pose>
		<truncated>0</truncated>
		<difficult>0</difficult>
		<bndbox>
			<xmin>316</xmin>
			<ymin>2</ymin>
			<xmax>460</xmax>
			<ymax>89</ymax>
		</bndbox>
	</object>
	<object>
		<name>CallToAction</name>
		<pose>Unspecified</pose>
		<truncated>0</truncated>
		<difficult>0</difficult>
		<bndbox>
			<xmin>605</xmin>
			<ymin>58</ymin>
			<xmax>678</xmax>
			<ymax>81</ymax>
		</bndbox>
	</object>
	<object>
		<name>Logo</name>
		<pose>Unspecified</pose>
		<truncated>0</truncated>
		<difficult>0</difficult>
		<bndbox>
			<xmin>610</xmin>
			<ymin>15</ymin>
			<xmax>715</xmax>
			<ymax>59</ymax>
		</bndbox>
	</object>
</annotation>
