<annotation>
	<folder>JPG_Chang</folder>
	<filename>0c8190c73661a3c686e431eb9fb289af.jpg</filename>
	<path>/Users/cliu/Data/JPG_Chang/0c8190c73661a3c686e431eb9fb289af.jpg</path>
	<source>
		<database>Unknown</database>
	</source>
	<size>
		<width>0</width>
		<height>0</height>
		<depth>3</depth>
	</size>
	<segmented>0</segmented>
	<object>
		<name>CallToAction</name>
		<pose>Unspecified</pose>
		<truncated>0</truncated>
		<difficult>0</difficult>
		<bndbox>
			<xmin>129</xmin>
			<ymin>151</ymin>
			<xmax>289</xmax>
			<ymax>200</ymax>
		</bndbox>
	</object>
	<object>
		<name>Headline</name>
		<pose>Unspecified</pose>
		<truncated>0</truncated>
		<difficult>0</difficult>
		<bndbox>
			<xmin>127</xmin>
			<ymin>72</ymin>
			<xmax>252</xmax>
			<ymax>143</ymax>
		</bndbox>
	</object>
	<object>
		<name>Logo</name>
		<pose>Unspecified</pose>
		<truncated>0</truncated>
		<difficult>0</difficult>
		<bndbox>
			<xmin>130</xmin>
			<ymin>34</ymin>
			<xmax>181</xmax>
			<ymax>57</ymax>
		</bndbox>
	</object>
	<object>
		<name>HeroImage</name>
		<pose>Unspecified</pose>
		<truncated>1</truncated>
		<difficult>0</difficult>
		<bndbox>
			<xmin>1</xmin>
			<ymin>1</ymin>
			<xmax>106</xmax>
			<ymax>249</ymax>
		</bndbox>
	</object>
</annotation>
