<annotation>
	<folder>JPG_Chang</folder>
	<filename>0c89823f2a8e3c5b8f863b48bb7187e8.jpg</filename>
	<path>/Users/cliu/Data/JPG_Chang/0c89823f2a8e3c5b8f863b48bb7187e8.jpg</path>
	<source>
		<database>Unknown</database>
	</source>
	<size>
		<width>300</width>
		<height>250</height>
		<depth>3</depth>
	</size>
	<segmented>0</segmented>
	<object>
		<name>CallToAction</name>
		<pose>Unspecified</pose>
		<truncated>0</truncated>
		<difficult>0</difficult>
		<bndbox>
			<xmin>38</xmin>
			<ymin>146</ymin>
			<xmax>132</xmax>
			<ymax>215</ymax>
		</bndbox>
	</object>
	<object>
		<name>Logo</name>
		<pose>Unspecified</pose>
		<truncated>0</truncated>
		<difficult>0</difficult>
		<bndbox>
			<xmin>162</xmin>
			<ymin>135</ymin>
			<xmax>258</xmax>
			<ymax>233</ymax>
		</bndbox>
	</object>
	<object>
		<name>Headline</name>
		<pose>Unspecified</pose>
		<truncated>0</truncated>
		<difficult>0</difficult>
		<bndbox>
			<xmin>18</xmin>
			<ymin>25</ymin>
			<xmax>281</xmax>
			<ymax>119</ymax>
		</bndbox>
	</object>
</annotation>
