<annotation>
	<folder>JPG_Chang</folder>
	<filename>0c8b66e1b3f7e20908bd1764bb895915.jpg</filename>
	<path>/Users/cliu/Data/JPG_Chang/0c8b66e1b3f7e20908bd1764bb895915.jpg</path>
	<source>
		<database>Unknown</database>
	</source>
	<size>
		<width>300</width>
		<height>250</height>
		<depth>3</depth>
	</size>
	<segmented>0</segmented>
	<object>
		<name>CallToAction</name>
		<pose>Unspecified</pose>
		<truncated>0</truncated>
		<difficult>0</difficult>
		<bndbox>
			<xmin>18</xmin>
			<ymin>174</ymin>
			<xmax>135</xmax>
			<ymax>218</ymax>
		</bndbox>
	</object>
	<object>
		<name>Logo</name>
		<pose>Unspecified</pose>
		<truncated>0</truncated>
		<difficult>0</difficult>
		<bndbox>
			<xmin>245</xmin>
			<ymin>196</ymin>
			<xmax>293</xmax>
			<ymax>241</ymax>
		</bndbox>
	</object>
	<object>
		<name>Headline</name>
		<pose>Unspecified</pose>
		<truncated>0</truncated>
		<difficult>0</difficult>
		<bndbox>
			<xmin>21</xmin>
			<ymin>76</ymin>
			<xmax>265</xmax>
			<ymax>157</ymax>
		</bndbox>
	</object>
</annotation>
