<annotation>
	<folder>JPG_Chang</folder>
	<filename>0c95b60b967e164da1da1b15bdfc47b6.jpg</filename>
	<path>/Users/cliu/Data/JPG_Chang/0c95b60b967e164da1da1b15bdfc47b6.jpg</path>
	<source>
		<database>Unknown</database>
	</source>
	<size>
		<width>0</width>
		<height>0</height>
		<depth>3</depth>
	</size>
	<segmented>0</segmented>
	<object>
		<name>CallToAction</name>
		<pose>Unspecified</pose>
		<truncated>0</truncated>
		<difficult>0</difficult>
		<bndbox>
			<xmin>20</xmin>
			<ymin>170</ymin>
			<xmax>213</xmax>
			<ymax>216</ymax>
		</bndbox>
	</object>
	<object>
		<name>Headline</name>
		<pose>Unspecified</pose>
		<truncated>0</truncated>
		<difficult>0</difficult>
		<bndbox>
			<xmin>21</xmin>
			<ymin>72</ymin>
			<xmax>271</xmax>
			<ymax>145</ymax>
		</bndbox>
	</object>
	<object>
		<name>Logo</name>
		<pose>Unspecified</pose>
		<truncated>0</truncated>
		<difficult>0</difficult>
		<bndbox>
			<xmin>20</xmin>
			<ymin>21</ymin>
			<xmax>136</xmax>
			<ymax>46</ymax>
		</bndbox>
	</object>
</annotation>
