<annotation>
	<folder>JPG_Chang</folder>
	<filename>0c9c2f9e32e8dc44689554c193045a75.jpg</filename>
	<path>/Users/cliu/Data/JPG_Chang/0c9c2f9e32e8dc44689554c193045a75.jpg</path>
	<source>
		<database>Unknown</database>
	</source>
	<size>
		<width>728</width>
		<height>90</height>
		<depth>3</depth>
	</size>
	<segmented>0</segmented>
	<object>
		<name>Logo</name>
		<pose>Unspecified</pose>
		<truncated>0</truncated>
		<difficult>0</difficult>
		<bndbox>
			<xmin>11</xmin>
			<ymin>20</ymin>
			<xmax>90</xmax>
			<ymax>80</ymax>
		</bndbox>
	</object>
	<object>
		<name>Logo2</name>
		<pose>Unspecified</pose>
		<truncated>0</truncated>
		<difficult>0</difficult>
		<bndbox>
			<xmin>95</xmin>
			<ymin>31</ymin>
			<xmax>157</xmax>
			<ymax>65</ymax>
		</bndbox>
	</object>
	<object>
		<name>Headline</name>
		<pose>Unspecified</pose>
		<truncated>0</truncated>
		<difficult>0</difficult>
		<bndbox>
			<xmin>179</xmin>
			<ymin>47</ymin>
			<xmax>537</xmax>
			<ymax>79</ymax>
		</bndbox>
	</object>
	<object>
		<name>Logo3</name>
		<pose>Unspecified</pose>
		<truncated>0</truncated>
		<difficult>0</difficult>
		<bndbox>
			<xmin>563</xmin>
			<ymin>18</ymin>
			<xmax>705</xmax>
			<ymax>54</ymax>
		</bndbox>
	</object>
</annotation>
