<annotation>
	<folder>JPG_Chang</folder>
	<filename>0ca2af8f115fbf2c9685969af4b34dcf.jpg</filename>
	<path>/Users/cliu/Data/JPG_Chang/0ca2af8f115fbf2c9685969af4b34dcf.jpg</path>
	<source>
		<database>Unknown</database>
	</source>
	<size>
		<width>300</width>
		<height>250</height>
		<depth>3</depth>
	</size>
	<segmented>0</segmented>
	<object>
		<name>CallToAction</name>
		<pose>Unspecified</pose>
		<truncated>0</truncated>
		<difficult>0</difficult>
		<bndbox>
			<xmin>191</xmin>
			<ymin>207</ymin>
			<xmax>293</xmax>
			<ymax>246</ymax>
		</bndbox>
	</object>
	<object>
		<name>HeroImage</name>
		<pose>Unspecified</pose>
		<truncated>0</truncated>
		<difficult>0</difficult>
		<bndbox>
			<xmin>5</xmin>
			<ymin>5</ymin>
			<xmax>295</xmax>
			<ymax>204</ymax>
		</bndbox>
	</object>
</annotation>
