<annotation>
	<folder>JPG_Chang</folder>
	<filename>0ca54336f597610faef2cd7cf792aeb2.jpg</filename>
	<path>/Users/cliu/Data/JPG_Chang/0ca54336f597610faef2cd7cf792aeb2.jpg</path>
	<source>
		<database>Unknown</database>
	</source>
	<size>
		<width>300</width>
		<height>250</height>
		<depth>3</depth>
	</size>
	<segmented>0</segmented>
	<object>
		<name>Headline</name>
		<pose>Unspecified</pose>
		<truncated>0</truncated>
		<difficult>0</difficult>
		<bndbox>
			<xmin>20</xmin>
			<ymin>173</ymin>
			<xmax>130</xmax>
			<ymax>215</ymax>
		</bndbox>
	</object>
	<object>
		<name>Logo</name>
		<pose>Unspecified</pose>
		<truncated>0</truncated>
		<difficult>0</difficult>
		<bndbox>
			<xmin>226</xmin>
			<ymin>208</ymin>
			<xmax>290</xmax>
			<ymax>246</ymax>
		</bndbox>
	</object>
	<object>
		<name>HeroImage</name>
		<pose>Unspecified</pose>
		<truncated>0</truncated>
		<difficult>0</difficult>
		<bndbox>
			<xmin>18</xmin>
			<ymin>9</ymin>
			<xmax>288</xmax>
			<ymax>172</ymax>
		</bndbox>
	</object>
	<object>
		<name>CallToAction</name>
		<pose>Unspecified</pose>
		<truncated>0</truncated>
		<difficult>0</difficult>
		<bndbox>
			<xmin>28</xmin>
			<ymin>220</ymin>
			<xmax>117</xmax>
			<ymax>244</ymax>
		</bndbox>
	</object>
</annotation>
