<annotation>
	<folder>JPG_Chang</folder>
	<filename>0ca7610c691a5a04f5d5039619f5f094.jpg</filename>
	<path>/Users/cliu/Data/JPG_Chang/0ca7610c691a5a04f5d5039619f5f094.jpg</path>
	<source>
		<database>Unknown</database>
	</source>
	<size>
		<width>728</width>
		<height>90</height>
		<depth>3</depth>
	</size>
	<segmented>0</segmented>
	<object>
		<name>Headline</name>
		<pose>Unspecified</pose>
		<truncated>0</truncated>
		<difficult>0</difficult>
		<bndbox>
			<xmin>14</xmin>
			<ymin>19</ymin>
			<xmax>497</xmax>
			<ymax>45</ymax>
		</bndbox>
	</object>
	<object>
		<name>HeroImage</name>
		<pose>Unspecified</pose>
		<truncated>1</truncated>
		<difficult>0</difficult>
		<bndbox>
			<xmin>503</xmin>
			<ymin>2</ymin>
			<xmax>643</xmax>
			<ymax>90</ymax>
		</bndbox>
	</object>
	<object>
		<name>Logo</name>
		<pose>Unspecified</pose>
		<truncated>0</truncated>
		<difficult>0</difficult>
		<bndbox>
			<xmin>659</xmin>
			<ymin>28</ymin>
			<xmax>710</xmax>
			<ymax>62</ymax>
		</bndbox>
	</object>
</annotation>
