<annotation>
	<folder>JPG_Chang</folder>
	<filename>0ca82b4d160b59424a33970d78850051.jpg</filename>
	<path>/Users/cliu/Data/JPG_Chang/0ca82b4d160b59424a33970d78850051.jpg</path>
	<source>
		<database>Unknown</database>
	</source>
	<size>
		<width>0</width>
		<height>0</height>
		<depth>3</depth>
	</size>
	<segmented>0</segmented>
	<object>
		<name>CallToAction</name>
		<pose>Unspecified</pose>
		<truncated>0</truncated>
		<difficult>0</difficult>
		<bndbox>
			<xmin>159</xmin>
			<ymin>110</ymin>
			<xmax>286</xmax>
			<ymax>145</ymax>
		</bndbox>
	</object>
	<object>
		<name>Logo</name>
		<pose>Unspecified</pose>
		<truncated>0</truncated>
		<difficult>0</difficult>
		<bndbox>
			<xmin>89</xmin>
			<ymin>201</ymin>
			<xmax>211</xmax>
			<ymax>238</ymax>
		</bndbox>
	</object>
	<object>
		<name>Headline</name>
		<pose>Unspecified</pose>
		<truncated>0</truncated>
		<difficult>0</difficult>
		<bndbox>
			<xmin>12</xmin>
			<ymin>19</ymin>
			<xmax>289</xmax>
			<ymax>86</ymax>
		</bndbox>
	</object>
	<object>
		<name>HeroImage</name>
		<pose>Unspecified</pose>
		<truncated>0</truncated>
		<difficult>0</difficult>
		<bndbox>
			<xmin>4</xmin>
			<ymin>98</ymin>
			<xmax>147</xmax>
			<ymax>170</ymax>
		</bndbox>
	</object>
</annotation>
