<annotation>
	<folder>JPG_Chang</folder>
	<filename>0ca89e5025ec64355c3d259ac7ad5130.jpg</filename>
	<path>/Users/cliu/Data/JPG_Chang/0ca89e5025ec64355c3d259ac7ad5130.jpg</path>
	<source>
		<database>Unknown</database>
	</source>
	<size>
		<width>160</width>
		<height>600</height>
		<depth>3</depth>
	</size>
	<segmented>0</segmented>
	<object>
		<name>CallToAction</name>
		<pose>Unspecified</pose>
		<truncated>0</truncated>
		<difficult>0</difficult>
		<bndbox>
			<xmin>8</xmin>
			<ymin>154</ymin>
			<xmax>125</xmax>
			<ymax>190</ymax>
		</bndbox>
	</object>
	<object>
		<name>HeroImage</name>
		<pose>Unspecified</pose>
		<truncated>1</truncated>
		<difficult>0</difficult>
		<bndbox>
			<xmin>1</xmin>
			<ymin>198</ymin>
			<xmax>159</xmax>
			<ymax>600</ymax>
		</bndbox>
	</object>
	<object>
		<name>Headline</name>
		<pose>Unspecified</pose>
		<truncated>0</truncated>
		<difficult>0</difficult>
		<bndbox>
			<xmin>8</xmin>
			<ymin>80</ymin>
			<xmax>134</xmax>
			<ymax>131</ymax>
		</bndbox>
	</object>
	<object>
		<name>Logo</name>
		<pose>Unspecified</pose>
		<truncated>0</truncated>
		<difficult>0</difficult>
		<bndbox>
			<xmin>7</xmin>
			<ymin>22</ymin>
			<xmax>120</xmax>
			<ymax>51</ymax>
		</bndbox>
	</object>
</annotation>
