<annotation>
	<folder>JPG_Chang</folder>
	<filename>0ca852c8f38e49181adeebfd9f5f661a.jpg</filename>
	<path>/Users/cliu/Data/JPG_Chang/0ca852c8f38e49181adeebfd9f5f661a.jpg</path>
	<source>
		<database>Unknown</database>
	</source>
	<size>
		<width>300</width>
		<height>250</height>
		<depth>3</depth>
	</size>
	<segmented>0</segmented>
	<object>
		<name>HeroImage</name>
		<pose>Unspecified</pose>
		<truncated>0</truncated>
		<difficult>0</difficult>
		<bndbox>
			<xmin>2</xmin>
			<ymin>77</ymin>
			<xmax>296</xmax>
			<ymax>159</ymax>
		</bndbox>
	</object>
	<object>
		<name>Logo</name>
		<pose>Unspecified</pose>
		<truncated>0</truncated>
		<difficult>0</difficult>
		<bndbox>
			<xmin>190</xmin>
			<ymin>213</ymin>
			<xmax>248</xmax>
			<ymax>232</ymax>
		</bndbox>
	</object>
	<object>
		<name>CallToAction</name>
		<pose>Unspecified</pose>
		<truncated>0</truncated>
		<difficult>0</difficult>
		<bndbox>
			<xmin>51</xmin>
			<ymin>204</ymin>
			<xmax>162</xmax>
			<ymax>244</ymax>
		</bndbox>
	</object>
	<object>
		<name>Logo2</name>
		<pose>Unspecified</pose>
		<truncated>0</truncated>
		<difficult>0</difficult>
		<bndbox>
			<xmin>107</xmin>
			<ymin>9</ymin>
			<xmax>193</xmax>
			<ymax>50</ymax>
		</bndbox>
	</object>
</annotation>
