<annotation>
	<folder>JPG_Chang</folder>
	<filename>0ca9bdd463355918d62d0b5f6c8173d8.jpg</filename>
	<path>/Users/cliu/Data/JPG_Chang/0ca9bdd463355918d62d0b5f6c8173d8.jpg</path>
	<source>
		<database>Unknown</database>
	</source>
	<size>
		<width>300</width>
		<height>250</height>
		<depth>3</depth>
	</size>
	<segmented>0</segmented>
	<object>
		<name>Offer</name>
		<pose>Unspecified</pose>
		<truncated>0</truncated>
		<difficult>0</difficult>
		<bndbox>
			<xmin>6</xmin>
			<ymin>200</ymin>
			<xmax>173</xmax>
			<ymax>240</ymax>
		</bndbox>
	</object>
	<object>
		<name>Logo</name>
		<pose>Unspecified</pose>
		<truncated>0</truncated>
		<difficult>0</difficult>
		<bndbox>
			<xmin>197</xmin>
			<ymin>202</ymin>
			<xmax>289</xmax>
			<ymax>240</ymax>
		</bndbox>
	</object>
	<object>
		<name>HeroImage</name>
		<pose>Unspecified</pose>
		<truncated>0</truncated>
		<difficult>0</difficult>
		<bndbox>
			<xmin>2</xmin>
			<ymin>3</ymin>
			<xmax>299</xmax>
			<ymax>192</ymax>
		</bndbox>
	</object>
</annotation>
