<annotation>
	<folder>JPG_Chang</folder>
	<filename>0cbbc6042d5da1df7ef2a53f744ae3c8.jpg</filename>
	<path>/Users/cliu/Data/JPG_Chang/0cbbc6042d5da1df7ef2a53f744ae3c8.jpg</path>
	<source>
		<database>Unknown</database>
	</source>
	<size>
		<width>300</width>
		<height>250</height>
		<depth>3</depth>
	</size>
	<segmented>0</segmented>
	<object>
		<name>CallToAction</name>
		<pose>Unspecified</pose>
		<truncated>0</truncated>
		<difficult>0</difficult>
		<bndbox>
			<xmin>168</xmin>
			<ymin>181</ymin>
			<xmax>269</xmax>
			<ymax>210</ymax>
		</bndbox>
	</object>
	<object>
		<name>Logo</name>
		<pose>Unspecified</pose>
		<truncated>0</truncated>
		<difficult>0</difficult>
		<bndbox>
			<xmin>3</xmin>
			<ymin>217</ymin>
			<xmax>104</xmax>
			<ymax>244</ymax>
		</bndbox>
	</object>
	<object>
		<name>HeroImage</name>
		<pose>Unspecified</pose>
		<truncated>0</truncated>
		<difficult>0</difficult>
		<bndbox>
			<xmin>2</xmin>
			<ymin>28</ymin>
			<xmax>145</xmax>
			<ymax>209</ymax>
		</bndbox>
	</object>
	<object>
		<name>Headline2</name>
		<pose>Unspecified</pose>
		<truncated>0</truncated>
		<difficult>0</difficult>
		<bndbox>
			<xmin>52</xmin>
			<ymin>7</ymin>
			<xmax>249</xmax>
			<ymax>19</ymax>
		</bndbox>
	</object>
</annotation>
