<annotation>
	<folder>JPG_Chang</folder>
	<filename>0cbf722515ef5f09eeeb91e68e41a95e.jpg</filename>
	<path>/Users/cliu/Data/JPG_Chang/0cbf722515ef5f09eeeb91e68e41a95e.jpg</path>
	<source>
		<database>Unknown</database>
	</source>
	<size>
		<width>300</width>
		<height>250</height>
		<depth>3</depth>
	</size>
	<segmented>0</segmented>
	<object>
		<name>Offer</name>
		<pose>Unspecified</pose>
		<truncated>0</truncated>
		<difficult>0</difficult>
		<bndbox>
			<xmin>14</xmin>
			<ymin>34</ymin>
			<xmax>135</xmax>
			<ymax>112</ymax>
		</bndbox>
	</object>
	<object>
		<name>Logo</name>
		<pose>Unspecified</pose>
		<truncated>0</truncated>
		<difficult>0</difficult>
		<bndbox>
			<xmin>221</xmin>
			<ymin>36</ymin>
			<xmax>287</xmax>
			<ymax>75</ymax>
		</bndbox>
	</object>
	<object>
		<name>HeroImage</name>
		<pose>Unspecified</pose>
		<truncated>1</truncated>
		<difficult>0</difficult>
		<bndbox>
			<xmin>152</xmin>
			<ymin>85</ymin>
			<xmax>300</xmax>
			<ymax>244</ymax>
		</bndbox>
	</object>
	<object>
		<name>CallToAction</name>
		<pose>Unspecified</pose>
		<truncated>0</truncated>
		<difficult>0</difficult>
		<bndbox>
			<xmin>14</xmin>
			<ymin>151</ymin>
			<xmax>149</xmax>
			<ymax>186</ymax>
		</bndbox>
	</object>
	<object>
		<name>Disclaimer</name>
		<pose>Unspecified</pose>
		<truncated>0</truncated>
		<difficult>0</difficult>
		<bndbox>
			<xmin>14</xmin>
			<ymin>190</ymin>
			<xmax>80</xmax>
			<ymax>209</ymax>
		</bndbox>
	</object>
</annotation>
