<annotation>
	<folder>JPG_Chang</folder>
	<filename>0cc546ee0bce41245b979ece32fb5450.jpg</filename>
	<path>/Users/cliu/Data/JPG_Chang/0cc546ee0bce41245b979ece32fb5450.jpg</path>
	<source>
		<database>Unknown</database>
	</source>
	<size>
		<width>728</width>
		<height>90</height>
		<depth>3</depth>
	</size>
	<segmented>0</segmented>
	<object>
		<name>Logo</name>
		<pose>Unspecified</pose>
		<truncated>0</truncated>
		<difficult>0</difficult>
		<bndbox>
			<xmin>138</xmin>
			<ymin>10</ymin>
			<xmax>382</xmax>
			<ymax>85</ymax>
		</bndbox>
	</object>
	<object>
		<name>HeroImage</name>
		<pose>Unspecified</pose>
		<truncated>1</truncated>
		<difficult>0</difficult>
		<bndbox>
			<xmin>539</xmin>
			<ymin>2</ymin>
			<xmax>726</xmax>
			<ymax>90</ymax>
		</bndbox>
	</object>
	<object>
		<name>Headline</name>
		<pose>Unspecified</pose>
		<truncated>0</truncated>
		<difficult>0</difficult>
		<bndbox>
			<xmin>390</xmin>
			<ymin>23</ymin>
			<xmax>531</xmax>
			<ymax>69</ymax>
		</bndbox>
	</object>
</annotation>
