<annotation>
	<folder>JPG_Chang</folder>
	<filename>0cc941cecc38bb99e7dc5c6ce89d112f.jpg</filename>
	<path>/Users/cliu/Data/JPG_Chang/0cc941cecc38bb99e7dc5c6ce89d112f.jpg</path>
	<source>
		<database>Unknown</database>
	</source>
	<size>
		<width>728</width>
		<height>90</height>
		<depth>3</depth>
	</size>
	<segmented>0</segmented>
	<object>
		<name>CallToAction</name>
		<pose>Unspecified</pose>
		<truncated>0</truncated>
		<difficult>0</difficult>
		<bndbox>
			<xmin>220</xmin>
			<ymin>47</ymin>
			<xmax>361</xmax>
			<ymax>84</ymax>
		</bndbox>
	</object>
	<object>
		<name>HeroImage</name>
		<pose>Unspecified</pose>
		<truncated>1</truncated>
		<difficult>0</difficult>
		<bndbox>
			<xmin>446</xmin>
			<ymin>1</ymin>
			<xmax>728</xmax>
			<ymax>88</ymax>
		</bndbox>
	</object>
	<object>
		<name>Headline</name>
		<pose>Unspecified</pose>
		<truncated>0</truncated>
		<difficult>0</difficult>
		<bndbox>
			<xmin>180</xmin>
			<ymin>10</ymin>
			<xmax>404</xmax>
			<ymax>41</ymax>
		</bndbox>
	</object>
	<object>
		<name>Logo</name>
		<pose>Unspecified</pose>
		<truncated>0</truncated>
		<difficult>0</difficult>
		<bndbox>
			<xmin>15</xmin>
			<ymin>31</ymin>
			<xmax>137</xmax>
			<ymax>62</ymax>
		</bndbox>
	</object>
</annotation>
