<annotation>
	<folder>JPG_Chang</folder>
	<filename>0cc9e48604047f6c9b0edfa6ec674db7.jpg</filename>
	<path>/Users/cliu/Data/JPG_Chang/0cc9e48604047f6c9b0edfa6ec674db7.jpg</path>
	<source>
		<database>Unknown</database>
	</source>
	<size>
		<width>300</width>
		<height>250</height>
		<depth>3</depth>
	</size>
	<segmented>0</segmented>
	<object>
		<name>Logo</name>
		<pose>Unspecified</pose>
		<truncated>0</truncated>
		<difficult>0</difficult>
		<bndbox>
			<xmin>61</xmin>
			<ymin>13</ymin>
			<xmax>232</xmax>
			<ymax>60</ymax>
		</bndbox>
	</object>
	<object>
		<name>Headline</name>
		<pose>Unspecified</pose>
		<truncated>0</truncated>
		<difficult>0</difficult>
		<bndbox>
			<xmin>46</xmin>
			<ymin>176</ymin>
			<xmax>257</xmax>
			<ymax>215</ymax>
		</bndbox>
	</object>
	<object>
		<name>Disclaimer</name>
		<pose>Unspecified</pose>
		<truncated>0</truncated>
		<difficult>0</difficult>
		<bndbox>
			<xmin>50</xmin>
			<ymin>235</ymin>
			<xmax>255</xmax>
			<ymax>247</ymax>
		</bndbox>
	</object>
	<object>
		<name>CallToAction</name>
		<pose>Unspecified</pose>
		<truncated>0</truncated>
		<difficult>0</difficult>
		<bndbox>
			<xmin>79</xmin>
			<ymin>66</ymin>
			<xmax>222</xmax>
			<ymax>169</ymax>
		</bndbox>
	</object>
</annotation>
