<annotation>
	<folder>JPG_Chang</folder>
	<filename>0ccac53b03d2ae31b75add40b069fc67.jpg</filename>
	<path>/Users/cliu/Data/JPG_Chang/0ccac53b03d2ae31b75add40b069fc67.jpg</path>
	<source>
		<database>Unknown</database>
	</source>
	<size>
		<width>728</width>
		<height>90</height>
		<depth>3</depth>
	</size>
	<segmented>0</segmented>
	<object>
		<name>HeroImage</name>
		<pose>Unspecified</pose>
		<truncated>0</truncated>
		<difficult>0</difficult>
		<bndbox>
			<xmin>6</xmin>
			<ymin>5</ymin>
			<xmax>167</xmax>
			<ymax>86</ymax>
		</bndbox>
	</object>
	<object>
		<name>Headline</name>
		<pose>Unspecified</pose>
		<truncated>0</truncated>
		<difficult>0</difficult>
		<bndbox>
			<xmin>175</xmin>
			<ymin>21</ymin>
			<xmax>527</xmax>
			<ymax>69</ymax>
		</bndbox>
	</object>
	<object>
		<name>CallToAction</name>
		<pose>Unspecified</pose>
		<truncated>0</truncated>
		<difficult>0</difficult>
		<bndbox>
			<xmin>544</xmin>
			<ymin>28</ymin>
			<xmax>691</xmax>
			<ymax>64</ymax>
		</bndbox>
	</object>
</annotation>
