<annotation>
	<folder>JPG_Chang</folder>
	<filename>0cceb95d085b8c5f7207a8e405491235.jpg</filename>
	<path>/Users/cliu/Data/JPG_Chang/0cceb95d085b8c5f7207a8e405491235.jpg</path>
	<source>
		<database>Unknown</database>
	</source>
	<size>
		<width>300</width>
		<height>250</height>
		<depth>3</depth>
	</size>
	<segmented>0</segmented>
	<object>
		<name>CallToAction</name>
		<pose>Unspecified</pose>
		<truncated>0</truncated>
		<difficult>0</difficult>
		<bndbox>
			<xmin>233</xmin>
			<ymin>200</ymin>
			<xmax>292</xmax>
			<ymax>238</ymax>
		</bndbox>
	</object>
	<object>
		<name>Headline</name>
		<pose>Unspecified</pose>
		<truncated>0</truncated>
		<difficult>0</difficult>
		<bndbox>
			<xmin>138</xmin>
			<ymin>54</ymin>
			<xmax>287</xmax>
			<ymax>140</ymax>
		</bndbox>
	</object>
	<object>
		<name>HeroImage</name>
		<pose>Unspecified</pose>
		<truncated>1</truncated>
		<difficult>0</difficult>
		<bndbox>
			<xmin>1</xmin>
			<ymin>1</ymin>
			<xmax>141</xmax>
			<ymax>188</ymax>
		</bndbox>
	</object>
</annotation>
