<annotation>
	<folder>JPG_Chang</folder>
	<filename>0cd1451933a5b38a9c216c33e2b179da.jpg</filename>
	<path>/Users/cliu/Data/JPG_Chang/0cd1451933a5b38a9c216c33e2b179da.jpg</path>
	<source>
		<database>Unknown</database>
	</source>
	<size>
		<width>0</width>
		<height>0</height>
		<depth>3</depth>
	</size>
	<segmented>0</segmented>
	<object>
		<name>CallToAction</name>
		<pose>Unspecified</pose>
		<truncated>0</truncated>
		<difficult>0</difficult>
		<bndbox>
			<xmin>22</xmin>
			<ymin>203</ymin>
			<xmax>113</xmax>
			<ymax>228</ymax>
		</bndbox>
	</object>
	<object>
		<name>Headline2</name>
		<pose>Unspecified</pose>
		<truncated>0</truncated>
		<difficult>0</difficult>
		<bndbox>
			<xmin>23</xmin>
			<ymin>156</ymin>
			<xmax>113</xmax>
			<ymax>190</ymax>
		</bndbox>
	</object>
	<object>
		<name>Headline</name>
		<pose>Unspecified</pose>
		<truncated>0</truncated>
		<difficult>0</difficult>
		<bndbox>
			<xmin>12</xmin>
			<ymin>106</ymin>
			<xmax>124</xmax>
			<ymax>134</ymax>
		</bndbox>
	</object>
	<object>
		<name>Logo</name>
		<pose>Unspecified</pose>
		<truncated>0</truncated>
		<difficult>0</difficult>
		<bndbox>
			<xmin>17</xmin>
			<ymin>24</ymin>
			<xmax>117</xmax>
			<ymax>88</ymax>
		</bndbox>
	</object>
	<object>
		<name>Logo</name>
		<pose>Unspecified</pose>
		<truncated>1</truncated>
		<difficult>0</difficult>
		<bndbox>
			<xmin>139</xmin>
			<ymin>1</ymin>
			<xmax>299</xmax>
			<ymax>249</ymax>
		</bndbox>
	</object>
</annotation>
