<annotation>
	<folder>JPG_Chang</folder>
	<filename>0cd27bb6309a9f15a3e9ebc7af1ab238.jpg</filename>
	<path>/Users/cliu/Data/JPG_Chang/0cd27bb6309a9f15a3e9ebc7af1ab238.jpg</path>
	<source>
		<database>Unknown</database>
	</source>
	<size>
		<width>300</width>
		<height>250</height>
		<depth>3</depth>
	</size>
	<segmented>0</segmented>
	<object>
		<name>Headline</name>
		<pose>Unspecified</pose>
		<truncated>0</truncated>
		<difficult>0</difficult>
		<bndbox>
			<xmin>9</xmin>
			<ymin>13</ymin>
			<xmax>295</xmax>
			<ymax>71</ymax>
		</bndbox>
	</object>
	<object>
		<name>CallToAction</name>
		<pose>Unspecified</pose>
		<truncated>0</truncated>
		<difficult>0</difficult>
		<bndbox>
			<xmin>17</xmin>
			<ymin>127</ymin>
			<xmax>285</xmax>
			<ymax>197</ymax>
		</bndbox>
	</object>
</annotation>
