<annotation>
	<folder>JPG_Chang</folder>
	<filename>0cda341a9bea2076579d711077ff2d46.jpg</filename>
	<path>/Users/cliu/Data/JPG_Chang/0cda341a9bea2076579d711077ff2d46.jpg</path>
	<source>
		<database>Unknown</database>
	</source>
	<size>
		<width>0</width>
		<height>0</height>
		<depth>3</depth>
	</size>
	<segmented>0</segmented>
	<object>
		<name>Logo</name>
		<pose>Unspecified</pose>
		<truncated>0</truncated>
		<difficult>0</difficult>
		<bndbox>
			<xmin>12</xmin>
			<ymin>212</ymin>
			<xmax>71</xmax>
			<ymax>242</ymax>
		</bndbox>
	</object>
	<object>
		<name>Logo2</name>
		<pose>Unspecified</pose>
		<truncated>0</truncated>
		<difficult>0</difficult>
		<bndbox>
			<xmin>207</xmin>
			<ymin>210</ymin>
			<xmax>290</xmax>
			<ymax>245</ymax>
		</bndbox>
	</object>
	<object>
		<name>Headline</name>
		<pose>Unspecified</pose>
		<truncated>0</truncated>
		<difficult>0</difficult>
		<bndbox>
			<xmin>8</xmin>
			<ymin>120</ymin>
			<xmax>288</xmax>
			<ymax>206</ymax>
		</bndbox>
	</object>
	<object>
		<name>HeroImage</name>
		<pose>Unspecified</pose>
		<truncated>0</truncated>
		<difficult>0</difficult>
		<bndbox>
			<xmin>3</xmin>
			<ymin>3</ymin>
			<xmax>294</xmax>
			<ymax>117</ymax>
		</bndbox>
	</object>
</annotation>
