<annotation>
	<folder>JPG_Chang</folder>
	<filename>0cdad6de6ed6bb7aa55de4bf4fbba965.jpg</filename>
	<path>/Users/cliu/Data/JPG_Chang/0cdad6de6ed6bb7aa55de4bf4fbba965.jpg</path>
	<source>
		<database>Unknown</database>
	</source>
	<size>
		<width>300</width>
		<height>250</height>
		<depth>3</depth>
	</size>
	<segmented>0</segmented>
	<object>
		<name>CallToAction</name>
		<pose>Unspecified</pose>
		<truncated>0</truncated>
		<difficult>0</difficult>
		<bndbox>
			<xmin>70</xmin>
			<ymin>139</ymin>
			<xmax>230</xmax>
			<ymax>186</ymax>
		</bndbox>
	</object>
	<object>
		<name>Logo</name>
		<pose>Unspecified</pose>
		<truncated>0</truncated>
		<difficult>0</difficult>
		<bndbox>
			<xmin>111</xmin>
			<ymin>200</ymin>
			<xmax>192</xmax>
			<ymax>235</ymax>
		</bndbox>
	</object>
	<object>
		<name>Headline</name>
		<pose>Unspecified</pose>
		<truncated>0</truncated>
		<difficult>0</difficult>
		<bndbox>
			<xmin>49</xmin>
			<ymin>70</ymin>
			<xmax>251</xmax>
			<ymax>132</ymax>
		</bndbox>
	</object>
	<object>
		<name>HeroImage</name>
		<pose>Unspecified</pose>
		<truncated>0</truncated>
		<difficult>0</difficult>
		<bndbox>
			<xmin>30</xmin>
			<ymin>3</ymin>
			<xmax>298</xmax>
			<ymax>69</ymax>
		</bndbox>
	</object>
</annotation>
