<annotation>
	<folder>JPG_Chang</folder>
	<filename>0cda19a566eae9e4621d51c76ccaa8b9.jpg</filename>
	<path>/Users/cliu/Data/JPG_Chang/0cda19a566eae9e4621d51c76ccaa8b9.jpg</path>
	<source>
		<database>Unknown</database>
	</source>
	<size>
		<width>300</width>
		<height>250</height>
		<depth>3</depth>
	</size>
	<segmented>0</segmented>
	<object>
		<name>CallToAction</name>
		<pose>Unspecified</pose>
		<truncated>0</truncated>
		<difficult>0</difficult>
		<bndbox>
			<xmin>180</xmin>
			<ymin>209</ymin>
			<xmax>280</xmax>
			<ymax>238</ymax>
		</bndbox>
	</object>
	<object>
		<name>Headline</name>
		<pose>Unspecified</pose>
		<truncated>0</truncated>
		<difficult>0</difficult>
		<bndbox>
			<xmin>19</xmin>
			<ymin>60</ymin>
			<xmax>249</xmax>
			<ymax>117</ymax>
		</bndbox>
	</object>
	<object>
		<name>Logo</name>
		<pose>Unspecified</pose>
		<truncated>0</truncated>
		<difficult>0</difficult>
		<bndbox>
			<xmin>23</xmin>
			<ymin>17</ymin>
			<xmax>237</xmax>
			<ymax>44</ymax>
		</bndbox>
	</object>
</annotation>
