<annotation>
	<folder>JPG_Chang</folder>
	<filename>0cde742b5278232c79787df8998a665c.jpg</filename>
	<path>/Users/cliu/Data/JPG_Chang/0cde742b5278232c79787df8998a665c.jpg</path>
	<source>
		<database>Unknown</database>
	</source>
	<size>
		<width>0</width>
		<height>0</height>
		<depth>3</depth>
	</size>
	<segmented>0</segmented>
	<object>
		<name>CallToAction</name>
		<pose>Unspecified</pose>
		<truncated>0</truncated>
		<difficult>0</difficult>
		<bndbox>
			<xmin>15</xmin>
			<ymin>173</ymin>
			<xmax>286</xmax>
			<ymax>233</ymax>
		</bndbox>
	</object>
	<object>
		<name>Headline2</name>
		<pose>Unspecified</pose>
		<truncated>0</truncated>
		<difficult>0</difficult>
		<bndbox>
			<xmin>17</xmin>
			<ymin>134</ymin>
			<xmax>262</xmax>
			<ymax>167</ymax>
		</bndbox>
	</object>
	<object>
		<name>Headline</name>
		<pose>Unspecified</pose>
		<truncated>0</truncated>
		<difficult>0</difficult>
		<bndbox>
			<xmin>19</xmin>
			<ymin>69</ymin>
			<xmax>272</xmax>
			<ymax>126</ymax>
		</bndbox>
	</object>
	<object>
		<name>Logo</name>
		<pose>Unspecified</pose>
		<truncated>0</truncated>
		<difficult>0</difficult>
		<bndbox>
			<xmin>101</xmin>
			<ymin>16</ymin>
			<xmax>203</xmax>
			<ymax>59</ymax>
		</bndbox>
	</object>
</annotation>
