<annotation>
	<folder>JPG_Chang</folder>
	<filename>0ce005b1de536cbfaddacc61ead45a82.jpg</filename>
	<path>/Users/cliu/Data/JPG_Chang/0ce005b1de536cbfaddacc61ead45a82.jpg</path>
	<source>
		<database>Unknown</database>
	</source>
	<size>
		<width>0</width>
		<height>0</height>
		<depth>3</depth>
	</size>
	<segmented>0</segmented>
	<object>
		<name>Logo</name>
		<pose>Unspecified</pose>
		<truncated>0</truncated>
		<difficult>0</difficult>
		<bndbox>
			<xmin>16</xmin>
			<ymin>28</ymin>
			<xmax>166</xmax>
			<ymax>65</ymax>
		</bndbox>
	</object>
	<object>
		<name>Headline</name>
		<pose>Unspecified</pose>
		<truncated>0</truncated>
		<difficult>0</difficult>
		<bndbox>
			<xmin>338</xmin>
			<ymin>8</ymin>
			<xmax>483</xmax>
			<ymax>85</ymax>
		</bndbox>
	</object>
	<object>
		<name>CallToAction</name>
		<pose>Unspecified</pose>
		<truncated>0</truncated>
		<difficult>0</difficult>
		<bndbox>
			<xmin>538</xmin>
			<ymin>11</ymin>
			<xmax>719</xmax>
			<ymax>74</ymax>
		</bndbox>
	</object>
</annotation>
