<annotation>
	<folder>JPG_Chang</folder>
	<filename>0ce1ef9ee2edda3862770da5be7b5bbe.jpg</filename>
	<path>/Users/cliu/Data/JPG_Chang/0ce1ef9ee2edda3862770da5be7b5bbe.jpg</path>
	<source>
		<database>Unknown</database>
	</source>
	<size>
		<width>300</width>
		<height>250</height>
		<depth>3</depth>
	</size>
	<segmented>0</segmented>
	<object>
		<name>CallToAction</name>
		<pose>Unspecified</pose>
		<truncated>0</truncated>
		<difficult>0</difficult>
		<bndbox>
			<xmin>8</xmin>
			<ymin>191</ymin>
			<xmax>290</xmax>
			<ymax>240</ymax>
		</bndbox>
	</object>
	<object>
		<name>Logo</name>
		<pose>Unspecified</pose>
		<truncated>0</truncated>
		<difficult>0</difficult>
		<bndbox>
			<xmin>84</xmin>
			<ymin>150</ymin>
			<xmax>214</xmax>
			<ymax>182</ymax>
		</bndbox>
	</object>
	<object>
		<name>Headline</name>
		<pose>Unspecified</pose>
		<truncated>0</truncated>
		<difficult>0</difficult>
		<bndbox>
			<xmin>10</xmin>
			<ymin>38</ymin>
			<xmax>291</xmax>
			<ymax>64</ymax>
		</bndbox>
	</object>
	<object>
		<name>Headline2</name>
		<pose>Unspecified</pose>
		<truncated>0</truncated>
		<difficult>0</difficult>
		<bndbox>
			<xmin>25</xmin>
			<ymin>84</ymin>
			<xmax>273</xmax>
			<ymax>108</ymax>
		</bndbox>
	</object>
</annotation>
