<annotation>
	<folder>JPG_Chang</folder>
	<filename>0cea088b77dadd98349263ebb49a225c.jpg</filename>
	<path>/Users/cliu/Data/JPG_Chang/0cea088b77dadd98349263ebb49a225c.jpg</path>
	<source>
		<database>Unknown</database>
	</source>
	<size>
		<width>300</width>
		<height>250</height>
		<depth>3</depth>
	</size>
	<segmented>0</segmented>
	<object>
		<name>HeroImage</name>
		<pose>Unspecified</pose>
		<truncated>0</truncated>
		<difficult>0</difficult>
		<bndbox>
			<xmin>25</xmin>
			<ymin>56</ymin>
			<xmax>208</xmax>
			<ymax>159</ymax>
		</bndbox>
	</object>
	<object>
		<name>Headline</name>
		<pose>Unspecified</pose>
		<truncated>0</truncated>
		<difficult>0</difficult>
		<bndbox>
			<xmin>99</xmin>
			<ymin>200</ymin>
			<xmax>293</xmax>
			<ymax>221</ymax>
		</bndbox>
	</object>
	<object>
		<name>CallToAction</name>
		<pose>Unspecified</pose>
		<truncated>0</truncated>
		<difficult>0</difficult>
		<bndbox>
			<xmin>159</xmin>
			<ymin>224</ymin>
			<xmax>287</xmax>
			<ymax>246</ymax>
		</bndbox>
	</object>
</annotation>
