<annotation>
	<folder>JPG_Chang</folder>
	<filename>0cf7eeebc14ccf054f8c09e97516af61.jpg</filename>
	<path>/Users/cliu/Data/JPG_Chang/0cf7eeebc14ccf054f8c09e97516af61.jpg</path>
	<source>
		<database>Unknown</database>
	</source>
	<size>
		<width>300</width>
		<height>250</height>
		<depth>3</depth>
	</size>
	<segmented>0</segmented>
	<object>
		<name>CallToAction</name>
		<pose>Unspecified</pose>
		<truncated>0</truncated>
		<difficult>0</difficult>
		<bndbox>
			<xmin>40</xmin>
			<ymin>200</ymin>
			<xmax>263</xmax>
			<ymax>243</ymax>
		</bndbox>
	</object>
	<object>
		<name>Logo</name>
		<pose>Unspecified</pose>
		<truncated>0</truncated>
		<difficult>0</difficult>
		<bndbox>
			<xmin>48</xmin>
			<ymin>207</ymin>
			<xmax>76</xmax>
			<ymax>235</ymax>
		</bndbox>
	</object>
	<object>
		<name>HeroImage</name>
		<pose>Unspecified</pose>
		<truncated>1</truncated>
		<difficult>0</difficult>
		<bndbox>
			<xmin>2</xmin>
			<ymin>56</ymin>
			<xmax>300</xmax>
			<ymax>200</ymax>
		</bndbox>
	</object>
	<object>
		<name>Headline</name>
		<pose>Unspecified</pose>
		<truncated>0</truncated>
		<difficult>0</difficult>
		<bndbox>
			<xmin>10</xmin>
			<ymin>8</ymin>
			<xmax>293</xmax>
			<ymax>26</ymax>
		</bndbox>
	</object>
</annotation>
