<annotation>
	<folder>JPG_Chang</folder>
	<filename>0cf904215535c497d2780c3807967a7d.jpg</filename>
	<path>/Users/cliu/Data/JPG_Chang/0cf904215535c497d2780c3807967a7d.jpg</path>
	<source>
		<database>Unknown</database>
	</source>
	<size>
		<width>300</width>
		<height>250</height>
		<depth>3</depth>
	</size>
	<segmented>0</segmented>
	<object>
		<name>CallToAction</name>
		<pose>Unspecified</pose>
		<truncated>0</truncated>
		<difficult>0</difficult>
		<bndbox>
			<xmin>75</xmin>
			<ymin>172</ymin>
			<xmax>229</xmax>
			<ymax>208</ymax>
		</bndbox>
	</object>
	<object>
		<name>Headline</name>
		<pose>Unspecified</pose>
		<truncated>0</truncated>
		<difficult>0</difficult>
		<bndbox>
			<xmin>36</xmin>
			<ymin>7</ymin>
			<xmax>266</xmax>
			<ymax>129</ymax>
		</bndbox>
	</object>
</annotation>
