<annotation>
	<folder>JPG_Chang</folder>
	<filename>0d0b2d30b9d21d9cfd1983978e735ef4.jpg</filename>
	<path>/Users/cliu/Data/JPG_Chang/0d0b2d30b9d21d9cfd1983978e735ef4.jpg</path>
	<source>
		<database>Unknown</database>
	</source>
	<size>
		<width>160</width>
		<height>600</height>
		<depth>3</depth>
	</size>
	<segmented>0</segmented>
	<object>
		<name>CallToAction</name>
		<pose>Unspecified</pose>
		<truncated>0</truncated>
		<difficult>0</difficult>
		<bndbox>
			<xmin>24</xmin>
			<ymin>513</ymin>
			<xmax>136</xmax>
			<ymax>572</ymax>
		</bndbox>
	</object>
	<object>
		<name>Headline</name>
		<pose>Unspecified</pose>
		<truncated>0</truncated>
		<difficult>0</difficult>
		<bndbox>
			<xmin>9</xmin>
			<ymin>325</ymin>
			<xmax>151</xmax>
			<ymax>486</ymax>
		</bndbox>
	</object>
	<object>
		<name>HeroImage</name>
		<pose>Unspecified</pose>
		<truncated>0</truncated>
		<difficult>0</difficult>
		<bndbox>
			<xmin>2</xmin>
			<ymin>28</ymin>
			<xmax>155</xmax>
			<ymax>293</ymax>
		</bndbox>
	</object>
</annotation>
