<annotation>
	<folder>JPG_Chang</folder>
	<filename>0d102a2018f8a19f4dc1be71829b8b62.jpg</filename>
	<path>/Users/cliu/Data/JPG_Chang/0d102a2018f8a19f4dc1be71829b8b62.jpg</path>
	<source>
		<database>Unknown</database>
	</source>
	<size>
		<width>300</width>
		<height>250</height>
		<depth>3</depth>
	</size>
	<segmented>0</segmented>
	<object>
		<name>CallToAction</name>
		<pose>Unspecified</pose>
		<truncated>0</truncated>
		<difficult>0</difficult>
		<bndbox>
			<xmin>162</xmin>
			<ymin>201</ymin>
			<xmax>295</xmax>
			<ymax>246</ymax>
		</bndbox>
	</object>
	<object>
		<name>Disclaimer</name>
		<pose>Unspecified</pose>
		<truncated>0</truncated>
		<difficult>0</difficult>
		<bndbox>
			<xmin>15</xmin>
			<ymin>238</ymin>
			<xmax>155</xmax>
			<ymax>245</ymax>
		</bndbox>
	</object>
	<object>
		<name>Headline</name>
		<pose>Unspecified</pose>
		<truncated>0</truncated>
		<difficult>0</difficult>
		<bndbox>
			<xmin>35</xmin>
			<ymin>209</ymin>
			<xmax>131</xmax>
			<ymax>235</ymax>
		</bndbox>
	</object>
	<object>
		<name>HeroImage</name>
		<pose>Unspecified</pose>
		<truncated>0</truncated>
		<difficult>0</difficult>
		<bndbox>
			<xmin>28</xmin>
			<ymin>28</ymin>
			<xmax>227</xmax>
			<ymax>106</ymax>
		</bndbox>
	</object>
	<object>
		<name>Logo</name>
		<pose>Unspecified</pose>
		<truncated>0</truncated>
		<difficult>0</difficult>
		<bndbox>
			<xmin>76</xmin>
			<ymin>7</ymin>
			<xmax>227</xmax>
			<ymax>25</ymax>
		</bndbox>
	</object>
</annotation>
