<annotation>
	<folder>JPG_Chang</folder>
	<filename>0d1003f19b55093d00fc4218686880e5.jpg</filename>
	<path>/Users/cliu/Data/JPG_Chang/0d1003f19b55093d00fc4218686880e5.jpg</path>
	<source>
		<database>Unknown</database>
	</source>
	<size>
		<width>728</width>
		<height>90</height>
		<depth>3</depth>
	</size>
	<segmented>0</segmented>
	<object>
		<name>Headline</name>
		<pose>Unspecified</pose>
		<truncated>0</truncated>
		<difficult>0</difficult>
		<bndbox>
			<xmin>19</xmin>
			<ymin>31</ymin>
			<xmax>171</xmax>
			<ymax>63</ymax>
		</bndbox>
	</object>
	<object>
		<name>Logo</name>
		<pose>Unspecified</pose>
		<truncated>0</truncated>
		<difficult>0</difficult>
		<bndbox>
			<xmin>199</xmin>
			<ymin>13</ymin>
			<xmax>444</xmax>
			<ymax>81</ymax>
		</bndbox>
	</object>
	<object>
		<name>HeroImage</name>
		<pose>Unspecified</pose>
		<truncated>0</truncated>
		<difficult>0</difficult>
		<bndbox>
			<xmin>452</xmin>
			<ymin>2</ymin>
			<xmax>609</xmax>
			<ymax>89</ymax>
		</bndbox>
	</object>
	<object>
		<name>CallToAction</name>
		<pose>Unspecified</pose>
		<truncated>0</truncated>
		<difficult>0</difficult>
		<bndbox>
			<xmin>620</xmin>
			<ymin>45</ymin>
			<xmax>717</xmax>
			<ymax>79</ymax>
		</bndbox>
	</object>
</annotation>
