<annotation>
	<folder>JPG_Chang</folder>
	<filename>0d1603f697c428d500b9e1e3fa1255e1.jpg</filename>
	<path>/Users/cliu/Data/JPG_Chang/0d1603f697c428d500b9e1e3fa1255e1.jpg</path>
	<source>
		<database>Unknown</database>
	</source>
	<size>
		<width>300</width>
		<height>250</height>
		<depth>3</depth>
	</size>
	<segmented>0</segmented>
	<object>
		<name>CallToAction</name>
		<pose>Unspecified</pose>
		<truncated>0</truncated>
		<difficult>0</difficult>
		<bndbox>
			<xmin>10</xmin>
			<ymin>158</ymin>
			<xmax>105</xmax>
			<ymax>193</ymax>
		</bndbox>
	</object>
	<object>
		<name>HeroImage</name>
		<pose>Unspecified</pose>
		<truncated>0</truncated>
		<difficult>0</difficult>
		<bndbox>
			<xmin>173</xmin>
			<ymin>50</ymin>
			<xmax>297</xmax>
			<ymax>218</ymax>
		</bndbox>
	</object>
	<object>
		<name>Headline</name>
		<pose>Unspecified</pose>
		<truncated>0</truncated>
		<difficult>0</difficult>
		<bndbox>
			<xmin>10</xmin>
			<ymin>98</ymin>
			<xmax>167</xmax>
			<ymax>152</ymax>
		</bndbox>
	</object>
	<object>
		<name>Logo</name>
		<pose>Unspecified</pose>
		<truncated>0</truncated>
		<difficult>0</difficult>
		<bndbox>
			<xmin>8</xmin>
			<ymin>16</ymin>
			<xmax>64</xmax>
			<ymax>38</ymax>
		</bndbox>
	</object>
</annotation>
