<annotation>
	<folder>JPG_Chang</folder>
	<filename>0d1cbe82fc9d418636550556eb261d7c.jpg</filename>
	<path>/Users/cliu/Data/JPG_Chang/0d1cbe82fc9d418636550556eb261d7c.jpg</path>
	<source>
		<database>Unknown</database>
	</source>
	<size>
		<width>728</width>
		<height>90</height>
		<depth>3</depth>
	</size>
	<segmented>0</segmented>
	<object>
		<name>Logo</name>
		<pose>Unspecified</pose>
		<truncated>0</truncated>
		<difficult>0</difficult>
		<bndbox>
			<xmin>13</xmin>
			<ymin>15</ymin>
			<xmax>165</xmax>
			<ymax>80</ymax>
		</bndbox>
	</object>
	<object>
		<name>HeroImage</name>
		<pose>Unspecified</pose>
		<truncated>0</truncated>
		<difficult>0</difficult>
		<bndbox>
			<xmin>464</xmin>
			<ymin>3</ymin>
			<xmax>558</xmax>
			<ymax>89</ymax>
		</bndbox>
	</object>
	<object>
		<name>CallToAction</name>
		<pose>Unspecified</pose>
		<truncated>0</truncated>
		<difficult>0</difficult>
		<bndbox>
			<xmin>567</xmin>
			<ymin>21</ymin>
			<xmax>710</xmax>
			<ymax>65</ymax>
		</bndbox>
	</object>
</annotation>
