<annotation>
	<folder>JPG_Chang</folder>
	<filename>0d1dc6b0b1662873cb0b760ff1925abe.jpg</filename>
	<path>/Users/cliu/Data/JPG_Chang/0d1dc6b0b1662873cb0b760ff1925abe.jpg</path>
	<source>
		<database>Unknown</database>
	</source>
	<size>
		<width>160</width>
		<height>600</height>
		<depth>3</depth>
	</size>
	<segmented>0</segmented>
	<object>
		<name>CallToAction</name>
		<pose>Unspecified</pose>
		<truncated>0</truncated>
		<difficult>0</difficult>
		<bndbox>
			<xmin>20</xmin>
			<ymin>455</ymin>
			<xmax>135</xmax>
			<ymax>524</ymax>
		</bndbox>
	</object>
	<object>
		<name>Logo</name>
		<pose>Unspecified</pose>
		<truncated>0</truncated>
		<difficult>0</difficult>
		<bndbox>
			<xmin>22</xmin>
			<ymin>527</ymin>
			<xmax>138</xmax>
			<ymax>562</ymax>
		</bndbox>
	</object>
	<object>
		<name>Headline</name>
		<pose>Unspecified</pose>
		<truncated>0</truncated>
		<difficult>0</difficult>
		<bndbox>
			<xmin>31</xmin>
			<ymin>27</ymin>
			<xmax>130</xmax>
			<ymax>274</ymax>
		</bndbox>
	</object>
</annotation>
