<annotation>
	<folder>JPG_Chang</folder>
	<filename>0d2fcc6e6c0c6122ed6122c1b987a66e.jpg</filename>
	<path>/Users/cliu/Data/JPG_Chang/0d2fcc6e6c0c6122ed6122c1b987a66e.jpg</path>
	<source>
		<database>Unknown</database>
	</source>
	<size>
		<width>728</width>
		<height>90</height>
		<depth>3</depth>
	</size>
	<segmented>0</segmented>
	<object>
		<name>Logo</name>
		<pose>Unspecified</pose>
		<truncated>0</truncated>
		<difficult>0</difficult>
		<bndbox>
			<xmin>15</xmin>
			<ymin>28</ymin>
			<xmax>146</xmax>
			<ymax>62</ymax>
		</bndbox>
	</object>
	<object>
		<name>CallToAction</name>
		<pose>Unspecified</pose>
		<truncated>1</truncated>
		<difficult>0</difficult>
		<bndbox>
			<xmin>675</xmin>
			<ymin>16</ymin>
			<xmax>728</xmax>
			<ymax>73</ymax>
		</bndbox>
	</object>
	<object>
		<name>Headline</name>
		<pose>Unspecified</pose>
		<truncated>0</truncated>
		<difficult>0</difficult>
		<bndbox>
			<xmin>180</xmin>
			<ymin>20</ymin>
			<xmax>639</xmax>
			<ymax>68</ymax>
		</bndbox>
	</object>
</annotation>
