<annotation>
	<folder>JPG_Chang</folder>
	<filename>0d2fb5b6b219e6c72766fb389e77b018.jpg</filename>
	<path>/Users/cliu/Data/JPG_Chang/0d2fb5b6b219e6c72766fb389e77b018.jpg</path>
	<source>
		<database>Unknown</database>
	</source>
	<size>
		<width>160</width>
		<height>600</height>
		<depth>3</depth>
	</size>
	<segmented>0</segmented>
	<object>
		<name>HeroImage</name>
		<pose>Unspecified</pose>
		<truncated>0</truncated>
		<difficult>0</difficult>
		<bndbox>
			<xmin>6</xmin>
			<ymin>10</ymin>
			<xmax>149</xmax>
			<ymax>454</ymax>
		</bndbox>
	</object>
	<object>
		<name>CallToAction</name>
		<pose>Unspecified</pose>
		<truncated>0</truncated>
		<difficult>0</difficult>
		<bndbox>
			<xmin>24</xmin>
			<ymin>485</ymin>
			<xmax>132</xmax>
			<ymax>513</ymax>
		</bndbox>
	</object>
	<object>
		<name>Headline</name>
		<pose>Unspecified</pose>
		<truncated>1</truncated>
		<difficult>0</difficult>
		<bndbox>
			<xmin>1</xmin>
			<ymin>464</ymin>
			<xmax>154</xmax>
			<ymax>486</ymax>
		</bndbox>
	</object>
	<object>
		<name>Logo</name>
		<pose>Unspecified</pose>
		<truncated>0</truncated>
		<difficult>0</difficult>
		<bndbox>
			<xmin>19</xmin>
			<ymin>538</ymin>
			<xmax>143</xmax>
			<ymax>589</ymax>
		</bndbox>
	</object>
</annotation>
