<annotation>
	<folder>JPG_Chang</folder>
	<filename>0d34c3ad917e0ba6f4d067bc990d7af5.jpg</filename>
	<path>/Users/cliu/Data/JPG_Chang/0d34c3ad917e0ba6f4d067bc990d7af5.jpg</path>
	<source>
		<database>Unknown</database>
	</source>
	<size>
		<width>300</width>
		<height>250</height>
		<depth>3</depth>
	</size>
	<segmented>0</segmented>
	<object>
		<name>CallToAction</name>
		<pose>Unspecified</pose>
		<truncated>0</truncated>
		<difficult>0</difficult>
		<bndbox>
			<xmin>97</xmin>
			<ymin>203</ymin>
			<xmax>204</xmax>
			<ymax>242</ymax>
		</bndbox>
	</object>
	<object>
		<name>Headline2</name>
		<pose>Unspecified</pose>
		<truncated>0</truncated>
		<difficult>0</difficult>
		<bndbox>
			<xmin>52</xmin>
			<ymin>168</ymin>
			<xmax>246</xmax>
			<ymax>191</ymax>
		</bndbox>
	</object>
	<object>
		<name>Headline</name>
		<pose>Unspecified</pose>
		<truncated>0</truncated>
		<difficult>0</difficult>
		<bndbox>
			<xmin>73</xmin>
			<ymin>110</ymin>
			<xmax>229</xmax>
			<ymax>149</ymax>
		</bndbox>
	</object>
	<object>
		<name>Logo</name>
		<pose>Unspecified</pose>
		<truncated>0</truncated>
		<difficult>0</difficult>
		<bndbox>
			<xmin>100</xmin>
			<ymin>29</ymin>
			<xmax>205</xmax>
			<ymax>85</ymax>
		</bndbox>
	</object>
</annotation>
