<annotation>
	<folder>JPG_Chang</folder>
	<filename>0d3436d1b30dcd5e0a4516ac1c44dd12.jpg</filename>
	<path>/Users/cliu/Data/JPG_Chang/0d3436d1b30dcd5e0a4516ac1c44dd12.jpg</path>
	<source>
		<database>Unknown</database>
	</source>
	<size>
		<width>300</width>
		<height>250</height>
		<depth>3</depth>
	</size>
	<segmented>0</segmented>
	<object>
		<name>Headline</name>
		<pose>Unspecified</pose>
		<truncated>0</truncated>
		<difficult>0</difficult>
		<bndbox>
			<xmin>20</xmin>
			<ymin>63</ymin>
			<xmax>206</xmax>
			<ymax>105</ymax>
		</bndbox>
	</object>
	<object>
		<name>HeroImage</name>
		<pose>Unspecified</pose>
		<truncated>0</truncated>
		<difficult>0</difficult>
		<bndbox>
			<xmin>7</xmin>
			<ymin>111</ymin>
			<xmax>292</xmax>
			<ymax>247</ymax>
		</bndbox>
	</object>
	<object>
		<name>Logo</name>
		<pose>Unspecified</pose>
		<truncated>0</truncated>
		<difficult>0</difficult>
		<bndbox>
			<xmin>96</xmin>
			<ymin>19</ymin>
			<xmax>282</xmax>
			<ymax>51</ymax>
		</bndbox>
	</object>
</annotation>
