<annotation>
	<folder>JPG_Chang</folder>
	<filename>0d37fb6d80630643dd45026c29031a55.jpg</filename>
	<path>/Users/cliu/Data/JPG_Chang/0d37fb6d80630643dd45026c29031a55.jpg</path>
	<source>
		<database>Unknown</database>
	</source>
	<size>
		<width>728</width>
		<height>90</height>
		<depth>3</depth>
	</size>
	<segmented>0</segmented>
	<object>
		<name>Headline</name>
		<pose>Unspecified</pose>
		<truncated>0</truncated>
		<difficult>0</difficult>
		<bndbox>
			<xmin>90</xmin>
			<ymin>13</ymin>
			<xmax>574</xmax>
			<ymax>77</ymax>
		</bndbox>
	</object>
	<object>
		<name>CallToAction</name>
		<pose>Unspecified</pose>
		<truncated>0</truncated>
		<difficult>0</difficult>
		<bndbox>
			<xmin>604</xmin>
			<ymin>52</ymin>
			<xmax>727</xmax>
			<ymax>89</ymax>
		</bndbox>
	</object>
	<object>
		<name>HeroImage</name>
		<pose>Unspecified</pose>
		<truncated>0</truncated>
		<difficult>0</difficult>
		<bndbox>
			<xmin>592</xmin>
			<ymin>3</ymin>
			<xmax>725</xmax>
			<ymax>50</ymax>
		</bndbox>
	</object>
</annotation>
