<annotation>
	<folder>JPG_Chang</folder>
	<filename>0d38255b7aacca8ccb38030b89194d93.jpg</filename>
	<path>/Users/cliu/Data/JPG_Chang/0d38255b7aacca8ccb38030b89194d93.jpg</path>
	<source>
		<database>Unknown</database>
	</source>
	<size>
		<width>728</width>
		<height>90</height>
		<depth>3</depth>
	</size>
	<segmented>0</segmented>
	<object>
		<name>Logo</name>
		<pose>Unspecified</pose>
		<truncated>0</truncated>
		<difficult>0</difficult>
		<bndbox>
			<xmin>13</xmin>
			<ymin>16</ymin>
			<xmax>121</xmax>
			<ymax>79</ymax>
		</bndbox>
	</object>
	<object>
		<name>CallToAction</name>
		<pose>Unspecified</pose>
		<truncated>0</truncated>
		<difficult>0</difficult>
		<bndbox>
			<xmin>250</xmin>
			<ymin>8</ymin>
			<xmax>386</xmax>
			<ymax>79</ymax>
		</bndbox>
	</object>
	<object>
		<name>Logo2</name>
		<pose>Unspecified</pose>
		<truncated>0</truncated>
		<difficult>0</difficult>
		<bndbox>
			<xmin>564</xmin>
			<ymin>65</ymin>
			<xmax>631</xmax>
			<ymax>83</ymax>
		</bndbox>
	</object>
	<object>
		<name>Headline</name>
		<pose>Unspecified</pose>
		<truncated>0</truncated>
		<difficult>0</difficult>
		<bndbox>
			<xmin>390</xmin>
			<ymin>29</ymin>
			<xmax>505</xmax>
			<ymax>63</ymax>
		</bndbox>
	</object>
	<object>
		<name>Headline2</name>
		<pose>Unspecified</pose>
		<truncated>0</truncated>
		<difficult>0</difficult>
		<bndbox>
			<xmin>154</xmin>
			<ymin>28</ymin>
			<xmax>237</xmax>
			<ymax>59</ymax>
		</bndbox>
	</object>
</annotation>
