<annotation>
	<folder>JPG_Chang</folder>
	<filename>0d493f12a4d1c48dae87ae9df71ce7c7.jpg</filename>
	<path>/Users/cliu/Data/JPG_Chang/0d493f12a4d1c48dae87ae9df71ce7c7.jpg</path>
	<source>
		<database>Unknown</database>
	</source>
	<size>
		<width>728</width>
		<height>90</height>
		<depth>3</depth>
	</size>
	<segmented>0</segmented>
	<object>
		<name>Logo</name>
		<pose>Unspecified</pose>
		<truncated>1</truncated>
		<difficult>0</difficult>
		<bndbox>
			<xmin>18</xmin>
			<ymin>1</ymin>
			<xmax>113</xmax>
			<ymax>89</ymax>
		</bndbox>
	</object>
	<object>
		<name>Headline</name>
		<pose>Unspecified</pose>
		<truncated>0</truncated>
		<difficult>0</difficult>
		<bndbox>
			<xmin>131</xmin>
			<ymin>26</ymin>
			<xmax>704</xmax>
			<ymax>62</ymax>
		</bndbox>
	</object>
</annotation>
