<annotation>
	<folder>JPG_Chang</folder>
	<filename>0d4beea48b7d97c18415bf99d3c29217.jpg</filename>
	<path>/Users/cliu/Data/JPG_Chang/0d4beea48b7d97c18415bf99d3c29217.jpg</path>
	<source>
		<database>Unknown</database>
	</source>
	<size>
		<width>728</width>
		<height>90</height>
		<depth>3</depth>
	</size>
	<segmented>0</segmented>
	<object>
		<name>CallToAction</name>
		<pose>Unspecified</pose>
		<truncated>0</truncated>
		<difficult>0</difficult>
		<bndbox>
			<xmin>455</xmin>
			<ymin>24</ymin>
			<xmax>567</xmax>
			<ymax>69</ymax>
		</bndbox>
	</object>
	<object>
		<name>Logo</name>
		<pose>Unspecified</pose>
		<truncated>0</truncated>
		<difficult>0</difficult>
		<bndbox>
			<xmin>594</xmin>
			<ymin>13</ymin>
			<xmax>714</xmax>
			<ymax>55</ymax>
		</bndbox>
	</object>
	<object>
		<name>Headline</name>
		<pose>Unspecified</pose>
		<truncated>0</truncated>
		<difficult>0</difficult>
		<bndbox>
			<xmin>179</xmin>
			<ymin>9</ymin>
			<xmax>429</xmax>
			<ymax>79</ymax>
		</bndbox>
	</object>
	<object>
		<name>HeroImage</name>
		<pose>Unspecified</pose>
		<truncated>1</truncated>
		<difficult>0</difficult>
		<bndbox>
			<xmin>1</xmin>
			<ymin>1</ymin>
			<xmax>170</xmax>
			<ymax>90</ymax>
		</bndbox>
	</object>
</annotation>
