<annotation>
	<folder>JPG_Chang</folder>
	<filename>0d5631ae5f5ee5a130a0bc2cbfd4476d.jpg</filename>
	<path>/Users/cliu/Data/JPG_Chang/0d5631ae5f5ee5a130a0bc2cbfd4476d.jpg</path>
	<source>
		<database>Unknown</database>
	</source>
	<size>
		<width>728</width>
		<height>90</height>
		<depth>3</depth>
	</size>
	<segmented>0</segmented>
	<object>
		<name>Headline</name>
		<pose>Unspecified</pose>
		<truncated>0</truncated>
		<difficult>0</difficult>
		<bndbox>
			<xmin>21</xmin>
			<ymin>23</ymin>
			<xmax>434</xmax>
			<ymax>68</ymax>
		</bndbox>
	</object>
	<object>
		<name>CallToAction</name>
		<pose>Unspecified</pose>
		<truncated>0</truncated>
		<difficult>0</difficult>
		<bndbox>
			<xmin>516</xmin>
			<ymin>26</ymin>
			<xmax>623</xmax>
			<ymax>62</ymax>
		</bndbox>
	</object>
	<object>
		<name>Logo</name>
		<pose>Unspecified</pose>
		<truncated>0</truncated>
		<difficult>0</difficult>
		<bndbox>
			<xmin>658</xmin>
			<ymin>8</ymin>
			<xmax>720</xmax>
			<ymax>86</ymax>
		</bndbox>
	</object>
</annotation>
