<annotation>
	<folder>JPG_Chang</folder>
	<filename>0d579684dda5f99735877aa8d5249f26.jpg</filename>
	<path>/Users/cliu/Data/JPG_Chang/0d579684dda5f99735877aa8d5249f26.jpg</path>
	<source>
		<database>Unknown</database>
	</source>
	<size>
		<width>728</width>
		<height>90</height>
		<depth>3</depth>
	</size>
	<segmented>0</segmented>
	<object>
		<name>CallToAction</name>
		<pose>Unspecified</pose>
		<truncated>0</truncated>
		<difficult>0</difficult>
		<bndbox>
			<xmin>214</xmin>
			<ymin>50</ymin>
			<xmax>444</xmax>
			<ymax>86</ymax>
		</bndbox>
	</object>
	<object>
		<name>Headline</name>
		<pose>Unspecified</pose>
		<truncated>0</truncated>
		<difficult>0</difficult>
		<bndbox>
			<xmin>224</xmin>
			<ymin>8</ymin>
			<xmax>720</xmax>
			<ymax>45</ymax>
		</bndbox>
	</object>
	<object>
		<name>Logo</name>
		<pose>Unspecified</pose>
		<truncated>0</truncated>
		<difficult>0</difficult>
		<bndbox>
			<xmin>10</xmin>
			<ymin>9</ymin>
			<xmax>208</xmax>
			<ymax>77</ymax>
		</bndbox>
	</object>
</annotation>
