<annotation>
	<folder>JPG_Chang</folder>
	<filename>0d5f7984ef5e6932e80fe5c9c6eb515d.jpg</filename>
	<path>/Users/cliu/Data/JPG_Chang/0d5f7984ef5e6932e80fe5c9c6eb515d.jpg</path>
	<source>
		<database>Unknown</database>
	</source>
	<size>
		<width>300</width>
		<height>250</height>
		<depth>3</depth>
	</size>
	<segmented>0</segmented>
	<object>
		<name>CallToAction</name>
		<pose>Unspecified</pose>
		<truncated>0</truncated>
		<difficult>0</difficult>
		<bndbox>
			<xmin>8</xmin>
			<ymin>180</ymin>
			<xmax>290</xmax>
			<ymax>227</ymax>
		</bndbox>
	</object>
	<object>
		<name>HeroImage</name>
		<pose>Unspecified</pose>
		<truncated>0</truncated>
		<difficult>0</difficult>
		<bndbox>
			<xmin>39</xmin>
			<ymin>66</ymin>
			<xmax>299</xmax>
			<ymax>179</ymax>
		</bndbox>
	</object>
	<object>
		<name>Logo</name>
		<pose>Unspecified</pose>
		<truncated>0</truncated>
		<difficult>0</difficult>
		<bndbox>
			<xmin>15</xmin>
			<ymin>4</ymin>
			<xmax>164</xmax>
			<ymax>65</ymax>
		</bndbox>
	</object>
</annotation>
