<annotation>
	<folder>JPG_Chang</folder>
	<filename>0d617330cc43a71c3fd298246073af1a.jpg</filename>
	<path>/Users/cliu/Data/JPG_Chang/0d617330cc43a71c3fd298246073af1a.jpg</path>
	<source>
		<database>Unknown</database>
	</source>
	<size>
		<width>300</width>
		<height>250</height>
		<depth>3</depth>
	</size>
	<segmented>0</segmented>
	<object>
		<name>Logo</name>
		<pose>Unspecified</pose>
		<truncated>0</truncated>
		<difficult>0</difficult>
		<bndbox>
			<xmin>5</xmin>
			<ymin>222</ymin>
			<xmax>155</xmax>
			<ymax>245</ymax>
		</bndbox>
	</object>
	<object>
		<name>CallToAction</name>
		<pose>Unspecified</pose>
		<truncated>0</truncated>
		<difficult>0</difficult>
		<bndbox>
			<xmin>184</xmin>
			<ymin>222</ymin>
			<xmax>295</xmax>
			<ymax>245</ymax>
		</bndbox>
	</object>
	<object>
		<name>HeroImage</name>
		<pose>Unspecified</pose>
		<truncated>0</truncated>
		<difficult>0</difficult>
		<bndbox>
			<xmin>3</xmin>
			<ymin>57</ymin>
			<xmax>281</xmax>
			<ymax>215</ymax>
		</bndbox>
	</object>
	<object>
		<name>Headline</name>
		<pose>Unspecified</pose>
		<truncated>0</truncated>
		<difficult>0</difficult>
		<bndbox>
			<xmin>5</xmin>
			<ymin>34</ymin>
			<xmax>293</xmax>
			<ymax>51</ymax>
		</bndbox>
	</object>
</annotation>
