<annotation>
	<folder>JPG_Chang</folder>
	<filename>0d67123de0249e0c771e736698568920.jpg</filename>
	<path>/Users/cliu/Data/JPG_Chang/0d67123de0249e0c771e736698568920.jpg</path>
	<source>
		<database>Unknown</database>
	</source>
	<size>
		<width>300</width>
		<height>250</height>
		<depth>3</depth>
	</size>
	<segmented>0</segmented>
	<object>
		<name>CallToAction</name>
		<pose>Unspecified</pose>
		<truncated>0</truncated>
		<difficult>0</difficult>
		<bndbox>
			<xmin>114</xmin>
			<ymin>188</ymin>
			<xmax>169</xmax>
			<ymax>206</ymax>
		</bndbox>
	</object>
	<object>
		<name>Headline</name>
		<pose>Unspecified</pose>
		<truncated>0</truncated>
		<difficult>0</difficult>
		<bndbox>
			<xmin>41</xmin>
			<ymin>132</ymin>
			<xmax>245</xmax>
			<ymax>166</ymax>
		</bndbox>
	</object>
	<object>
		<name>Headline2</name>
		<pose>Unspecified</pose>
		<truncated>0</truncated>
		<difficult>0</difficult>
		<bndbox>
			<xmin>43</xmin>
			<ymin>174</ymin>
			<xmax>244</xmax>
			<ymax>183</ymax>
		</bndbox>
	</object>
</annotation>
