<annotation>
	<folder>JPG_Chang</folder>
	<filename>0d6b9ccfa9cd052ff65ffbb23485dcfb.jpg</filename>
	<path>/Users/cliu/Data/JPG_Chang/0d6b9ccfa9cd052ff65ffbb23485dcfb.jpg</path>
	<source>
		<database>Unknown</database>
	</source>
	<size>
		<width>0</width>
		<height>0</height>
		<depth>3</depth>
	</size>
	<segmented>0</segmented>
	<object>
		<name>CallToAction</name>
		<pose>Unspecified</pose>
		<truncated>0</truncated>
		<difficult>0</difficult>
		<bndbox>
			<xmin>357</xmin>
			<ymin>4</ymin>
			<xmax>532</xmax>
			<ymax>87</ymax>
		</bndbox>
	</object>
	<object>
		<name>Logo</name>
		<pose>Unspecified</pose>
		<truncated>0</truncated>
		<difficult>0</difficult>
		<bndbox>
			<xmin>581</xmin>
			<ymin>50</ymin>
			<xmax>676</xmax>
			<ymax>78</ymax>
		</bndbox>
	</object>
	<object>
		<name>Offer</name>
		<pose>Unspecified</pose>
		<truncated>0</truncated>
		<difficult>0</difficult>
		<bndbox>
			<xmin>91</xmin>
			<ymin>15</ymin>
			<xmax>344</xmax>
			<ymax>76</ymax>
		</bndbox>
	</object>
	<object>
		<name>HeroImage</name>
		<pose>Unspecified</pose>
		<truncated>1</truncated>
		<difficult>0</difficult>
		<bndbox>
			<xmin>1</xmin>
			<ymin>1</ymin>
			<xmax>88</xmax>
			<ymax>90</ymax>
		</bndbox>
	</object>
</annotation>
