<annotation>
	<folder>JPG_Chang</folder>
	<filename>0d6dbd5b685c9283627c52f62eec482b.jpg</filename>
	<path>/Users/cliu/Data/JPG_Chang/0d6dbd5b685c9283627c52f62eec482b.jpg</path>
	<source>
		<database>Unknown</database>
	</source>
	<size>
		<width>0</width>
		<height>0</height>
		<depth>3</depth>
	</size>
	<segmented>0</segmented>
	<object>
		<name>CallToAction</name>
		<pose>Unspecified</pose>
		<truncated>0</truncated>
		<difficult>0</difficult>
		<bndbox>
			<xmin>95</xmin>
			<ymin>195</ymin>
			<xmax>203</xmax>
			<ymax>232</ymax>
		</bndbox>
	</object>
	<object>
		<name>Headline</name>
		<pose>Unspecified</pose>
		<truncated>0</truncated>
		<difficult>0</difficult>
		<bndbox>
			<xmin>25</xmin>
			<ymin>92</ymin>
			<xmax>277</xmax>
			<ymax>160</ymax>
		</bndbox>
	</object>
	<object>
		<name>Logo</name>
		<pose>Unspecified</pose>
		<truncated>0</truncated>
		<difficult>0</difficult>
		<bndbox>
			<xmin>61</xmin>
			<ymin>28</ymin>
			<xmax>171</xmax>
			<ymax>64</ymax>
		</bndbox>
	</object>
	<object>
		<name>Logo2</name>
		<pose>Unspecified</pose>
		<truncated>0</truncated>
		<difficult>0</difficult>
		<bndbox>
			<xmin>185</xmin>
			<ymin>30</ymin>
			<xmax>239</xmax>
			<ymax>62</ymax>
		</bndbox>
	</object>
</annotation>
