<annotation>
	<folder>JPG_Chang</folder>
	<filename>0d7214602c7479969a6a737db9f58d63.jpg</filename>
	<path>/Users/cliu/Data/JPG_Chang/0d7214602c7479969a6a737db9f58d63.jpg</path>
	<source>
		<database>Unknown</database>
	</source>
	<size>
		<width>0</width>
		<height>0</height>
		<depth>3</depth>
	</size>
	<segmented>0</segmented>
	<object>
		<name>CallToAction</name>
		<pose>Unspecified</pose>
		<truncated>0</truncated>
		<difficult>0</difficult>
		<bndbox>
			<xmin>96</xmin>
			<ymin>126</ymin>
			<xmax>214</xmax>
			<ymax>155</ymax>
		</bndbox>
	</object>
	<object>
		<name>Headline</name>
		<pose>Unspecified</pose>
		<truncated>0</truncated>
		<difficult>0</difficult>
		<bndbox>
			<xmin>25</xmin>
			<ymin>64</ymin>
			<xmax>277</xmax>
			<ymax>110</ymax>
		</bndbox>
	</object>
	<object>
		<name>Logo</name>
		<pose>Unspecified</pose>
		<truncated>0</truncated>
		<difficult>0</difficult>
		<bndbox>
			<xmin>111</xmin>
			<ymin>16</ymin>
			<xmax>189</xmax>
			<ymax>36</ymax>
		</bndbox>
	</object>
</annotation>
