<annotation>
	<folder>JPG_Chang</folder>
	<filename>0d73f845bfc2a6e30b13eeedb2c961ff.jpg</filename>
	<path>/Users/cliu/Data/JPG_Chang/0d73f845bfc2a6e30b13eeedb2c961ff.jpg</path>
	<source>
		<database>Unknown</database>
	</source>
	<size>
		<width>300</width>
		<height>250</height>
		<depth>3</depth>
	</size>
	<segmented>0</segmented>
	<object>
		<name>CallToAction</name>
		<pose>Unspecified</pose>
		<truncated>0</truncated>
		<difficult>0</difficult>
		<bndbox>
			<xmin>53</xmin>
			<ymin>93</ymin>
			<xmax>240</xmax>
			<ymax>137</ymax>
		</bndbox>
	</object>
	<object>
		<name>HeroImage</name>
		<pose>Unspecified</pose>
		<truncated>0</truncated>
		<difficult>0</difficult>
		<bndbox>
			<xmin>20</xmin>
			<ymin>150</ymin>
			<xmax>281</xmax>
			<ymax>227</ymax>
		</bndbox>
	</object>
	<object>
		<name>Headline</name>
		<pose>Unspecified</pose>
		<truncated>0</truncated>
		<difficult>0</difficult>
		<bndbox>
			<xmin>21</xmin>
			<ymin>51</ymin>
			<xmax>286</xmax>
			<ymax>88</ymax>
		</bndbox>
	</object>
	<object>
		<name>Headline2</name>
		<pose>Unspecified</pose>
		<truncated>0</truncated>
		<difficult>0</difficult>
		<bndbox>
			<xmin>40</xmin>
			<ymin>27</ymin>
			<xmax>262</xmax>
			<ymax>48</ymax>
		</bndbox>
	</object>
</annotation>
