<annotation>
	<folder>JPG_Chang</folder>
	<filename>0d774254dd69a5dca2808ef84c3a8989.jpg</filename>
	<path>/Users/cliu/Data/JPG_Chang/0d774254dd69a5dca2808ef84c3a8989.jpg</path>
	<source>
		<database>Unknown</database>
	</source>
	<size>
		<width>0</width>
		<height>0</height>
		<depth>3</depth>
	</size>
	<segmented>0</segmented>
	<object>
		<name>CallToAction</name>
		<pose>Unspecified</pose>
		<truncated>0</truncated>
		<difficult>0</difficult>
		<bndbox>
			<xmin>85</xmin>
			<ymin>192</ymin>
			<xmax>213</xmax>
			<ymax>232</ymax>
		</bndbox>
	</object>
	<object>
		<name>Headline</name>
		<pose>Unspecified</pose>
		<truncated>0</truncated>
		<difficult>0</difficult>
		<bndbox>
			<xmin>46</xmin>
			<ymin>112</ymin>
			<xmax>254</xmax>
			<ymax>175</ymax>
		</bndbox>
	</object>
	<object>
		<name>HeroImage</name>
		<pose>Unspecified</pose>
		<truncated>0</truncated>
		<difficult>0</difficult>
		<bndbox>
			<xmin>99</xmin>
			<ymin>17</ymin>
			<xmax>210</xmax>
			<ymax>95</ymax>
		</bndbox>
	</object>
</annotation>
