<annotation>
	<folder>JPG_Chang</folder>
	<filename>0d7bca7cff61c3855954d5759b11997d.jpg</filename>
	<path>/Users/cliu/Data/JPG_Chang/0d7bca7cff61c3855954d5759b11997d.jpg</path>
	<source>
		<database>Unknown</database>
	</source>
	<size>
		<width>0</width>
		<height>0</height>
		<depth>3</depth>
	</size>
	<segmented>0</segmented>
	<object>
		<name>Headline</name>
		<pose>Unspecified</pose>
		<truncated>0</truncated>
		<difficult>0</difficult>
		<bndbox>
			<xmin>13</xmin>
			<ymin>10</ymin>
			<xmax>483</xmax>
			<ymax>77</ymax>
		</bndbox>
	</object>
	<object>
		<name>CallToAction</name>
		<pose>Unspecified</pose>
		<truncated>0</truncated>
		<difficult>0</difficult>
		<bndbox>
			<xmin>557</xmin>
			<ymin>37</ymin>
			<xmax>723</xmax>
			<ymax>80</ymax>
		</bndbox>
	</object>
</annotation>
