<annotation>
	<folder>JPG_Chang</folder>
	<filename>0d7b1ac8a88917f4f9cdccba44315e69.jpg</filename>
	<path>/Users/cliu/Data/JPG_Chang/0d7b1ac8a88917f4f9cdccba44315e69.jpg</path>
	<source>
		<database>Unknown</database>
	</source>
	<size>
		<width>300</width>
		<height>250</height>
		<depth>3</depth>
	</size>
	<segmented>0</segmented>
	<object>
		<name>HeroImage</name>
		<pose>Unspecified</pose>
		<truncated>0</truncated>
		<difficult>0</difficult>
		<bndbox>
			<xmin>69</xmin>
			<ymin>103</ymin>
			<xmax>235</xmax>
			<ymax>191</ymax>
		</bndbox>
	</object>
	<object>
		<name>Logo</name>
		<pose>Unspecified</pose>
		<truncated>0</truncated>
		<difficult>0</difficult>
		<bndbox>
			<xmin>172</xmin>
			<ymin>194</ymin>
			<xmax>294</xmax>
			<ymax>236</ymax>
		</bndbox>
	</object>
	<object>
		<name>Headline</name>
		<pose>Unspecified</pose>
		<truncated>0</truncated>
		<difficult>0</difficult>
		<bndbox>
			<xmin>32</xmin>
			<ymin>22</ymin>
			<xmax>268</xmax>
			<ymax>76</ymax>
		</bndbox>
	</object>
</annotation>
