<annotation>
	<folder>JPG_Chang</folder>
	<filename>0d8dfb1bc6c407008e1405d5b65a25bd.jpg</filename>
	<path>/Users/cliu/Data/JPG_Chang/0d8dfb1bc6c407008e1405d5b65a25bd.jpg</path>
	<source>
		<database>Unknown</database>
	</source>
	<size>
		<width>300</width>
		<height>250</height>
		<depth>3</depth>
	</size>
	<segmented>0</segmented>
	<object>
		<name>CallToAction</name>
		<pose>Unspecified</pose>
		<truncated>0</truncated>
		<difficult>0</difficult>
		<bndbox>
			<xmin>61</xmin>
			<ymin>154</ymin>
			<xmax>238</xmax>
			<ymax>203</ymax>
		</bndbox>
	</object>
	<object>
		<name>Headline</name>
		<pose>Unspecified</pose>
		<truncated>0</truncated>
		<difficult>0</difficult>
		<bndbox>
			<xmin>55</xmin>
			<ymin>62</ymin>
			<xmax>245</xmax>
			<ymax>137</ymax>
		</bndbox>
	</object>
</annotation>
