<annotation>
	<folder>JPG_Chang</folder>
	<filename>0d9060e3ca025158d6a91b44fdf85ad9.jpg</filename>
	<path>/Users/cliu/Data/JPG_Chang/0d9060e3ca025158d6a91b44fdf85ad9.jpg</path>
	<source>
		<database>Unknown</database>
	</source>
	<size>
		<width>728</width>
		<height>90</height>
		<depth>3</depth>
	</size>
	<segmented>0</segmented>
	<object>
		<name>Headline</name>
		<pose>Unspecified</pose>
		<truncated>0</truncated>
		<difficult>0</difficult>
		<bndbox>
			<xmin>17</xmin>
			<ymin>28</ymin>
			<xmax>294</xmax>
			<ymax>71</ymax>
		</bndbox>
	</object>
	<object>
		<name>Headline2</name>
		<pose>Unspecified</pose>
		<truncated>0</truncated>
		<difficult>0</difficult>
		<bndbox>
			<xmin>333</xmin>
			<ymin>22</ymin>
			<xmax>562</xmax>
			<ymax>70</ymax>
		</bndbox>
	</object>
	<object>
		<name>CallToAction</name>
		<pose>Unspecified</pose>
		<truncated>0</truncated>
		<difficult>0</difficult>
		<bndbox>
			<xmin>607</xmin>
			<ymin>10</ymin>
			<xmax>702</xmax>
			<ymax>41</ymax>
		</bndbox>
	</object>
	<object>
		<name>Logo</name>
		<pose>Unspecified</pose>
		<truncated>0</truncated>
		<difficult>0</difficult>
		<bndbox>
			<xmin>606</xmin>
			<ymin>47</ymin>
			<xmax>698</xmax>
			<ymax>78</ymax>
		</bndbox>
	</object>
</annotation>
