<annotation>
	<folder>JPG_Chang</folder>
	<filename>0d9278c52f7caeda24ab8eb0fb1a3c4c.jpg</filename>
	<path>/Users/cliu/Data/JPG_Chang/0d9278c52f7caeda24ab8eb0fb1a3c4c.jpg</path>
	<source>
		<database>Unknown</database>
	</source>
	<size>
		<width>300</width>
		<height>250</height>
		<depth>3</depth>
	</size>
	<segmented>0</segmented>
	<object>
		<name>Logo</name>
		<pose>Unspecified</pose>
		<truncated>0</truncated>
		<difficult>0</difficult>
		<bndbox>
			<xmin>10</xmin>
			<ymin>204</ymin>
			<xmax>87</xmax>
			<ymax>244</ymax>
		</bndbox>
	</object>
	<object>
		<name>Headline</name>
		<pose>Unspecified</pose>
		<truncated>0</truncated>
		<difficult>0</difficult>
		<bndbox>
			<xmin>9</xmin>
			<ymin>72</ymin>
			<xmax>133</xmax>
			<ymax>135</ymax>
		</bndbox>
	</object>
	<object>
		<name>Headline2</name>
		<pose>Unspecified</pose>
		<truncated>0</truncated>
		<difficult>0</difficult>
		<bndbox>
			<xmin>12</xmin>
			<ymin>144</ymin>
			<xmax>125</xmax>
			<ymax>176</ymax>
		</bndbox>
	</object>
	<object>
		<name>HeroImage</name>
		<pose>Unspecified</pose>
		<truncated>1</truncated>
		<difficult>0</difficult>
		<bndbox>
			<xmin>132</xmin>
			<ymin>65</ymin>
			<xmax>300</xmax>
			<ymax>222</ymax>
		</bndbox>
	</object>
	<object>
		<name>Headline</name>
		<pose>Unspecified</pose>
		<truncated>0</truncated>
		<difficult>0</difficult>
		<bndbox>
			<xmin>58</xmin>
			<ymin>45</ymin>
			<xmax>243</xmax>
			<ymax>57</ymax>
		</bndbox>
	</object>
</annotation>
