<annotation>
	<folder>JPG_Chang</folder>
	<filename>0d9a659ed37b52a0ba96a030e10c7386.jpg</filename>
	<path>/Users/cliu/Data/JPG_Chang/0d9a659ed37b52a0ba96a030e10c7386.jpg</path>
	<source>
		<database>Unknown</database>
	</source>
	<size>
		<width>728</width>
		<height>90</height>
		<depth>3</depth>
	</size>
	<segmented>0</segmented>
	<object>
		<name>CallToAction</name>
		<pose>Unspecified</pose>
		<truncated>0</truncated>
		<difficult>0</difficult>
		<bndbox>
			<xmin>285</xmin>
			<ymin>43</ymin>
			<xmax>459</xmax>
			<ymax>85</ymax>
		</bndbox>
	</object>
	<object>
		<name>Logo</name>
		<pose>Unspecified</pose>
		<truncated>0</truncated>
		<difficult>0</difficult>
		<bndbox>
			<xmin>553</xmin>
			<ymin>5</ymin>
			<xmax>709</xmax>
			<ymax>47</ymax>
		</bndbox>
	</object>
	<object>
		<name>Headline</name>
		<pose>Unspecified</pose>
		<truncated>0</truncated>
		<difficult>0</difficult>
		<bndbox>
			<xmin>22</xmin>
			<ymin>9</ymin>
			<xmax>459</xmax>
			<ymax>41</ymax>
		</bndbox>
	</object>
	<object>
		<name>Logo</name>
		<pose>Unspecified</pose>
		<truncated>0</truncated>
		<difficult>0</difficult>
		<bndbox>
			<xmin>629</xmin>
			<ymin>49</ymin>
			<xmax>708</xmax>
			<ymax>85</ymax>
		</bndbox>
	</object>
</annotation>
