<annotation>
	<folder>JPG_Chang</folder>
	<filename>0d9c73cc95620c4c4313b67e373f5c53.jpg</filename>
	<path>/Users/cliu/Data/JPG_Chang/0d9c73cc95620c4c4313b67e373f5c53.jpg</path>
	<source>
		<database>Unknown</database>
	</source>
	<size>
		<width>300</width>
		<height>250</height>
		<depth>3</depth>
	</size>
	<segmented>0</segmented>
	<object>
		<name>Logo</name>
		<pose>Unspecified</pose>
		<truncated>0</truncated>
		<difficult>0</difficult>
		<bndbox>
			<xmin>6</xmin>
			<ymin>211</ymin>
			<xmax>134</xmax>
			<ymax>244</ymax>
		</bndbox>
	</object>
	<object>
		<name>CallToAction</name>
		<pose>Unspecified</pose>
		<truncated>0</truncated>
		<difficult>0</difficult>
		<bndbox>
			<xmin>190</xmin>
			<ymin>220</ymin>
			<xmax>289</xmax>
			<ymax>238</ymax>
		</bndbox>
	</object>
	<object>
		<name>Headline</name>
		<pose>Unspecified</pose>
		<truncated>0</truncated>
		<difficult>0</difficult>
		<bndbox>
			<xmin>33</xmin>
			<ymin>189</ymin>
			<xmax>278</xmax>
			<ymax>210</ymax>
		</bndbox>
	</object>
	<object>
		<name>HeroImage</name>
		<pose>Unspecified</pose>
		<truncated>0</truncated>
		<difficult>0</difficult>
		<bndbox>
			<xmin>16</xmin>
			<ymin>23</ymin>
			<xmax>279</xmax>
			<ymax>185</ymax>
		</bndbox>
	</object>
</annotation>
