<annotation>
	<folder>JPG_Chang</folder>
	<filename>0d9eacd231d62d21167a0a9d3c3b9ab8.jpg</filename>
	<path>/Users/cliu/Data/JPG_Chang/0d9eacd231d62d21167a0a9d3c3b9ab8.jpg</path>
	<source>
		<database>Unknown</database>
	</source>
	<size>
		<width>300</width>
		<height>250</height>
		<depth>3</depth>
	</size>
	<segmented>0</segmented>
	<object>
		<name>CallToAction</name>
		<pose>Unspecified</pose>
		<truncated>0</truncated>
		<difficult>0</difficult>
		<bndbox>
			<xmin>20</xmin>
			<ymin>208</ymin>
			<xmax>138</xmax>
			<ymax>245</ymax>
		</bndbox>
	</object>
	<object>
		<name>Logo</name>
		<pose>Unspecified</pose>
		<truncated>0</truncated>
		<difficult>0</difficult>
		<bndbox>
			<xmin>192</xmin>
			<ymin>192</ymin>
			<xmax>278</xmax>
			<ymax>228</ymax>
		</bndbox>
	</object>
	<object>
		<name>Logo</name>
		<pose>Unspecified</pose>
		<truncated>0</truncated>
		<difficult>0</difficult>
		<bndbox>
			<xmin>8</xmin>
			<ymin>5</ymin>
			<xmax>89</xmax>
			<ymax>32</ymax>
		</bndbox>
	</object>
	<object>
		<name>HeroImage</name>
		<pose>Unspecified</pose>
		<truncated>0</truncated>
		<difficult>0</difficult>
		<bndbox>
			<xmin>93</xmin>
			<ymin>11</ymin>
			<xmax>296</xmax>
			<ymax>150</ymax>
		</bndbox>
	</object>
	<object>
		<name>Headline2</name>
		<pose>Unspecified</pose>
		<truncated>0</truncated>
		<difficult>0</difficult>
		<bndbox>
			<xmin>136</xmin>
			<ymin>151</ymin>
			<xmax>295</xmax>
			<ymax>191</ymax>
		</bndbox>
	</object>
</annotation>
