<annotation>
	<folder>JPG_Chang</folder>
	<filename>0da52f7dd74c44125c6b8f766a35252f.jpg</filename>
	<path>/Users/cliu/Data/JPG_Chang/0da52f7dd74c44125c6b8f766a35252f.jpg</path>
	<source>
		<database>Unknown</database>
	</source>
	<size>
		<width>728</width>
		<height>90</height>
		<depth>3</depth>
	</size>
	<segmented>0</segmented>
	<object>
		<name>Logo</name>
		<pose>Unspecified</pose>
		<truncated>0</truncated>
		<difficult>0</difficult>
		<bndbox>
			<xmin>28</xmin>
			<ymin>34</ymin>
			<xmax>160</xmax>
			<ymax>61</ymax>
		</bndbox>
	</object>
	<object>
		<name>CallToAction</name>
		<pose>Unspecified</pose>
		<truncated>0</truncated>
		<difficult>0</difficult>
		<bndbox>
			<xmin>435</xmin>
			<ymin>8</ymin>
			<xmax>720</xmax>
			<ymax>83</ymax>
		</bndbox>
	</object>
	<object>
		<name>Headline</name>
		<pose>Unspecified</pose>
		<truncated>0</truncated>
		<difficult>0</difficult>
		<bndbox>
			<xmin>192</xmin>
			<ymin>12</ymin>
			<xmax>352</xmax>
			<ymax>75</ymax>
		</bndbox>
	</object>
</annotation>
