<annotation>
	<folder>JPG_Chang</folder>
	<filename>0da7c9abc0d2ea5a3b3de5e18d01fb88.jpg</filename>
	<path>/Users/cliu/Data/JPG_Chang/0da7c9abc0d2ea5a3b3de5e18d01fb88.jpg</path>
	<source>
		<database>Unknown</database>
	</source>
	<size>
		<width>0</width>
		<height>0</height>
		<depth>3</depth>
	</size>
	<segmented>0</segmented>
	<object>
		<name>Headline</name>
		<pose>Unspecified</pose>
		<truncated>0</truncated>
		<difficult>0</difficult>
		<bndbox>
			<xmin>15</xmin>
			<ymin>7</ymin>
			<xmax>305</xmax>
			<ymax>78</ymax>
		</bndbox>
	</object>
	<object>
		<name>Headline2</name>
		<pose>Unspecified</pose>
		<truncated>0</truncated>
		<difficult>0</difficult>
		<bndbox>
			<xmin>353</xmin>
			<ymin>4</ymin>
			<xmax>470</xmax>
			<ymax>83</ymax>
		</bndbox>
	</object>
	<object>
		<name>CallToAction</name>
		<pose>Unspecified</pose>
		<truncated>0</truncated>
		<difficult>0</difficult>
		<bndbox>
			<xmin>616</xmin>
			<ymin>52</ymin>
			<xmax>719</xmax>
			<ymax>82</ymax>
		</bndbox>
	</object>
	<object>
		<name>HeroImage</name>
		<pose>Unspecified</pose>
		<truncated>0</truncated>
		<difficult>0</difficult>
		<bndbox>
			<xmin>497</xmin>
			<ymin>2</ymin>
			<xmax>593</xmax>
			<ymax>89</ymax>
		</bndbox>
	</object>
	<object>
		<name>Logo</name>
		<pose>Unspecified</pose>
		<truncated>0</truncated>
		<difficult>0</difficult>
		<bndbox>
			<xmin>662</xmin>
			<ymin>8</ymin>
			<xmax>717</xmax>
			<ymax>48</ymax>
		</bndbox>
	</object>
</annotation>
