<annotation>
	<folder>JPG_Chang</folder>
	<filename>0dad8efb4d2cd0224976a4a80259bc71.jpg</filename>
	<path>/Users/cliu/Data/JPG_Chang/0dad8efb4d2cd0224976a4a80259bc71.jpg</path>
	<source>
		<database>Unknown</database>
	</source>
	<size>
		<width>728</width>
		<height>90</height>
		<depth>3</depth>
	</size>
	<segmented>0</segmented>
	<object>
		<name>Headline</name>
		<pose>Unspecified</pose>
		<truncated>0</truncated>
		<difficult>0</difficult>
		<bndbox>
			<xmin>20</xmin>
			<ymin>17</ymin>
			<xmax>304</xmax>
			<ymax>69</ymax>
		</bndbox>
	</object>
	<object>
		<name>CallToAction</name>
		<pose>Unspecified</pose>
		<truncated>0</truncated>
		<difficult>0</difficult>
		<bndbox>
			<xmin>317</xmin>
			<ymin>35</ymin>
			<xmax>425</xmax>
			<ymax>78</ymax>
		</bndbox>
	</object>
	<object>
		<name>Logo</name>
		<pose>Unspecified</pose>
		<truncated>0</truncated>
		<difficult>0</difficult>
		<bndbox>
			<xmin>610</xmin>
			<ymin>38</ymin>
			<xmax>710</xmax>
			<ymax>75</ymax>
		</bndbox>
	</object>
</annotation>
