<annotation>
	<folder>JPG_Chang</folder>
	<filename>0dad669c5744083dd4c8d55bde04bfa4.jpg</filename>
	<path>/Users/cliu/Data/JPG_Chang/0dad669c5744083dd4c8d55bde04bfa4.jpg</path>
	<source>
		<database>Unknown</database>
	</source>
	<size>
		<width>300</width>
		<height>250</height>
		<depth>3</depth>
	</size>
	<segmented>0</segmented>
	<object>
		<name>CallToAction</name>
		<pose>Unspecified</pose>
		<truncated>0</truncated>
		<difficult>0</difficult>
		<bndbox>
			<xmin>40</xmin>
			<ymin>194</ymin>
			<xmax>261</xmax>
			<ymax>247</ymax>
		</bndbox>
	</object>
	<object>
		<name>Headline</name>
		<pose>Unspecified</pose>
		<truncated>0</truncated>
		<difficult>0</difficult>
		<bndbox>
			<xmin>23</xmin>
			<ymin>164</ymin>
			<xmax>280</xmax>
			<ymax>188</ymax>
		</bndbox>
	</object>
	<object>
		<name>HeroImage</name>
		<pose>Unspecified</pose>
		<truncated>0</truncated>
		<difficult>0</difficult>
		<bndbox>
			<xmin>23</xmin>
			<ymin>35</ymin>
			<xmax>282</xmax>
			<ymax>156</ymax>
		</bndbox>
	</object>
	<object>
		<name>Headline</name>
		<pose>Unspecified</pose>
		<truncated>0</truncated>
		<difficult>0</difficult>
		<bndbox>
			<xmin>48</xmin>
			<ymin>6</ymin>
			<xmax>255</xmax>
			<ymax>33</ymax>
		</bndbox>
	</object>
</annotation>
