<annotation>
	<folder>JPG_Chang</folder>
	<filename>0db64aabf2c7c36b595fa288b9d1ef34.jpg</filename>
	<path>/Users/cliu/Data/JPG_Chang/0db64aabf2c7c36b595fa288b9d1ef34.jpg</path>
	<source>
		<database>Unknown</database>
	</source>
	<size>
		<width>300</width>
		<height>250</height>
		<depth>3</depth>
	</size>
	<segmented>0</segmented>
	<object>
		<name>Headline</name>
		<pose>Unspecified</pose>
		<truncated>0</truncated>
		<difficult>0</difficult>
		<bndbox>
			<xmin>36</xmin>
			<ymin>132</ymin>
			<xmax>277</xmax>
			<ymax>213</ymax>
		</bndbox>
	</object>
	<object>
		<name>CallToAction</name>
		<pose>Unspecified</pose>
		<truncated>0</truncated>
		<difficult>0</difficult>
		<bndbox>
			<xmin>17</xmin>
			<ymin>28</ymin>
			<xmax>284</xmax>
			<ymax>121</ymax>
		</bndbox>
	</object>
</annotation>
