<annotation>
	<folder>JPG_Chang</folder>
	<filename>0dc37720c3eeb6688a281a181ee5d34e.jpg</filename>
	<path>/Users/cliu/Data/JPG_Chang/0dc37720c3eeb6688a281a181ee5d34e.jpg</path>
	<source>
		<database>Unknown</database>
	</source>
	<size>
		<width>160</width>
		<height>600</height>
		<depth>3</depth>
	</size>
	<segmented>0</segmented>
	<object>
		<name>CallToAction</name>
		<pose>Unspecified</pose>
		<truncated>0</truncated>
		<difficult>0</difficult>
		<bndbox>
			<xmin>17</xmin>
			<ymin>544</ymin>
			<xmax>142</xmax>
			<ymax>590</ymax>
		</bndbox>
	</object>
	<object>
		<name>HeroImage</name>
		<pose>Unspecified</pose>
		<truncated>0</truncated>
		<difficult>0</difficult>
		<bndbox>
			<xmin>6</xmin>
			<ymin>135</ymin>
			<xmax>157</xmax>
			<ymax>483</ymax>
		</bndbox>
	</object>
	<object>
		<name>Headline</name>
		<pose>Unspecified</pose>
		<truncated>0</truncated>
		<difficult>0</difficult>
		<bndbox>
			<xmin>30</xmin>
			<ymin>16</ymin>
			<xmax>128</xmax>
			<ymax>54</ymax>
		</bndbox>
	</object>
	<object>
		<name>Headline2</name>
		<pose>Unspecified</pose>
		<truncated>0</truncated>
		<difficult>0</difficult>
		<bndbox>
			<xmin>13</xmin>
			<ymin>75</ymin>
			<xmax>146</xmax>
			<ymax>115</ymax>
		</bndbox>
	</object>
</annotation>
