<annotation>
	<folder>JPG_Chang</folder>
	<filename>0dce96bd00de98cbc26f2a0f8aef4894.jpg</filename>
	<path>/Users/cliu/Data/JPG_Chang/0dce96bd00de98cbc26f2a0f8aef4894.jpg</path>
	<source>
		<database>Unknown</database>
	</source>
	<size>
		<width>300</width>
		<height>250</height>
		<depth>3</depth>
	</size>
	<segmented>0</segmented>
	<object>
		<name>CallToAction</name>
		<pose>Unspecified</pose>
		<truncated>0</truncated>
		<difficult>0</difficult>
		<bndbox>
			<xmin>83</xmin>
			<ymin>188</ymin>
			<xmax>218</xmax>
			<ymax>225</ymax>
		</bndbox>
	</object>
	<object>
		<name>Headline</name>
		<pose>Unspecified</pose>
		<truncated>0</truncated>
		<difficult>0</difficult>
		<bndbox>
			<xmin>40</xmin>
			<ymin>115</ymin>
			<xmax>261</xmax>
			<ymax>182</ymax>
		</bndbox>
	</object>
	<object>
		<name>HeroImage</name>
		<pose>Unspecified</pose>
		<truncated>0</truncated>
		<difficult>0</difficult>
		<bndbox>
			<xmin>11</xmin>
			<ymin>41</ymin>
			<xmax>296</xmax>
			<ymax>113</ymax>
		</bndbox>
	</object>
	<object>
		<name>Logo</name>
		<pose>Unspecified</pose>
		<truncated>0</truncated>
		<difficult>0</difficult>
		<bndbox>
			<xmin>69</xmin>
			<ymin>19</ymin>
			<xmax>179</xmax>
			<ymax>41</ymax>
		</bndbox>
	</object>
</annotation>
