<annotation>
	<folder>JPG_Chang</folder>
	<filename>0dd390e79f97f1e37daee65766f1411e.jpg</filename>
	<path>/Users/cliu/Data/JPG_Chang/0dd390e79f97f1e37daee65766f1411e.jpg</path>
	<source>
		<database>Unknown</database>
	</source>
	<size>
		<width>0</width>
		<height>0</height>
		<depth>3</depth>
	</size>
	<segmented>0</segmented>
	<object>
		<name>Headline</name>
		<pose>Unspecified</pose>
		<truncated>0</truncated>
		<difficult>0</difficult>
		<bndbox>
			<xmin>19</xmin>
			<ymin>16</ymin>
			<xmax>269</xmax>
			<ymax>58</ymax>
		</bndbox>
	</object>
	<object>
		<name>CallToAction</name>
		<pose>Unspecified</pose>
		<truncated>0</truncated>
		<difficult>0</difficult>
		<bndbox>
			<xmin>570</xmin>
			<ymin>37</ymin>
			<xmax>711</xmax>
			<ymax>74</ymax>
		</bndbox>
	</object>
	<object>
		<name>Logo</name>
		<pose>Unspecified</pose>
		<truncated>0</truncated>
		<difficult>0</difficult>
		<bndbox>
			<xmin>596</xmin>
			<ymin>7</ymin>
			<xmax>680</xmax>
			<ymax>32</ymax>
		</bndbox>
	</object>
</annotation>
