<annotation>
	<folder>JPG_Chang</folder>
	<filename>0dd6e01d6bfeed6dd343dd529e828d43.jpg</filename>
	<path>/Users/cliu/Data/JPG_Chang/0dd6e01d6bfeed6dd343dd529e828d43.jpg</path>
	<source>
		<database>Unknown</database>
	</source>
	<size>
		<width>728</width>
		<height>90</height>
		<depth>3</depth>
	</size>
	<segmented>0</segmented>
	<object>
		<name>Logo</name>
		<pose>Unspecified</pose>
		<truncated>0</truncated>
		<difficult>0</difficult>
		<bndbox>
			<xmin>24</xmin>
			<ymin>22</ymin>
			<xmax>147</xmax>
			<ymax>68</ymax>
		</bndbox>
	</object>
	<object>
		<name>Headline</name>
		<pose>Unspecified</pose>
		<truncated>0</truncated>
		<difficult>0</difficult>
		<bndbox>
			<xmin>165</xmin>
			<ymin>15</ymin>
			<xmax>441</xmax>
			<ymax>75</ymax>
		</bndbox>
	</object>
	<object>
		<name>CallToAction</name>
		<pose>Unspecified</pose>
		<truncated>0</truncated>
		<difficult>0</difficult>
		<bndbox>
			<xmin>461</xmin>
			<ymin>27</ymin>
			<xmax>579</xmax>
			<ymax>65</ymax>
		</bndbox>
	</object>
	<object>
		<name>HeroImage</name>
		<pose>Unspecified</pose>
		<truncated>0</truncated>
		<difficult>0</difficult>
		<bndbox>
			<xmin>590</xmin>
			<ymin>18</ymin>
			<xmax>718</xmax>
			<ymax>84</ymax>
		</bndbox>
	</object>
</annotation>
