<annotation>
	<folder>JPG_Chang</folder>
	<filename>0dd79f310e8e7b1dd28910bfd56bde15.jpg</filename>
	<path>/Users/cliu/Data/JPG_Chang/0dd79f310e8e7b1dd28910bfd56bde15.jpg</path>
	<source>
		<database>Unknown</database>
	</source>
	<size>
		<width>0</width>
		<height>0</height>
		<depth>3</depth>
	</size>
	<segmented>0</segmented>
	<object>
		<name>CallToAction</name>
		<pose>Unspecified</pose>
		<truncated>0</truncated>
		<difficult>0</difficult>
		<bndbox>
			<xmin>12</xmin>
			<ymin>201</ymin>
			<xmax>173</xmax>
			<ymax>238</ymax>
		</bndbox>
	</object>
	<object>
		<name>Offer</name>
		<pose>Unspecified</pose>
		<truncated>0</truncated>
		<difficult>0</difficult>
		<bndbox>
			<xmin>12</xmin>
			<ymin>80</ymin>
			<xmax>217</xmax>
			<ymax>109</ymax>
		</bndbox>
	</object>
	<object>
		<name>Headline</name>
		<pose>Unspecified</pose>
		<truncated>0</truncated>
		<difficult>0</difficult>
		<bndbox>
			<xmin>12</xmin>
			<ymin>12</ymin>
			<xmax>239</xmax>
			<ymax>78</ymax>
		</bndbox>
	</object>
</annotation>
