<annotation>
	<folder>JPG_Chang</folder>
	<filename>0dd97e94637854da1daecd6fad4f6eef.jpg</filename>
	<path>/Users/cliu/Data/JPG_Chang/0dd97e94637854da1daecd6fad4f6eef.jpg</path>
	<source>
		<database>Unknown</database>
	</source>
	<size>
		<width>160</width>
		<height>600</height>
		<depth>3</depth>
	</size>
	<segmented>0</segmented>
	<object>
		<name>HeroImage</name>
		<pose>Unspecified</pose>
		<truncated>0</truncated>
		<difficult>0</difficult>
		<bndbox>
			<xmin>10</xmin>
			<ymin>75</ymin>
			<xmax>149</xmax>
			<ymax>499</ymax>
		</bndbox>
	</object>
	<object>
		<name>CallToAction</name>
		<pose>Unspecified</pose>
		<truncated>0</truncated>
		<difficult>0</difficult>
		<bndbox>
			<xmin>9</xmin>
			<ymin>505</ymin>
			<xmax>151</xmax>
			<ymax>549</ymax>
		</bndbox>
	</object>
	<object>
		<name>Logo</name>
		<pose>Unspecified</pose>
		<truncated>0</truncated>
		<difficult>0</difficult>
		<bndbox>
			<xmin>38</xmin>
			<ymin>559</ymin>
			<xmax>122</xmax>
			<ymax>586</ymax>
		</bndbox>
	</object>
	<object>
		<name>Headline</name>
		<pose>Unspecified</pose>
		<truncated>0</truncated>
		<difficult>0</difficult>
		<bndbox>
			<xmin>23</xmin>
			<ymin>28</ymin>
			<xmax>136</xmax>
			<ymax>65</ymax>
		</bndbox>
	</object>
</annotation>
