<annotation>
	<folder>JPG_Chang</folder>
	<filename>0dda0251ea825622ec1f865870f940c5.jpg</filename>
	<path>/Users/cliu/Data/JPG_Chang/0dda0251ea825622ec1f865870f940c5.jpg</path>
	<source>
		<database>Unknown</database>
	</source>
	<size>
		<width>300</width>
		<height>250</height>
		<depth>3</depth>
	</size>
	<segmented>0</segmented>
	<object>
		<name>CallToAction</name>
		<pose>Unspecified</pose>
		<truncated>0</truncated>
		<difficult>0</difficult>
		<bndbox>
			<xmin>32</xmin>
			<ymin>157</ymin>
			<xmax>178</xmax>
			<ymax>191</ymax>
		</bndbox>
	</object>
	<object>
		<name>Headline2</name>
		<pose>Unspecified</pose>
		<truncated>0</truncated>
		<difficult>0</difficult>
		<bndbox>
			<xmin>33</xmin>
			<ymin>109</ymin>
			<xmax>166</xmax>
			<ymax>142</ymax>
		</bndbox>
	</object>
	<object>
		<name>Headline</name>
		<pose>Unspecified</pose>
		<truncated>0</truncated>
		<difficult>0</difficult>
		<bndbox>
			<xmin>30</xmin>
			<ymin>41</ymin>
			<xmax>177</xmax>
			<ymax>96</ymax>
		</bndbox>
	</object>
	<object>
		<name>Logo</name>
		<pose>Unspecified</pose>
		<truncated>0</truncated>
		<difficult>0</difficult>
		<bndbox>
			<xmin>210</xmin>
			<ymin>10</ymin>
			<xmax>287</xmax>
			<ymax>43</ymax>
		</bndbox>
	</object>
</annotation>
