<annotation>
	<folder>JPG_Chang</folder>
	<filename>0ddacda5ee04559081988e3885214f6d.jpg</filename>
	<path>/Users/cliu/Data/JPG_Chang/0ddacda5ee04559081988e3885214f6d.jpg</path>
	<source>
		<database>Unknown</database>
	</source>
	<size>
		<width>728</width>
		<height>90</height>
		<depth>3</depth>
	</size>
	<segmented>0</segmented>
	<object>
		<name>CallToAction</name>
		<pose>Unspecified</pose>
		<truncated>0</truncated>
		<difficult>0</difficult>
		<bndbox>
			<xmin>460</xmin>
			<ymin>26</ymin>
			<xmax>600</xmax>
			<ymax>64</ymax>
		</bndbox>
	</object>
	<object>
		<name>Logo</name>
		<pose>Unspecified</pose>
		<truncated>0</truncated>
		<difficult>0</difficult>
		<bndbox>
			<xmin>607</xmin>
			<ymin>27</ymin>
			<xmax>717</xmax>
			<ymax>62</ymax>
		</bndbox>
	</object>
	<object>
		<name>HeroImage</name>
		<pose>Unspecified</pose>
		<truncated>0</truncated>
		<difficult>0</difficult>
		<bndbox>
			<xmin>4</xmin>
			<ymin>3</ymin>
			<xmax>149</xmax>
			<ymax>86</ymax>
		</bndbox>
	</object>
	<object>
		<name>Headline</name>
		<pose>Unspecified</pose>
		<truncated>0</truncated>
		<difficult>0</difficult>
		<bndbox>
			<xmin>165</xmin>
			<ymin>26</ymin>
			<xmax>437</xmax>
			<ymax>63</ymax>
		</bndbox>
	</object>
</annotation>
