<annotation>
	<folder>JPG_Chang</folder>
	<filename>0ddc7b2a0b57d0749b3e881482dd095d.jpg</filename>
	<path>/Users/cliu/Data/JPG_Chang/0ddc7b2a0b57d0749b3e881482dd095d.jpg</path>
	<source>
		<database>Unknown</database>
	</source>
	<size>
		<width>0</width>
		<height>0</height>
		<depth>3</depth>
	</size>
	<segmented>0</segmented>
	<object>
		<name>CallToAction</name>
		<pose>Unspecified</pose>
		<truncated>0</truncated>
		<difficult>0</difficult>
		<bndbox>
			<xmin>39</xmin>
			<ymin>170</ymin>
			<xmax>263</xmax>
			<ymax>230</ymax>
		</bndbox>
	</object>
	<object>
		<name>Offer</name>
		<pose>Unspecified</pose>
		<truncated>0</truncated>
		<difficult>0</difficult>
		<bndbox>
			<xmin>73</xmin>
			<ymin>54</ymin>
			<xmax>230</xmax>
			<ymax>155</ymax>
		</bndbox>
	</object>
	<object>
		<name>Logo</name>
		<pose>Unspecified</pose>
		<truncated>0</truncated>
		<difficult>0</difficult>
		<bndbox>
			<xmin>65</xmin>
			<ymin>15</ymin>
			<xmax>233</xmax>
			<ymax>39</ymax>
		</bndbox>
	</object>
</annotation>
