<annotation>
	<folder>JPG_Chang</folder>
	<filename>0ddf2a441dffd506ff430cdc5129779a.jpg</filename>
	<path>/Users/cliu/Data/JPG_Chang/0ddf2a441dffd506ff430cdc5129779a.jpg</path>
	<source>
		<database>Unknown</database>
	</source>
	<size>
		<width>0</width>
		<height>0</height>
		<depth>3</depth>
	</size>
	<segmented>0</segmented>
	<object>
		<name>Logo</name>
		<pose>Unspecified</pose>
		<truncated>0</truncated>
		<difficult>0</difficult>
		<bndbox>
			<xmin>269</xmin>
			<ymin>42</ymin>
			<xmax>299</xmax>
			<ymax>82</ymax>
		</bndbox>
	</object>
	<object>
		<name>Headline</name>
		<pose>Unspecified</pose>
		<truncated>0</truncated>
		<difficult>0</difficult>
		<bndbox>
			<xmin>362</xmin>
			<ymin>37</ymin>
			<xmax>690</xmax>
			<ymax>84</ymax>
		</bndbox>
	</object>
	<object>
		<name>CallToAction</name>
		<pose>Unspecified</pose>
		<truncated>0</truncated>
		<difficult>0</difficult>
		<bndbox>
			<xmin>704</xmin>
			<ymin>63</ymin>
			<xmax>727</xmax>
			<ymax>90</ymax>
		</bndbox>
	</object>
</annotation>
