<annotation>
	<folder>JPG_Chang</folder>
	<filename>0de03f1f8a4eb1e2f2259d04c88eacb7.jpg</filename>
	<path>/Users/cliu/Data/JPG_Chang/0de03f1f8a4eb1e2f2259d04c88eacb7.jpg</path>
	<source>
		<database>Unknown</database>
	</source>
	<size>
		<width>160</width>
		<height>600</height>
		<depth>3</depth>
	</size>
	<segmented>0</segmented>
	<object>
		<name>HeroImage</name>
		<pose>Unspecified</pose>
		<truncated>0</truncated>
		<difficult>0</difficult>
		<bndbox>
			<xmin>4</xmin>
			<ymin>230</ymin>
			<xmax>144</xmax>
			<ymax>543</ymax>
		</bndbox>
	</object>
	<object>
		<name>Logo</name>
		<pose>Unspecified</pose>
		<truncated>0</truncated>
		<difficult>0</difficult>
		<bndbox>
			<xmin>55</xmin>
			<ymin>550</ymin>
			<xmax>139</xmax>
			<ymax>584</ymax>
		</bndbox>
	</object>
	<object>
		<name>CallToAction</name>
		<pose>Unspecified</pose>
		<truncated>0</truncated>
		<difficult>0</difficult>
		<bndbox>
			<xmin>11</xmin>
			<ymin>162</ymin>
			<xmax>149</xmax>
			<ymax>201</ymax>
		</bndbox>
	</object>
	<object>
		<name>Headline</name>
		<pose>Unspecified</pose>
		<truncated>0</truncated>
		<difficult>0</difficult>
		<bndbox>
			<xmin>7</xmin>
			<ymin>44</ymin>
			<xmax>151</xmax>
			<ymax>154</ymax>
		</bndbox>
	</object>
</annotation>
