<annotation>
	<folder>JPG_Chang</folder>
	<filename>0de3d84d47362b2605a4e8a9642e7cf6.jpg</filename>
	<path>/Users/cliu/Data/JPG_Chang/0de3d84d47362b2605a4e8a9642e7cf6.jpg</path>
	<source>
		<database>Unknown</database>
	</source>
	<size>
		<width>0</width>
		<height>0</height>
		<depth>3</depth>
	</size>
	<segmented>0</segmented>
	<object>
		<name>CallToAction</name>
		<pose>Unspecified</pose>
		<truncated>0</truncated>
		<difficult>0</difficult>
		<bndbox>
			<xmin>20</xmin>
			<ymin>514</ymin>
			<xmax>141</xmax>
			<ymax>562</ymax>
		</bndbox>
	</object>
	<object>
		<name>HeroImage</name>
		<pose>Unspecified</pose>
		<truncated>1</truncated>
		<difficult>0</difficult>
		<bndbox>
			<xmin>1</xmin>
			<ymin>325</ymin>
			<xmax>159</xmax>
			<ymax>503</ymax>
		</bndbox>
	</object>
	<object>
		<name>Headline</name>
		<pose>Unspecified</pose>
		<truncated>0</truncated>
		<difficult>0</difficult>
		<bndbox>
			<xmin>6</xmin>
			<ymin>108</ymin>
			<xmax>154</xmax>
			<ymax>264</ymax>
		</bndbox>
	</object>
	<object>
		<name>Logo</name>
		<pose>Unspecified</pose>
		<truncated>0</truncated>
		<difficult>0</difficult>
		<bndbox>
			<xmin>31</xmin>
			<ymin>37</ymin>
			<xmax>135</xmax>
			<ymax>72</ymax>
		</bndbox>
	</object>
</annotation>
