<annotation>
	<folder>JPG_Chang</folder>
	<filename>0de7b2b694651d7a579ff06da8393f29.jpg</filename>
	<path>/Users/cliu/Data/JPG_Chang/0de7b2b694651d7a579ff06da8393f29.jpg</path>
	<source>
		<database>Unknown</database>
	</source>
	<size>
		<width>300</width>
		<height>250</height>
		<depth>3</depth>
	</size>
	<segmented>0</segmented>
	<object>
		<name>CallToAction</name>
		<pose>Unspecified</pose>
		<truncated>0</truncated>
		<difficult>0</difficult>
		<bndbox>
			<xmin>11</xmin>
			<ymin>193</ymin>
			<xmax>287</xmax>
			<ymax>240</ymax>
		</bndbox>
	</object>
	<object>
		<name>Headline</name>
		<pose>Unspecified</pose>
		<truncated>0</truncated>
		<difficult>0</difficult>
		<bndbox>
			<xmin>30</xmin>
			<ymin>109</ymin>
			<xmax>275</xmax>
			<ymax>191</ymax>
		</bndbox>
	</object>
	<object>
		<name>Logo</name>
		<pose>Unspecified</pose>
		<truncated>0</truncated>
		<difficult>0</difficult>
		<bndbox>
			<xmin>205</xmin>
			<ymin>9</ymin>
			<xmax>291</xmax>
			<ymax>70</ymax>
		</bndbox>
	</object>
</annotation>
