<annotation>
	<folder>JPG_Chang</folder>
	<filename>0df069a7db52b6756b899cffe7ece2c7.jpg</filename>
	<path>/Users/cliu/Data/JPG_Chang/0df069a7db52b6756b899cffe7ece2c7.jpg</path>
	<source>
		<database>Unknown</database>
	</source>
	<size>
		<width>300</width>
		<height>250</height>
		<depth>3</depth>
	</size>
	<segmented>0</segmented>
	<object>
		<name>Headline2</name>
		<pose>Unspecified</pose>
		<truncated>0</truncated>
		<difficult>0</difficult>
		<bndbox>
			<xmin>11</xmin>
			<ymin>182</ymin>
			<xmax>203</xmax>
			<ymax>200</ymax>
		</bndbox>
	</object>
	<object>
		<name>Disclaimer</name>
		<pose>Unspecified</pose>
		<truncated>0</truncated>
		<difficult>0</difficult>
		<bndbox>
			<xmin>9</xmin>
			<ymin>204</ymin>
			<xmax>205</xmax>
			<ymax>228</ymax>
		</bndbox>
	</object>
	<object>
		<name>Headline</name>
		<pose>Unspecified</pose>
		<truncated>0</truncated>
		<difficult>0</difficult>
		<bndbox>
			<xmin>6</xmin>
			<ymin>20</ymin>
			<xmax>289</xmax>
			<ymax>108</ymax>
		</bndbox>
	</object>
	<object>
		<name>HeroImage</name>
		<pose>Unspecified</pose>
		<truncated>0</truncated>
		<difficult>0</difficult>
		<bndbox>
			<xmin>6</xmin>
			<ymin>111</ymin>
			<xmax>290</xmax>
			<ymax>176</ymax>
		</bndbox>
	</object>
</annotation>
