<annotation>
	<folder>JPG_Chang</folder>
	<filename>0df04beacd87a23482c9d2acee2ca988.jpg</filename>
	<path>/Users/cliu/Data/JPG_Chang/0df04beacd87a23482c9d2acee2ca988.jpg</path>
	<source>
		<database>Unknown</database>
	</source>
	<size>
		<width>0</width>
		<height>0</height>
		<depth>3</depth>
	</size>
	<segmented>0</segmented>
	<object>
		<name>HeroImage</name>
		<pose>Unspecified</pose>
		<truncated>0</truncated>
		<difficult>0</difficult>
		<bndbox>
			<xmin>4</xmin>
			<ymin>2</ymin>
			<xmax>599</xmax>
			<ymax>90</ymax>
		</bndbox>
	</object>
	<object>
		<name>CallToAction</name>
		<pose>Unspecified</pose>
		<truncated>0</truncated>
		<difficult>0</difficult>
		<bndbox>
			<xmin>626</xmin>
			<ymin>66</ymin>
			<xmax>723</xmax>
			<ymax>88</ymax>
		</bndbox>
	</object>
	<object>
		<name>Offer</name>
		<pose>Unspecified</pose>
		<truncated>0</truncated>
		<difficult>0</difficult>
		<bndbox>
			<xmin>625</xmin>
			<ymin>33</ymin>
			<xmax>727</xmax>
			<ymax>64</ymax>
		</bndbox>
	</object>
	<object>
		<name>Logo</name>
		<pose>Unspecified</pose>
		<truncated>0</truncated>
		<difficult>0</difficult>
		<bndbox>
			<xmin>637</xmin>
			<ymin>5</ymin>
			<xmax>701</xmax>
			<ymax>29</ymax>
		</bndbox>
	</object>
</annotation>
