<annotation>
	<folder>JPG_Chang</folder>
	<filename>0df715efaca2f7e04cd1448dc160b6c5.jpg</filename>
	<path>/Users/cliu/Data/JPG_Chang/0df715efaca2f7e04cd1448dc160b6c5.jpg</path>
	<source>
		<database>Unknown</database>
	</source>
	<size>
		<width>728</width>
		<height>90</height>
		<depth>3</depth>
	</size>
	<segmented>0</segmented>
	<object>
		<name>CallToAction</name>
		<pose>Unspecified</pose>
		<truncated>0</truncated>
		<difficult>0</difficult>
		<bndbox>
			<xmin>459</xmin>
			<ymin>23</ymin>
			<xmax>600</xmax>
			<ymax>75</ymax>
		</bndbox>
	</object>
	<object>
		<name>Logo</name>
		<pose>Unspecified</pose>
		<truncated>0</truncated>
		<difficult>0</difficult>
		<bndbox>
			<xmin>616</xmin>
			<ymin>15</ymin>
			<xmax>715</xmax>
			<ymax>81</ymax>
		</bndbox>
	</object>
	<object>
		<name>Headline</name>
		<pose>Unspecified</pose>
		<truncated>0</truncated>
		<difficult>0</difficult>
		<bndbox>
			<xmin>14</xmin>
			<ymin>14</ymin>
			<xmax>406</xmax>
			<ymax>62</ymax>
		</bndbox>
	</object>
</annotation>
