<annotation>
	<folder>JPG_Chang</folder>
	<filename>0dfcdd2b825fb2783bb06a03f0619d0b.jpg</filename>
	<path>/Users/cliu/Data/JPG_Chang/0dfcdd2b825fb2783bb06a03f0619d0b.jpg</path>
	<source>
		<database>Unknown</database>
	</source>
	<size>
		<width>160</width>
		<height>600</height>
		<depth>3</depth>
	</size>
	<segmented>0</segmented>
	<object>
		<name>Logo</name>
		<pose>Unspecified</pose>
		<truncated>0</truncated>
		<difficult>0</difficult>
		<bndbox>
			<xmin>9</xmin>
			<ymin>218</ymin>
			<xmax>149</xmax>
			<ymax>294</ymax>
		</bndbox>
	</object>
	<object>
		<name>Headline</name>
		<pose>Unspecified</pose>
		<truncated>0</truncated>
		<difficult>0</difficult>
		<bndbox>
			<xmin>7</xmin>
			<ymin>92</ymin>
			<xmax>154</xmax>
			<ymax>204</ymax>
		</bndbox>
	</object>
	<object>
		<name>Logo</name>
		<pose>Unspecified</pose>
		<truncated>0</truncated>
		<difficult>0</difficult>
		<bndbox>
			<xmin>17</xmin>
			<ymin>14</ymin>
			<xmax>143</xmax>
			<ymax>50</ymax>
		</bndbox>
	</object>
</annotation>
