<annotation>
	<folder>JPG_Chang</folder>
	<filename>0dffe001ef24caa0de2fdb3507183bd7.jpg</filename>
	<path>/Users/cliu/Data/JPG_Chang/0dffe001ef24caa0de2fdb3507183bd7.jpg</path>
	<source>
		<database>Unknown</database>
	</source>
	<size>
		<width>300</width>
		<height>250</height>
		<depth>3</depth>
	</size>
	<segmented>0</segmented>
	<object>
		<name>CallToAction</name>
		<pose>Unspecified</pose>
		<truncated>0</truncated>
		<difficult>0</difficult>
		<bndbox>
			<xmin>139</xmin>
			<ymin>179</ymin>
			<xmax>289</xmax>
			<ymax>219</ymax>
		</bndbox>
	</object>
	<object>
		<name>Logo</name>
		<pose>Unspecified</pose>
		<truncated>0</truncated>
		<difficult>0</difficult>
		<bndbox>
			<xmin>19</xmin>
			<ymin>180</ymin>
			<xmax>113</xmax>
			<ymax>224</ymax>
		</bndbox>
	</object>
	<object>
		<name>Disclaimer</name>
		<pose>Unspecified</pose>
		<truncated>0</truncated>
		<difficult>0</difficult>
		<bndbox>
			<xmin>67</xmin>
			<ymin>231</ymin>
			<xmax>236</xmax>
			<ymax>244</ymax>
		</bndbox>
	</object>
	<object>
		<name>Offer</name>
		<pose>Unspecified</pose>
		<truncated>0</truncated>
		<difficult>0</difficult>
		<bndbox>
			<xmin>18</xmin>
			<ymin>36</ymin>
			<xmax>137</xmax>
			<ymax>143</ymax>
		</bndbox>
	</object>
	<object>
		<name>Headline</name>
		<pose>Unspecified</pose>
		<truncated>0</truncated>
		<difficult>0</difficult>
		<bndbox>
			<xmin>137</xmin>
			<ymin>66</ymin>
			<xmax>284</xmax>
			<ymax>152</ymax>
		</bndbox>
	</object>
</annotation>
