<annotation>
	<folder>JPG_Chang</folder>
	<filename>0e065f7ab796edceb3c6e8c67923e2b0.jpg</filename>
	<path>/Users/cliu/Data/JPG_Chang/0e065f7ab796edceb3c6e8c67923e2b0.jpg</path>
	<source>
		<database>Unknown</database>
	</source>
	<size>
		<width>0</width>
		<height>0</height>
		<depth>3</depth>
	</size>
	<segmented>0</segmented>
	<object>
		<name>CallToAction</name>
		<pose>Unspecified</pose>
		<truncated>0</truncated>
		<difficult>0</difficult>
		<bndbox>
			<xmin>167</xmin>
			<ymin>212</ymin>
			<xmax>288</xmax>
			<ymax>243</ymax>
		</bndbox>
	</object>
	<object>
		<name>Headline2</name>
		<pose>Unspecified</pose>
		<truncated>0</truncated>
		<difficult>0</difficult>
		<bndbox>
			<xmin>13</xmin>
			<ymin>216</ymin>
			<xmax>158</xmax>
			<ymax>242</ymax>
		</bndbox>
	</object>
	<object>
		<name>Headline2</name>
		<pose>Unspecified</pose>
		<truncated>0</truncated>
		<difficult>0</difficult>
		<bndbox>
			<xmin>47</xmin>
			<ymin>159</ymin>
			<xmax>248</xmax>
			<ymax>202</ymax>
		</bndbox>
	</object>
	<object>
		<name>HeroImage</name>
		<pose>Unspecified</pose>
		<truncated>0</truncated>
		<difficult>0</difficult>
		<bndbox>
			<xmin>3</xmin>
			<ymin>35</ymin>
			<xmax>255</xmax>
			<ymax>126</ymax>
		</bndbox>
	</object>
	<object>
		<name>Logo</name>
		<pose>Unspecified</pose>
		<truncated>0</truncated>
		<difficult>0</difficult>
		<bndbox>
			<xmin>238</xmin>
			<ymin>5</ymin>
			<xmax>298</xmax>
			<ymax>38</ymax>
		</bndbox>
	</object>
</annotation>
