<annotation>
	<folder>JPG_Chang</folder>
	<filename>0e06278180cac9609e2df1c6481cb364.jpg</filename>
	<path>/Users/cliu/Data/JPG_Chang/0e06278180cac9609e2df1c6481cb364.jpg</path>
	<source>
		<database>Unknown</database>
	</source>
	<size>
		<width>160</width>
		<height>600</height>
		<depth>3</depth>
	</size>
	<segmented>0</segmented>
	<object>
		<name>CallToAction</name>
		<pose>Unspecified</pose>
		<truncated>0</truncated>
		<difficult>0</difficult>
		<bndbox>
			<xmin>9</xmin>
			<ymin>393</ymin>
			<xmax>150</xmax>
			<ymax>434</ymax>
		</bndbox>
	</object>
	<object>
		<name>Headline</name>
		<pose>Unspecified</pose>
		<truncated>0</truncated>
		<difficult>0</difficult>
		<bndbox>
			<xmin>11</xmin>
			<ymin>200</ymin>
			<xmax>146</xmax>
			<ymax>330</ymax>
		</bndbox>
	</object>
	<object>
		<name>Logo</name>
		<pose>Unspecified</pose>
		<truncated>0</truncated>
		<difficult>0</difficult>
		<bndbox>
			<xmin>33</xmin>
			<ymin>10</ymin>
			<xmax>131</xmax>
			<ymax>69</ymax>
		</bndbox>
	</object>
</annotation>
