<annotation>
	<folder>JPG_Chang</folder>
	<filename>0e08d6f4552a5ff6d915c9ab3c873292.jpg</filename>
	<path>/Users/cliu/Data/JPG_Chang/0e08d6f4552a5ff6d915c9ab3c873292.jpg</path>
	<source>
		<database>Unknown</database>
	</source>
	<size>
		<width>300</width>
		<height>250</height>
		<depth>3</depth>
	</size>
	<segmented>0</segmented>
	<object>
		<name>Logo</name>
		<pose>Unspecified</pose>
		<truncated>0</truncated>
		<difficult>0</difficult>
		<bndbox>
			<xmin>24</xmin>
			<ymin>219</ymin>
			<xmax>143</xmax>
			<ymax>247</ymax>
		</bndbox>
	</object>
	<object>
		<name>CallToAction</name>
		<pose>Unspecified</pose>
		<truncated>1</truncated>
		<difficult>0</difficult>
		<bndbox>
			<xmin>170</xmin>
			<ymin>218</ymin>
			<xmax>285</xmax>
			<ymax>250</ymax>
		</bndbox>
	</object>
	<object>
		<name>HeroImage</name>
		<pose>Unspecified</pose>
		<truncated>0</truncated>
		<difficult>0</difficult>
		<bndbox>
			<xmin>24</xmin>
			<ymin>59</ymin>
			<xmax>278</xmax>
			<ymax>216</ymax>
		</bndbox>
	</object>
	<object>
		<name>Headline</name>
		<pose>Unspecified</pose>
		<truncated>0</truncated>
		<difficult>0</difficult>
		<bndbox>
			<xmin>42</xmin>
			<ymin>21</ymin>
			<xmax>260</xmax>
			<ymax>56</ymax>
		</bndbox>
	</object>
</annotation>
