<annotation>
	<folder>JPG_Chang</folder>
	<filename>0e13944ef8981bdeec43733ff839d497.jpg</filename>
	<path>/Users/cliu/Data/JPG_Chang/0e13944ef8981bdeec43733ff839d497.jpg</path>
	<source>
		<database>Unknown</database>
	</source>
	<size>
		<width>300</width>
		<height>250</height>
		<depth>3</depth>
	</size>
	<segmented>0</segmented>
	<object>
		<name>CallToAction</name>
		<pose>Unspecified</pose>
		<truncated>0</truncated>
		<difficult>0</difficult>
		<bndbox>
			<xmin>171</xmin>
			<ymin>139</ymin>
			<xmax>242</xmax>
			<ymax>159</ymax>
		</bndbox>
	</object>
	<object>
		<name>HeroImage</name>
		<pose>Unspecified</pose>
		<truncated>0</truncated>
		<difficult>0</difficult>
		<bndbox>
			<xmin>2</xmin>
			<ymin>44</ymin>
			<xmax>142</xmax>
			<ymax>245</ymax>
		</bndbox>
	</object>
	<object>
		<name>Offer</name>
		<pose>Unspecified</pose>
		<truncated>0</truncated>
		<difficult>0</difficult>
		<bndbox>
			<xmin>143</xmin>
			<ymin>105</ymin>
			<xmax>274</xmax>
			<ymax>137</ymax>
		</bndbox>
	</object>
	<object>
		<name>Logo</name>
		<pose>Unspecified</pose>
		<truncated>0</truncated>
		<difficult>0</difficult>
		<bndbox>
			<xmin>157</xmin>
			<ymin>6</ymin>
			<xmax>260</xmax>
			<ymax>72</ymax>
		</bndbox>
	</object>
	<object>
		<name>Headline</name>
		<pose>Unspecified</pose>
		<truncated>0</truncated>
		<difficult>0</difficult>
		<bndbox>
			<xmin>142</xmin>
			<ymin>73</ymin>
			<xmax>275</xmax>
			<ymax>104</ymax>
		</bndbox>
	</object>
</annotation>
