<annotation>
	<folder>JPG_Chang</folder>
	<filename>0e1808dab709bcb496cebc977c2b06d4.jpg</filename>
	<path>/Users/cliu/Data/JPG_Chang/0e1808dab709bcb496cebc977c2b06d4.jpg</path>
	<source>
		<database>Unknown</database>
	</source>
	<size>
		<width>0</width>
		<height>0</height>
		<depth>3</depth>
	</size>
	<segmented>0</segmented>
	<object>
		<name>CallToAction</name>
		<pose>Unspecified</pose>
		<truncated>0</truncated>
		<difficult>0</difficult>
		<bndbox>
			<xmin>53</xmin>
			<ymin>107</ymin>
			<xmax>248</xmax>
			<ymax>155</ymax>
		</bndbox>
	</object>
	<object>
		<name>Headline</name>
		<pose>Unspecified</pose>
		<truncated>0</truncated>
		<difficult>0</difficult>
		<bndbox>
			<xmin>19</xmin>
			<ymin>66</ymin>
			<xmax>283</xmax>
			<ymax>93</ymax>
		</bndbox>
	</object>
	<object>
		<name>Logo</name>
		<pose>Unspecified</pose>
		<truncated>0</truncated>
		<difficult>0</difficult>
		<bndbox>
			<xmin>119</xmin>
			<ymin>23</ymin>
			<xmax>183</xmax>
			<ymax>49</ymax>
		</bndbox>
	</object>
</annotation>
