<annotation>
	<folder>JPG_Chang</folder>
	<filename>0e1bc9eeaff8f4891d0f155a1585e6ba.jpg</filename>
	<path>/Users/cliu/Data/JPG_Chang/0e1bc9eeaff8f4891d0f155a1585e6ba.jpg</path>
	<source>
		<database>Unknown</database>
	</source>
	<size>
		<width>728</width>
		<height>90</height>
		<depth>3</depth>
	</size>
	<segmented>0</segmented>
	<object>
		<name>Headline</name>
		<pose>Unspecified</pose>
		<truncated>0</truncated>
		<difficult>0</difficult>
		<bndbox>
			<xmin>136</xmin>
			<ymin>57</ymin>
			<xmax>591</xmax>
			<ymax>80</ymax>
		</bndbox>
	</object>
	<object>
		<name>CallToAction</name>
		<pose>Unspecified</pose>
		<truncated>0</truncated>
		<difficult>0</difficult>
		<bndbox>
			<xmin>473</xmin>
			<ymin>13</ymin>
			<xmax>590</xmax>
			<ymax>49</ymax>
		</bndbox>
	</object>
	<object>
		<name>Logo</name>
		<pose>Unspecified</pose>
		<truncated>0</truncated>
		<difficult>0</difficult>
		<bndbox>
			<xmin>613</xmin>
			<ymin>13</ymin>
			<xmax>722</xmax>
			<ymax>70</ymax>
		</bndbox>
	</object>
	<object>
		<name>HeroImage</name>
		<pose>Unspecified</pose>
		<truncated>1</truncated>
		<difficult>0</difficult>
		<bndbox>
			<xmin>1</xmin>
			<ymin>1</ymin>
			<xmax>117</xmax>
			<ymax>90</ymax>
		</bndbox>
	</object>
	<object>
		<name>Headline2</name>
		<pose>Unspecified</pose>
		<truncated>0</truncated>
		<difficult>0</difficult>
		<bndbox>
			<xmin>136</xmin>
			<ymin>6</ymin>
			<xmax>405</xmax>
			<ymax>57</ymax>
		</bndbox>
	</object>
</annotation>
