<annotation>
	<folder>JPG_Chang</folder>
	<filename>0e1fae9b4f1d2ef28c78a5f4ee427f93.jpg</filename>
	<path>/Users/cliu/Data/JPG_Chang/0e1fae9b4f1d2ef28c78a5f4ee427f93.jpg</path>
	<source>
		<database>Unknown</database>
	</source>
	<size>
		<width>728</width>
		<height>90</height>
		<depth>3</depth>
	</size>
	<segmented>0</segmented>
	<object>
		<name>Headline</name>
		<pose>Unspecified</pose>
		<truncated>0</truncated>
		<difficult>0</difficult>
		<bndbox>
			<xmin>96</xmin>
			<ymin>21</ymin>
			<xmax>261</xmax>
			<ymax>78</ymax>
		</bndbox>
	</object>
	<object>
		<name>Logo</name>
		<pose>Unspecified</pose>
		<truncated>0</truncated>
		<difficult>0</difficult>
		<bndbox>
			<xmin>501</xmin>
			<ymin>5</ymin>
			<xmax>606</xmax>
			<ymax>49</ymax>
		</bndbox>
	</object>
	<object>
		<name>HeroImage</name>
		<pose>Unspecified</pose>
		<truncated>0</truncated>
		<difficult>0</difficult>
		<bndbox>
			<xmin>4</xmin>
			<ymin>2</ymin>
			<xmax>77</xmax>
			<ymax>89</ymax>
		</bndbox>
	</object>
</annotation>
