<annotation>
	<folder>JPG_Chang</folder>
	<filename>0e20a2700095dd432e54a0727f00ff38.jpg</filename>
	<path>/Users/cliu/Data/JPG_Chang/0e20a2700095dd432e54a0727f00ff38.jpg</path>
	<source>
		<database>Unknown</database>
	</source>
	<size>
		<width>0</width>
		<height>0</height>
		<depth>3</depth>
	</size>
	<segmented>0</segmented>
	<object>
		<name>CallToAction</name>
		<pose>Unspecified</pose>
		<truncated>0</truncated>
		<difficult>0</difficult>
		<bndbox>
			<xmin>7</xmin>
			<ymin>261</ymin>
			<xmax>155</xmax>
			<ymax>305</ymax>
		</bndbox>
	</object>
	<object>
		<name>HeroImage</name>
		<pose>Unspecified</pose>
		<truncated>1</truncated>
		<difficult>0</difficult>
		<bndbox>
			<xmin>1</xmin>
			<ymin>336</ymin>
			<xmax>160</xmax>
			<ymax>578</ymax>
		</bndbox>
	</object>
	<object>
		<name>Headline</name>
		<pose>Unspecified</pose>
		<truncated>0</truncated>
		<difficult>0</difficult>
		<bndbox>
			<xmin>2</xmin>
			<ymin>127</ymin>
			<xmax>155</xmax>
			<ymax>190</ymax>
		</bndbox>
	</object>
</annotation>
