<annotation>
	<folder>JPG_Chang</folder>
	<filename>0e28b7a5dc2221e18680771f94a2f24a.jpg</filename>
	<path>/Users/cliu/Data/JPG_Chang/0e28b7a5dc2221e18680771f94a2f24a.jpg</path>
	<source>
		<database>Unknown</database>
	</source>
	<size>
		<width>0</width>
		<height>0</height>
		<depth>3</depth>
	</size>
	<segmented>0</segmented>
	<object>
		<name>Headline</name>
		<pose>Unspecified</pose>
		<truncated>0</truncated>
		<difficult>0</difficult>
		<bndbox>
			<xmin>12</xmin>
			<ymin>17</ymin>
			<xmax>328</xmax>
			<ymax>39</ymax>
		</bndbox>
	</object>
	<object>
		<name>CallToAction</name>
		<pose>Unspecified</pose>
		<truncated>0</truncated>
		<difficult>0</difficult>
		<bndbox>
			<xmin>402</xmin>
			<ymin>23</ymin>
			<xmax>549</xmax>
			<ymax>69</ymax>
		</bndbox>
	</object>
	<object>
		<name>Logo</name>
		<pose>Unspecified</pose>
		<truncated>0</truncated>
		<difficult>0</difficult>
		<bndbox>
			<xmin>565</xmin>
			<ymin>23</ymin>
			<xmax>711</xmax>
			<ymax>67</ymax>
		</bndbox>
	</object>
</annotation>
