<annotation>
	<folder>JPG_Chang</folder>
	<filename>0e2ff700df6d4b2d2341d5df3abc8832.jpg</filename>
	<path>/Users/cliu/Data/JPG_Chang/0e2ff700df6d4b2d2341d5df3abc8832.jpg</path>
	<source>
		<database>Unknown</database>
	</source>
	<size>
		<width>0</width>
		<height>0</height>
		<depth>3</depth>
	</size>
	<segmented>0</segmented>
	<object>
		<name>CallToAction</name>
		<pose>Unspecified</pose>
		<truncated>0</truncated>
		<difficult>0</difficult>
		<bndbox>
			<xmin>386</xmin>
			<ymin>22</ymin>
			<xmax>584</xmax>
			<ymax>79</ymax>
		</bndbox>
	</object>
	<object>
		<name>Headline</name>
		<pose>Unspecified</pose>
		<truncated>0</truncated>
		<difficult>0</difficult>
		<bndbox>
			<xmin>7</xmin>
			<ymin>11</ymin>
			<xmax>174</xmax>
			<ymax>81</ymax>
		</bndbox>
	</object>
	<object>
		<name>Headline2</name>
		<pose>Unspecified</pose>
		<truncated>0</truncated>
		<difficult>0</difficult>
		<bndbox>
			<xmin>196</xmin>
			<ymin>42</ymin>
			<xmax>366</xmax>
			<ymax>80</ymax>
		</bndbox>
	</object>
	<object>
		<name>Logo</name>
		<pose>Unspecified</pose>
		<truncated>0</truncated>
		<difficult>0</difficult>
		<bndbox>
			<xmin>600</xmin>
			<ymin>56</ymin>
			<xmax>710</xmax>
			<ymax>79</ymax>
		</bndbox>
	</object>
</annotation>
