<annotation>
	<folder>JPG_Chang</folder>
	<filename>0e2f8f7ab6582a73f009a54b77ff6931.jpg</filename>
	<path>/Users/cliu/Data/JPG_Chang/0e2f8f7ab6582a73f009a54b77ff6931.jpg</path>
	<source>
		<database>Unknown</database>
	</source>
	<size>
		<width>300</width>
		<height>250</height>
		<depth>3</depth>
	</size>
	<segmented>0</segmented>
	<object>
		<name>CallToAction</name>
		<pose>Unspecified</pose>
		<truncated>0</truncated>
		<difficult>0</difficult>
		<bndbox>
			<xmin>56</xmin>
			<ymin>192</ymin>
			<xmax>246</xmax>
			<ymax>238</ymax>
		</bndbox>
	</object>
	<object>
		<name>Headline</name>
		<pose>Unspecified</pose>
		<truncated>0</truncated>
		<difficult>0</difficult>
		<bndbox>
			<xmin>28</xmin>
			<ymin>141</ymin>
			<xmax>275</xmax>
			<ymax>181</ymax>
		</bndbox>
	</object>
	<object>
		<name>Logo</name>
		<pose>Unspecified</pose>
		<truncated>0</truncated>
		<difficult>0</difficult>
		<bndbox>
			<xmin>83</xmin>
			<ymin>13</ymin>
			<xmax>224</xmax>
			<ymax>38</ymax>
		</bndbox>
	</object>
</annotation>
