<annotation>
	<folder>JPG_Chang</folder>
	<filename>0e36d2c3f92ec02fe5f413185f1a872c.jpg</filename>
	<path>/Users/cliu/Data/JPG_Chang/0e36d2c3f92ec02fe5f413185f1a872c.jpg</path>
	<source>
		<database>Unknown</database>
	</source>
	<size>
		<width>0</width>
		<height>0</height>
		<depth>3</depth>
	</size>
	<segmented>0</segmented>
	<object>
		<name>CallToAction</name>
		<pose>Unspecified</pose>
		<truncated>0</truncated>
		<difficult>0</difficult>
		<bndbox>
			<xmin>6</xmin>
			<ymin>422</ymin>
			<xmax>104</xmax>
			<ymax>461</ymax>
		</bndbox>
	</object>
	<object>
		<name>Logo</name>
		<pose>Unspecified</pose>
		<truncated>0</truncated>
		<difficult>0</difficult>
		<bndbox>
			<xmin>14</xmin>
			<ymin>547</ymin>
			<xmax>146</xmax>
			<ymax>580</ymax>
		</bndbox>
	</object>
	<object>
		<name>Headline</name>
		<pose>Unspecified</pose>
		<truncated>0</truncated>
		<difficult>0</difficult>
		<bndbox>
			<xmin>7</xmin>
			<ymin>322</ymin>
			<xmax>136</xmax>
			<ymax>420</ymax>
		</bndbox>
	</object>
	<object>
		<name>HeroImage</name>
		<pose>Unspecified</pose>
		<truncated>0</truncated>
		<difficult>0</difficult>
		<bndbox>
			<xmin>2</xmin>
			<ymin>4</ymin>
			<xmax>151</xmax>
			<ymax>230</ymax>
		</bndbox>
	</object>
</annotation>
