<annotation>
	<folder>JPG_Chang</folder>
	<filename>0e3c82fc886b0b374a53b74f346188e5.jpg</filename>
	<path>/Users/cliu/Data/JPG_Chang/0e3c82fc886b0b374a53b74f346188e5.jpg</path>
	<source>
		<database>Unknown</database>
	</source>
	<size>
		<width>300</width>
		<height>250</height>
		<depth>3</depth>
	</size>
	<segmented>0</segmented>
	<object>
		<name>CallToAction</name>
		<pose>Unspecified</pose>
		<truncated>0</truncated>
		<difficult>0</difficult>
		<bndbox>
			<xmin>79</xmin>
			<ymin>176</ymin>
			<xmax>219</xmax>
			<ymax>218</ymax>
		</bndbox>
	</object>
	<object>
		<name>Logo</name>
		<pose>Unspecified</pose>
		<truncated>0</truncated>
		<difficult>0</difficult>
		<bndbox>
			<xmin>94</xmin>
			<ymin>220</ymin>
			<xmax>213</xmax>
			<ymax>241</ymax>
		</bndbox>
	</object>
	<object>
		<name>Logo2</name>
		<pose>Unspecified</pose>
		<truncated>0</truncated>
		<difficult>0</difficult>
		<bndbox>
			<xmin>13</xmin>
			<ymin>97</ymin>
			<xmax>105</xmax>
			<ymax>156</ymax>
		</bndbox>
	</object>
	<object>
		<name>Logo3</name>
		<pose>Unspecified</pose>
		<truncated>0</truncated>
		<difficult>0</difficult>
		<bndbox>
			<xmin>56</xmin>
			<ymin>18</ymin>
			<xmax>105</xmax>
			<ymax>72</ymax>
		</bndbox>
	</object>
	<object>
		<name>Headline</name>
		<pose>Unspecified</pose>
		<truncated>0</truncated>
		<difficult>0</difficult>
		<bndbox>
			<xmin>114</xmin>
			<ymin>100</ymin>
			<xmax>291</xmax>
			<ymax>151</ymax>
		</bndbox>
	</object>
</annotation>
