<annotation>
	<folder>JPG_Chang</folder>
	<filename>0ff0d7e4ca175f53a7f928d1a8a9ca49.jpg</filename>
	<path>/Users/cliu/Data/JPG_Chang/0ff0d7e4ca175f53a7f928d1a8a9ca49.jpg</path>
	<source>
		<database>Unknown</database>
	</source>
	<size>
		<width>300</width>
		<height>250</height>
		<depth>3</depth>
	</size>
	<segmented>0</segmented>
	<object>
		<name>CallToAction</name>
		<pose>Unspecified</pose>
		<truncated>0</truncated>
		<difficult>0</difficult>
		<bndbox>
			<xmin>9</xmin>
			<ymin>124</ymin>
			<xmax>166</xmax>
			<ymax>175</ymax>
		</bndbox>
	</object>
	<object>
		<name>Headline</name>
		<pose>Unspecified</pose>
		<truncated>0</truncated>
		<difficult>0</difficult>
		<bndbox>
			<xmin>6</xmin>
			<ymin>58</ymin>
			<xmax>196</xmax>
			<ymax>113</ymax>
		</bndbox>
	</object>
	<object>
		<name>Logo</name>
		<pose>Unspecified</pose>
		<truncated>0</truncated>
		<difficult>0</difficult>
		<bndbox>
			<xmin>11</xmin>
			<ymin>206</ymin>
			<xmax>193</xmax>
			<ymax>235</ymax>
		</bndbox>
	</object>
	<object>
		<name>HeroImage</name>
		<pose>Unspecified</pose>
		<truncated>1</truncated>
		<difficult>0</difficult>
		<bndbox>
			<xmin>196</xmin>
			<ymin>1</ymin>
			<xmax>300</xmax>
			<ymax>248</ymax>
		</bndbox>
	</object>
</annotation>
