<annotation>
	<folder>JPG_Chang</folder>
	<filename>1-md5-05a914dab67192c7f8281faa1e9fb4f6.jpg</filename>
	<path>/Users/cliu/Data/JPG_Chang/1-md5-05a914dab67192c7f8281faa1e9fb4f6.jpg</path>
	<source>
		<database>Unknown</database>
	</source>
	<size>
		<width>160</width>
		<height>600</height>
		<depth>3</depth>
	</size>
	<segmented>0</segmented>
	<object>
		<name>HeroImage</name>
		<pose>Unspecified</pose>
		<truncated>1</truncated>
		<difficult>0</difficult>
		<bndbox>
			<xmin>1</xmin>
			<ymin>162</ymin>
			<xmax>160</xmax>
			<ymax>456</ymax>
		</bndbox>
	</object>
	<object>
		<name>Headline2</name>
		<pose>Unspecified</pose>
		<truncated>0</truncated>
		<difficult>0</difficult>
		<bndbox>
			<xmin>4</xmin>
			<ymin>456</ymin>
			<xmax>154</xmax>
			<ymax>545</ymax>
		</bndbox>
	</object>
	<object>
		<name>Headline</name>
		<pose>Unspecified</pose>
		<truncated>0</truncated>
		<difficult>0</difficult>
		<bndbox>
			<xmin>20</xmin>
			<ymin>84</ymin>
			<xmax>147</xmax>
			<ymax>154</ymax>
		</bndbox>
	</object>
	<object>
		<name>CallToAction</name>
		<pose>Unspecified</pose>
		<truncated>0</truncated>
		<difficult>0</difficult>
		<bndbox>
			<xmin>16</xmin>
			<ymin>543</ymin>
			<xmax>144</xmax>
			<ymax>585</ymax>
		</bndbox>
	</object>
	<object>
		<name>Logo</name>
		<pose>Unspecified</pose>
		<truncated>0</truncated>
		<difficult>0</difficult>
		<bndbox>
			<xmin>5</xmin>
			<ymin>4</ymin>
			<xmax>154</xmax>
			<ymax>65</ymax>
		</bndbox>
	</object>
</annotation>
