<annotation>
	<folder>JPG_Chang</folder>
	<filename>1-md5-0a22ffcd2cea1b3214f70a9efbb14aba.jpg</filename>
	<path>/Users/cliu/Data/JPG_Chang/1-md5-0a22ffcd2cea1b3214f70a9efbb14aba.jpg</path>
	<source>
		<database>Unknown</database>
	</source>
	<size>
		<width>300</width>
		<height>250</height>
		<depth>3</depth>
	</size>
	<segmented>0</segmented>
	<object>
		<name>Disclaimer</name>
		<pose>Unspecified</pose>
		<truncated>0</truncated>
		<difficult>0</difficult>
		<bndbox>
			<xmin>6</xmin>
			<ymin>203</ymin>
			<xmax>161</xmax>
			<ymax>236</ymax>
		</bndbox>
	</object>
	<object>
		<name>Logo</name>
		<pose>Unspecified</pose>
		<truncated>0</truncated>
		<difficult>0</difficult>
		<bndbox>
			<xmin>70</xmin>
			<ymin>25</ymin>
			<xmax>245</xmax>
			<ymax>88</ymax>
		</bndbox>
	</object>
	<object>
		<name>Headline</name>
		<pose>Unspecified</pose>
		<truncated>0</truncated>
		<difficult>0</difficult>
		<bndbox>
			<xmin>4</xmin>
			<ymin>3</ymin>
			<xmax>293</xmax>
			<ymax>25</ymax>
		</bndbox>
	</object>
	<object>
		<name>HeroImage</name>
		<pose>Unspecified</pose>
		<truncated>0</truncated>
		<difficult>0</difficult>
		<bndbox>
			<xmin>6</xmin>
			<ymin>84</ymin>
			<xmax>299</xmax>
			<ymax>203</ymax>
		</bndbox>
	</object>
</annotation>
