<annotation>
	<folder>JPG_Chang</folder>
	<filename>1-md5-0a82f6ccebb09f9dba6f069b943e4fb0.jpg</filename>
	<path>/Users/cliu/Data/JPG_Chang/1-md5-0a82f6ccebb09f9dba6f069b943e4fb0.jpg</path>
	<source>
		<database>Unknown</database>
	</source>
	<size>
		<width>728</width>
		<height>90</height>
		<depth>3</depth>
	</size>
	<segmented>0</segmented>
	<object>
		<name>Logo</name>
		<pose>Unspecified</pose>
		<truncated>0</truncated>
		<difficult>0</difficult>
		<bndbox>
			<xmin>14</xmin>
			<ymin>13</ymin>
			<xmax>248</xmax>
			<ymax>70</ymax>
		</bndbox>
	</object>
	<object>
		<name>Headline</name>
		<pose>Unspecified</pose>
		<truncated>0</truncated>
		<difficult>0</difficult>
		<bndbox>
			<xmin>256</xmin>
			<ymin>9</ymin>
			<xmax>409</xmax>
			<ymax>80</ymax>
		</bndbox>
	</object>
	<object>
		<name>HeroImage</name>
		<pose>Unspecified</pose>
		<truncated>1</truncated>
		<difficult>0</difficult>
		<bndbox>
			<xmin>407</xmin>
			<ymin>3</ymin>
			<xmax>563</xmax>
			<ymax>90</ymax>
		</bndbox>
	</object>
	<object>
		<name>CallToAction</name>
		<pose>Unspecified</pose>
		<truncated>0</truncated>
		<difficult>0</difficult>
		<bndbox>
			<xmin>552</xmin>
			<ymin>9</ymin>
			<xmax>721</xmax>
			<ymax>80</ymax>
		</bndbox>
	</object>
</annotation>
