<annotation>
	<folder>JPG_Chang</folder>
	<filename>1-md5-04d55a5d3c155649fd35fa5ee5f99dee.jpg</filename>
	<path>/Users/cliu/Data/JPG_Chang/1-md5-04d55a5d3c155649fd35fa5ee5f99dee.jpg</path>
	<source>
		<database>Unknown</database>
	</source>
	<size>
		<width>728</width>
		<height>90</height>
		<depth>3</depth>
	</size>
	<segmented>0</segmented>
	<object>
		<name>Headline</name>
		<pose>Unspecified</pose>
		<truncated>0</truncated>
		<difficult>0</difficult>
		<bndbox>
			<xmin>12</xmin>
			<ymin>21</ymin>
			<xmax>391</xmax>
			<ymax>78</ymax>
		</bndbox>
	</object>
	<object>
		<name>CallToAction</name>
		<pose>Unspecified</pose>
		<truncated>0</truncated>
		<difficult>0</difficult>
		<bndbox>
			<xmin>565</xmin>
			<ymin>17</ymin>
			<xmax>715</xmax>
			<ymax>73</ymax>
		</bndbox>
	</object>
</annotation>
