<annotation>
	<folder>JPG_Chang</folder>
	<filename>1-md5-0ad12d9ad52e98140a34f8d4c0426c6c.jpg</filename>
	<path>/Users/cliu/Data/JPG_Chang/1-md5-0ad12d9ad52e98140a34f8d4c0426c6c.jpg</path>
	<source>
		<database>Unknown</database>
	</source>
	<size>
		<width>300</width>
		<height>250</height>
		<depth>3</depth>
	</size>
	<segmented>0</segmented>
	<object>
		<name>CallToAction</name>
		<pose>Unspecified</pose>
		<truncated>0</truncated>
		<difficult>0</difficult>
		<bndbox>
			<xmin>191</xmin>
			<ymin>217</ymin>
			<xmax>294</xmax>
			<ymax>244</ymax>
		</bndbox>
	</object>
	<object>
		<name>Headline</name>
		<pose>Unspecified</pose>
		<truncated>0</truncated>
		<difficult>0</difficult>
		<bndbox>
			<xmin>14</xmin>
			<ymin>42</ymin>
			<xmax>285</xmax>
			<ymax>137</ymax>
		</bndbox>
	</object>
	<object>
		<name>CallToAction</name>
		<pose>Unspecified</pose>
		<truncated>0</truncated>
		<difficult>0</difficult>
		<bndbox>
			<xmin>10</xmin>
			<ymin>198</ymin>
			<xmax>92</xmax>
			<ymax>245</ymax>
		</bndbox>
	</object>
</annotation>
