<annotation>
	<folder>JPG_Chang</folder>
	<filename>1-md5-0ab13c8112181b2b9c6a5f9ead43fec7.jpg</filename>
	<path>/Users/cliu/Data/JPG_Chang/1-md5-0ab13c8112181b2b9c6a5f9ead43fec7.jpg</path>
	<source>
		<database>Unknown</database>
	</source>
	<size>
		<width>728</width>
		<height>90</height>
		<depth>3</depth>
	</size>
	<segmented>0</segmented>
	<object>
		<name>HeroImage</name>
		<pose>Unspecified</pose>
		<truncated>0</truncated>
		<difficult>0</difficult>
		<bndbox>
			<xmin>9</xmin>
			<ymin>7</ymin>
			<xmax>199</xmax>
			<ymax>82</ymax>
		</bndbox>
	</object>
	<object>
		<name>HeroImage</name>
		<pose>Unspecified</pose>
		<truncated>1</truncated>
		<difficult>0</difficult>
		<bndbox>
			<xmin>560</xmin>
			<ymin>2</ymin>
			<xmax>725</xmax>
			<ymax>90</ymax>
		</bndbox>
	</object>
	<object>
		<name>Headline</name>
		<pose>Unspecified</pose>
		<truncated>0</truncated>
		<difficult>0</difficult>
		<bndbox>
			<xmin>214</xmin>
			<ymin>5</ymin>
			<xmax>486</xmax>
			<ymax>66</ymax>
		</bndbox>
	</object>
	<object>
		<name>Logo</name>
		<pose>Unspecified</pose>
		<truncated>0</truncated>
		<difficult>0</difficult>
		<bndbox>
			<xmin>491</xmin>
			<ymin>9</ymin>
			<xmax>560</xmax>
			<ymax>81</ymax>
		</bndbox>
	</object>
</annotation>
