<annotation>
	<folder>JPG_Chang</folder>
	<filename>1-md5-00bf0a709bd5e34b0bb17a50074e1a65.jpg</filename>
	<path>/Users/cliu/Data/JPG_Chang/1-md5-00bf0a709bd5e34b0bb17a50074e1a65.jpg</path>
	<source>
		<database>Unknown</database>
	</source>
	<size>
		<width>728</width>
		<height>90</height>
		<depth>3</depth>
	</size>
	<segmented>0</segmented>
	<object>
		<name>HeroImage</name>
		<pose>Unspecified</pose>
		<truncated>1</truncated>
		<difficult>0</difficult>
		<bndbox>
			<xmin>141</xmin>
			<ymin>6</ymin>
			<xmax>351</xmax>
			<ymax>90</ymax>
		</bndbox>
	</object>
	<object>
		<name>CallToAction</name>
		<pose>Unspecified</pose>
		<truncated>0</truncated>
		<difficult>0</difficult>
		<bndbox>
			<xmin>583</xmin>
			<ymin>21</ymin>
			<xmax>719</xmax>
			<ymax>75</ymax>
		</bndbox>
	</object>
	<object>
		<name>Logo</name>
		<pose>Unspecified</pose>
		<truncated>0</truncated>
		<difficult>0</difficult>
		<bndbox>
			<xmin>16</xmin>
			<ymin>19</ymin>
			<xmax>125</xmax>
			<ymax>77</ymax>
		</bndbox>
	</object>
	<object>
		<name>Headline</name>
		<pose>Unspecified</pose>
		<truncated>0</truncated>
		<difficult>0</difficult>
		<bndbox>
			<xmin>489</xmin>
			<ymin>15</ymin>
			<xmax>574</xmax>
			<ymax>80</ymax>
		</bndbox>
	</object>
	<object>
		<name>Headline2</name>
		<pose>Unspecified</pose>
		<truncated>0</truncated>
		<difficult>0</difficult>
		<bndbox>
			<xmin>348</xmin>
			<ymin>14</ymin>
			<xmax>464</xmax>
			<ymax>60</ymax>
		</bndbox>
	</object>
</annotation>
