<annotation>
	<folder>JPG_Chang</folder>
	<filename>1-md5-0ae93b47abf7b5f58f0880f2cfe77ec7.jpg</filename>
	<path>/Users/cliu/Data/JPG_Chang/1-md5-0ae93b47abf7b5f58f0880f2cfe77ec7.jpg</path>
	<source>
		<database>Unknown</database>
	</source>
	<size>
		<width>728</width>
		<height>90</height>
		<depth>3</depth>
	</size>
	<segmented>0</segmented>
	<object>
		<name>CallToAction</name>
		<pose>Unspecified</pose>
		<truncated>0</truncated>
		<difficult>0</difficult>
		<bndbox>
			<xmin>573</xmin>
			<ymin>40</ymin>
			<xmax>711</xmax>
			<ymax>81</ymax>
		</bndbox>
	</object>
	<object>
		<name>Logo</name>
		<pose>Unspecified</pose>
		<truncated>0</truncated>
		<difficult>0</difficult>
		<bndbox>
			<xmin>570</xmin>
			<ymin>11</ymin>
			<xmax>710</xmax>
			<ymax>40</ymax>
		</bndbox>
	</object>
	<object>
		<name>Headline</name>
		<pose>Unspecified</pose>
		<truncated>0</truncated>
		<difficult>0</difficult>
		<bndbox>
			<xmin>17</xmin>
			<ymin>15</ymin>
			<xmax>323</xmax>
			<ymax>70</ymax>
		</bndbox>
	</object>
</annotation>
