<annotation>
	<folder>JPG_Chang</folder>
	<filename>1-md5-03f20639fed110d9f1fe450d87e9ea68.jpg</filename>
	<path>/Users/cliu/Data/JPG_Chang/1-md5-03f20639fed110d9f1fe450d87e9ea68.jpg</path>
	<source>
		<database>Unknown</database>
	</source>
	<size>
		<width>728</width>
		<height>90</height>
		<depth>3</depth>
	</size>
	<segmented>0</segmented>
	<object>
		<name>HeroImage</name>
		<pose>Unspecified</pose>
		<truncated>1</truncated>
		<difficult>0</difficult>
		<bndbox>
			<xmin>221</xmin>
			<ymin>2</ymin>
			<xmax>516</xmax>
			<ymax>90</ymax>
		</bndbox>
	</object>
	<object>
		<name>Logo</name>
		<pose>Unspecified</pose>
		<truncated>0</truncated>
		<difficult>0</difficult>
		<bndbox>
			<xmin>559</xmin>
			<ymin>16</ymin>
			<xmax>716</xmax>
			<ymax>66</ymax>
		</bndbox>
	</object>
	<object>
		<name>CallToAction</name>
		<pose>Unspecified</pose>
		<truncated>0</truncated>
		<difficult>0</difficult>
		<bndbox>
			<xmin>10</xmin>
			<ymin>28</ymin>
			<xmax>223</xmax>
			<ymax>69</ymax>
		</bndbox>
	</object>
</annotation>
