<annotation>
	<folder>JPG_Chang</folder>
	<filename>1-md5-0a3d5997a3ae4d916e0273b0de990ed8.jpg</filename>
	<path>/Users/cliu/Data/JPG_Chang/1-md5-0a3d5997a3ae4d916e0273b0de990ed8.jpg</path>
	<source>
		<database>Unknown</database>
	</source>
	<size>
		<width>300</width>
		<height>250</height>
		<depth>3</depth>
	</size>
	<segmented>0</segmented>
	<object>
		<name>Logo</name>
		<pose>Unspecified</pose>
		<truncated>0</truncated>
		<difficult>0</difficult>
		<bndbox>
			<xmin>10</xmin>
			<ymin>9</ymin>
			<xmax>122</xmax>
			<ymax>102</ymax>
		</bndbox>
	</object>
	<object>
		<name>HeroImage</name>
		<pose>Unspecified</pose>
		<truncated>0</truncated>
		<difficult>0</difficult>
		<bndbox>
			<xmin>117</xmin>
			<ymin>5</ymin>
			<xmax>290</xmax>
			<ymax>247</ymax>
		</bndbox>
	</object>
</annotation>
