<annotation>
	<folder>JPG_Chang</folder>
	<filename>1-md5-04d2c944b8ae55856bb32a3fb49097d1.jpg</filename>
	<path>/Users/cliu/Data/JPG_Chang/1-md5-04d2c944b8ae55856bb32a3fb49097d1.jpg</path>
	<source>
		<database>Unknown</database>
	</source>
	<size>
		<width>728</width>
		<height>90</height>
		<depth>3</depth>
	</size>
	<segmented>0</segmented>
	<object>
		<name>CallToAction</name>
		<pose>Unspecified</pose>
		<truncated>0</truncated>
		<difficult>0</difficult>
		<bndbox>
			<xmin>554</xmin>
			<ymin>7</ymin>
			<xmax>703</xmax>
			<ymax>56</ymax>
		</bndbox>
	</object>
	<object>
		<name>Headline</name>
		<pose>Unspecified</pose>
		<truncated>0</truncated>
		<difficult>0</difficult>
		<bndbox>
			<xmin>320</xmin>
			<ymin>16</ymin>
			<xmax>516</xmax>
			<ymax>80</ymax>
		</bndbox>
	</object>
	<object>
		<name>Logo</name>
		<pose>Unspecified</pose>
		<truncated>0</truncated>
		<difficult>0</difficult>
		<bndbox>
			<xmin>239</xmin>
			<ymin>8</ymin>
			<xmax>314</xmax>
			<ymax>84</ymax>
		</bndbox>
	</object>
	<object>
		<name>Logo2</name>
		<pose>Unspecified</pose>
		<truncated>0</truncated>
		<difficult>0</difficult>
		<bndbox>
			<xmin>16</xmin>
			<ymin>18</ymin>
			<xmax>212</xmax>
			<ymax>73</ymax>
		</bndbox>
	</object>
</annotation>
