<annotation>
	<folder>JPG_Chang</folder>
	<filename>1-md5-0aaa63c910d4afd57cea9057d7ffd78d.jpg</filename>
	<path>/Users/cliu/Data/JPG_Chang/1-md5-0aaa63c910d4afd57cea9057d7ffd78d.jpg</path>
	<source>
		<database>Unknown</database>
	</source>
	<size>
		<width>728</width>
		<height>90</height>
		<depth>3</depth>
	</size>
	<segmented>0</segmented>
	<object>
		<name>Headline</name>
		<pose>Unspecified</pose>
		<truncated>0</truncated>
		<difficult>0</difficult>
		<bndbox>
			<xmin>20</xmin>
			<ymin>25</ymin>
			<xmax>444</xmax>
			<ymax>68</ymax>
		</bndbox>
	</object>
	<object>
		<name>CallToAction</name>
		<pose>Unspecified</pose>
		<truncated>0</truncated>
		<difficult>0</difficult>
		<bndbox>
			<xmin>450</xmin>
			<ymin>19</ymin>
			<xmax>618</xmax>
			<ymax>71</ymax>
		</bndbox>
	</object>
	<object>
		<name>Logo</name>
		<pose>Unspecified</pose>
		<truncated>0</truncated>
		<difficult>0</difficult>
		<bndbox>
			<xmin>624</xmin>
			<ymin>13</ymin>
			<xmax>710</xmax>
			<ymax>75</ymax>
		</bndbox>
	</object>
</annotation>
