<annotation>
	<folder>JPG_Chang</folder>
	<filename>1-md5-02e0d1dbe860b8b1c761985df24a3aaa.jpg</filename>
	<path>/Users/cliu/Data/JPG_Chang/1-md5-02e0d1dbe860b8b1c761985df24a3aaa.jpg</path>
	<source>
		<database>Unknown</database>
	</source>
	<size>
		<width>300</width>
		<height>250</height>
		<depth>3</depth>
	</size>
	<segmented>0</segmented>
	<object>
		<name>HeroImage</name>
		<pose>Unspecified</pose>
		<truncated>0</truncated>
		<difficult>0</difficult>
		<bndbox>
			<xmin>22</xmin>
			<ymin>10</ymin>
			<xmax>141</xmax>
			<ymax>239</ymax>
		</bndbox>
	</object>
	<object>
		<name>Headline</name>
		<pose>Unspecified</pose>
		<truncated>0</truncated>
		<difficult>0</difficult>
		<bndbox>
			<xmin>130</xmin>
			<ymin>35</ymin>
			<xmax>293</xmax>
			<ymax>113</ymax>
		</bndbox>
	</object>
	<object>
		<name>Logo</name>
		<pose>Unspecified</pose>
		<truncated>0</truncated>
		<difficult>0</difficult>
		<bndbox>
			<xmin>228</xmin>
			<ymin>191</ymin>
			<xmax>295</xmax>
			<ymax>232</ymax>
		</bndbox>
	</object>
	<object>
		<name>Disclaimer</name>
		<pose>Unspecified</pose>
		<truncated>1</truncated>
		<difficult>0</difficult>
		<bndbox>
			<xmin>143</xmin>
			<ymin>237</ymin>
			<xmax>300</xmax>
			<ymax>248</ymax>
		</bndbox>
	</object>
</annotation>
