<annotation>
	<folder>JPG_Chang</folder>
	<filename>1-md5-04c5372a74cea6ca73fba702d99aa52f.jpg</filename>
	<path>/Users/cliu/Data/JPG_Chang/1-md5-04c5372a74cea6ca73fba702d99aa52f.jpg</path>
	<source>
		<database>Unknown</database>
	</source>
	<size>
		<width>300</width>
		<height>250</height>
		<depth>3</depth>
	</size>
	<segmented>0</segmented>
	<object>
		<name>HeroImage</name>
		<pose>Unspecified</pose>
		<truncated>1</truncated>
		<difficult>0</difficult>
		<bndbox>
			<xmin>134</xmin>
			<ymin>1</ymin>
			<xmax>300</xmax>
			<ymax>246</ymax>
		</bndbox>
	</object>
	<object>
		<name>CallToAction</name>
		<pose>Unspecified</pose>
		<truncated>0</truncated>
		<difficult>0</difficult>
		<bndbox>
			<xmin>10</xmin>
			<ymin>176</ymin>
			<xmax>129</xmax>
			<ymax>229</ymax>
		</bndbox>
	</object>
	<object>
		<name>Headline</name>
		<pose>Unspecified</pose>
		<truncated>0</truncated>
		<difficult>0</difficult>
		<bndbox>
			<xmin>15</xmin>
			<ymin>68</ymin>
			<xmax>121</xmax>
			<ymax>168</ymax>
		</bndbox>
	</object>
	<object>
		<name>Logo</name>
		<pose>Unspecified</pose>
		<truncated>0</truncated>
		<difficult>0</difficult>
		<bndbox>
			<xmin>17</xmin>
			<ymin>33</ymin>
			<xmax>123</xmax>
			<ymax>53</ymax>
		</bndbox>
	</object>
</annotation>
