<annotation>
	<folder>JPG_Chang</folder>
	<filename>1-md5-05b818b49384eae18b054b7b4ced9cab.jpg</filename>
	<path>/Users/cliu/Data/JPG_Chang/1-md5-05b818b49384eae18b054b7b4ced9cab.jpg</path>
	<source>
		<database>Unknown</database>
	</source>
	<size>
		<width>728</width>
		<height>90</height>
		<depth>3</depth>
	</size>
	<segmented>0</segmented>
	<object>
		<name>CallToAction</name>
		<pose>Unspecified</pose>
		<truncated>0</truncated>
		<difficult>0</difficult>
		<bndbox>
			<xmin>560</xmin>
			<ymin>48</ymin>
			<xmax>691</xmax>
			<ymax>84</ymax>
		</bndbox>
	</object>
	<object>
		<name>Logo</name>
		<pose>Unspecified</pose>
		<truncated>0</truncated>
		<difficult>0</difficult>
		<bndbox>
			<xmin>546</xmin>
			<ymin>13</ymin>
			<xmax>705</xmax>
			<ymax>45</ymax>
		</bndbox>
	</object>
	<object>
		<name>HeroImage</name>
		<pose>Unspecified</pose>
		<truncated>1</truncated>
		<difficult>0</difficult>
		<bndbox>
			<xmin>373</xmin>
			<ymin>7</ymin>
			<xmax>534</xmax>
			<ymax>90</ymax>
		</bndbox>
	</object>
	<object>
		<name>Headline</name>
		<pose>Unspecified</pose>
		<truncated>0</truncated>
		<difficult>0</difficult>
		<bndbox>
			<xmin>10</xmin>
			<ymin>17</ymin>
			<xmax>375</xmax>
			<ymax>70</ymax>
		</bndbox>
	</object>
</annotation>
