<annotation>
	<folder>JPG_Chang</folder>
	<filename>1-md5-04cc574472b1cd8cbad1fa95574be721.jpg</filename>
	<path>/Users/cliu/Data/JPG_Chang/1-md5-04cc574472b1cd8cbad1fa95574be721.jpg</path>
	<source>
		<database>Unknown</database>
	</source>
	<size>
		<width>300</width>
		<height>250</height>
		<depth>3</depth>
	</size>
	<segmented>0</segmented>
	<object>
		<name>Logo</name>
		<pose>Unspecified</pose>
		<truncated>0</truncated>
		<difficult>0</difficult>
		<bndbox>
			<xmin>10</xmin>
			<ymin>15</ymin>
			<xmax>96</xmax>
			<ymax>84</ymax>
		</bndbox>
	</object>
	<object>
		<name>Headline2</name>
		<pose>Unspecified</pose>
		<truncated>0</truncated>
		<difficult>0</difficult>
		<bndbox>
			<xmin>134</xmin>
			<ymin>87</ymin>
			<xmax>257</xmax>
			<ymax>106</ymax>
		</bndbox>
	</object>
	<object>
		<name>Offer</name>
		<pose>Unspecified</pose>
		<truncated>0</truncated>
		<difficult>0</difficult>
		<bndbox>
			<xmin>101</xmin>
			<ymin>8</ymin>
			<xmax>286</xmax>
			<ymax>52</ymax>
		</bndbox>
	</object>
	<object>
		<name>Headline</name>
		<pose>Unspecified</pose>
		<truncated>0</truncated>
		<difficult>0</difficult>
		<bndbox>
			<xmin>99</xmin>
			<ymin>53</ymin>
			<xmax>286</xmax>
			<ymax>89</ymax>
		</bndbox>
	</object>
	<object>
		<name>HeroImage</name>
		<pose>Unspecified</pose>
		<truncated>1</truncated>
		<difficult>0</difficult>
		<bndbox>
			<xmin>1</xmin>
			<ymin>106</ymin>
			<xmax>299</xmax>
			<ymax>250</ymax>
		</bndbox>
	</object>
</annotation>
