<annotation>
	<folder>JPG_Chang</folder>
	<filename>1-md5-00be16b3162f8113d11f8906311e8a70.jpg</filename>
	<path>/Users/cliu/Data/JPG_Chang/1-md5-00be16b3162f8113d11f8906311e8a70.jpg</path>
	<source>
		<database>Unknown</database>
	</source>
	<size>
		<width>300</width>
		<height>250</height>
		<depth>3</depth>
	</size>
	<segmented>0</segmented>
	<object>
		<name>CallToAction</name>
		<pose>Unspecified</pose>
		<truncated>0</truncated>
		<difficult>0</difficult>
		<bndbox>
			<xmin>10</xmin>
			<ymin>212</ymin>
			<xmax>295</xmax>
			<ymax>248</ymax>
		</bndbox>
	</object>
	<object>
		<name>Logo</name>
		<pose>Unspecified</pose>
		<truncated>0</truncated>
		<difficult>0</difficult>
		<bndbox>
			<xmin>11</xmin>
			<ymin>156</ymin>
			<xmax>40</xmax>
			<ymax>191</ymax>
		</bndbox>
	</object>
	<object>
		<name>Headline</name>
		<pose>Unspecified</pose>
		<truncated>0</truncated>
		<difficult>0</difficult>
		<bndbox>
			<xmin>42</xmin>
			<ymin>157</ymin>
			<xmax>285</xmax>
			<ymax>211</ymax>
		</bndbox>
	</object>
	<object>
		<name>Headline2</name>
		<pose>Unspecified</pose>
		<truncated>0</truncated>
		<difficult>0</difficult>
		<bndbox>
			<xmin>58</xmin>
			<ymin>11</ymin>
			<xmax>248</xmax>
			<ymax>63</ymax>
		</bndbox>
	</object>
	<object>
		<name>HeroImage</name>
		<pose>Unspecified</pose>
		<truncated>1</truncated>
		<difficult>0</difficult>
		<bndbox>
			<xmin>1</xmin>
			<ymin>68</ymin>
			<xmax>300</xmax>
			<ymax>150</ymax>
		</bndbox>
	</object>
</annotation>
