<annotation>
	<folder>JPG_Chang</folder>
	<filename>1-md5-04cc067f27f8d81713d10c78f0507ecf.jpg</filename>
	<path>/Users/cliu/Data/JPG_Chang/1-md5-04cc067f27f8d81713d10c78f0507ecf.jpg</path>
	<source>
		<database>Unknown</database>
	</source>
	<size>
		<width>728</width>
		<height>90</height>
		<depth>3</depth>
	</size>
	<segmented>0</segmented>
	<object>
		<name>Logo</name>
		<pose>Unspecified</pose>
		<truncated>1</truncated>
		<difficult>0</difficult>
		<bndbox>
			<xmin>17</xmin>
			<ymin>3</ymin>
			<xmax>154</xmax>
			<ymax>90</ymax>
		</bndbox>
	</object>
	<object>
		<name>CallToAction</name>
		<pose>Unspecified</pose>
		<truncated>0</truncated>
		<difficult>0</difficult>
		<bndbox>
			<xmin>596</xmin>
			<ymin>16</ymin>
			<xmax>712</xmax>
			<ymax>78</ymax>
		</bndbox>
	</object>
	<object>
		<name>Offer</name>
		<pose>Unspecified</pose>
		<truncated>0</truncated>
		<difficult>0</difficult>
		<bndbox>
			<xmin>160</xmin>
			<ymin>20</ymin>
			<xmax>436</xmax>
			<ymax>70</ymax>
		</bndbox>
	</object>
	<object>
		<name>Headline</name>
		<pose>Unspecified</pose>
		<truncated>0</truncated>
		<difficult>0</difficult>
		<bndbox>
			<xmin>469</xmin>
			<ymin>10</ymin>
			<xmax>587</xmax>
			<ymax>63</ymax>
		</bndbox>
	</object>
</annotation>
