<annotation>
	<folder>JPG_Chang</folder>
	<filename>1-md5-02ff1c42521f01ddc961f6e31434f506.jpg</filename>
	<path>/Users/cliu/Data/JPG_Chang/1-md5-02ff1c42521f01ddc961f6e31434f506.jpg</path>
	<source>
		<database>Unknown</database>
	</source>
	<size>
		<width>300</width>
		<height>250</height>
		<depth>3</depth>
	</size>
	<segmented>0</segmented>
	<object>
		<name>Logo</name>
		<pose>Unspecified</pose>
		<truncated>0</truncated>
		<difficult>0</difficult>
		<bndbox>
			<xmin>9</xmin>
			<ymin>192</ymin>
			<xmax>92</xmax>
			<ymax>234</ymax>
		</bndbox>
	</object>
	<object>
		<name>CallToAction</name>
		<pose>Unspecified</pose>
		<truncated>0</truncated>
		<difficult>0</difficult>
		<bndbox>
			<xmin>3</xmin>
			<ymin>83</ymin>
			<xmax>143</xmax>
			<ymax>142</ymax>
		</bndbox>
	</object>
	<object>
		<name>HeroImage</name>
		<pose>Unspecified</pose>
		<truncated>1</truncated>
		<difficult>0</difficult>
		<bndbox>
			<xmin>142</xmin>
			<ymin>70</ymin>
			<xmax>299</xmax>
			<ymax>250</ymax>
		</bndbox>
	</object>
	<object>
		<name>Headline</name>
		<pose>Unspecified</pose>
		<truncated>1</truncated>
		<difficult>0</difficult>
		<bndbox>
			<xmin>3</xmin>
			<ymin>8</ymin>
			<xmax>300</xmax>
			<ymax>73</ymax>
		</bndbox>
	</object>
</annotation>
