<annotation>
	<folder>JPG_Chang</folder>
	<filename>1-md5-005aa7632c5cafa5abf7e65b2b94370e.jpg</filename>
	<path>/Users/cliu/Data/JPG_Chang/1-md5-005aa7632c5cafa5abf7e65b2b94370e.jpg</path>
	<source>
		<database>Unknown</database>
	</source>
	<size>
		<width>728</width>
		<height>90</height>
		<depth>3</depth>
	</size>
	<segmented>0</segmented>
	<object>
		<name>Logo</name>
		<pose>Unspecified</pose>
		<truncated>1</truncated>
		<difficult>0</difficult>
		<bndbox>
			<xmin>19</xmin>
			<ymin>2</ymin>
			<xmax>142</xmax>
			<ymax>90</ymax>
		</bndbox>
	</object>
	<object>
		<name>Headline</name>
		<pose>Unspecified</pose>
		<truncated>0</truncated>
		<difficult>0</difficult>
		<bndbox>
			<xmin>174</xmin>
			<ymin>12</ymin>
			<xmax>566</xmax>
			<ymax>77</ymax>
		</bndbox>
	</object>
	<object>
		<name>Logo</name>
		<pose>Unspecified</pose>
		<truncated>0</truncated>
		<difficult>0</difficult>
		<bndbox>
			<xmin>595</xmin>
			<ymin>17</ymin>
			<xmax>701</xmax>
			<ymax>71</ymax>
		</bndbox>
	</object>
</annotation>
