<annotation>
	<folder>JPG_Chang</folder>
	<filename>1-md5-05a0b3b55acdb0220ca895c6087b5148.jpg</filename>
	<path>/Users/cliu/Data/JPG_Chang/1-md5-05a0b3b55acdb0220ca895c6087b5148.jpg</path>
	<source>
		<database>Unknown</database>
	</source>
	<size>
		<width>728</width>
		<height>90</height>
		<depth>3</depth>
	</size>
	<segmented>0</segmented>
	<object>
		<name>Logo</name>
		<pose>Unspecified</pose>
		<truncated>0</truncated>
		<difficult>0</difficult>
		<bndbox>
			<xmin>12</xmin>
			<ymin>13</ymin>
			<xmax>215</xmax>
			<ymax>76</ymax>
		</bndbox>
	</object>
	<object>
		<name>HeroImage</name>
		<pose>Unspecified</pose>
		<truncated>1</truncated>
		<difficult>0</difficult>
		<bndbox>
			<xmin>217</xmin>
			<ymin>3</ymin>
			<xmax>335</xmax>
			<ymax>90</ymax>
		</bndbox>
	</object>
	<object>
		<name>Headline</name>
		<pose>Unspecified</pose>
		<truncated>0</truncated>
		<difficult>0</difficult>
		<bndbox>
			<xmin>341</xmin>
			<ymin>15</ymin>
			<xmax>569</xmax>
			<ymax>75</ymax>
		</bndbox>
	</object>
	<object>
		<name>CallToAction</name>
		<pose>Unspecified</pose>
		<truncated>0</truncated>
		<difficult>0</difficult>
		<bndbox>
			<xmin>575</xmin>
			<ymin>13</ymin>
			<xmax>722</xmax>
			<ymax>83</ymax>
		</bndbox>
	</object>
</annotation>
