<annotation>
	<folder>JPG_Chang</folder>
	<filename>1-md5-00fb64dfd6b4d4fe8c7d729221035f26.jpg</filename>
	<path>/Users/cliu/Data/JPG_Chang/1-md5-00fb64dfd6b4d4fe8c7d729221035f26.jpg</path>
	<source>
		<database>Unknown</database>
	</source>
	<size>
		<width>300</width>
		<height>250</height>
		<depth>3</depth>
	</size>
	<segmented>0</segmented>
	<object>
		<name>CallToAction</name>
		<pose>Unspecified</pose>
		<truncated>0</truncated>
		<difficult>0</difficult>
		<bndbox>
			<xmin>53</xmin>
			<ymin>186</ymin>
			<xmax>249</xmax>
			<ymax>232</ymax>
		</bndbox>
	</object>
	<object>
		<name>HeroImage</name>
		<pose>Unspecified</pose>
		<truncated>0</truncated>
		<difficult>0</difficult>
		<bndbox>
			<xmin>10</xmin>
			<ymin>97</ymin>
			<xmax>289</xmax>
			<ymax>171</ymax>
		</bndbox>
	</object>
	<object>
		<name>Headline</name>
		<pose>Unspecified</pose>
		<truncated>0</truncated>
		<difficult>0</difficult>
		<bndbox>
			<xmin>19</xmin>
			<ymin>24</ymin>
			<xmax>287</xmax>
			<ymax>98</ymax>
		</bndbox>
	</object>
</annotation>
