<annotation>
	<folder>JPG_Chang</folder>
	<filename>1-md5-03d3f27149eba62e3a2825583b2a78fe.jpg</filename>
	<path>/Users/cliu/Data/JPG_Chang/1-md5-03d3f27149eba62e3a2825583b2a78fe.jpg</path>
	<source>
		<database>Unknown</database>
	</source>
	<size>
		<width>300</width>
		<height>250</height>
		<depth>3</depth>
	</size>
	<segmented>0</segmented>
	<object>
		<name>CallToAction</name>
		<pose>Unspecified</pose>
		<truncated>0</truncated>
		<difficult>0</difficult>
		<bndbox>
			<xmin>200</xmin>
			<ymin>136</ymin>
			<xmax>297</xmax>
			<ymax>176</ymax>
		</bndbox>
	</object>
	<object>
		<name>Headline</name>
		<pose>Unspecified</pose>
		<truncated>0</truncated>
		<difficult>0</difficult>
		<bndbox>
			<xmin>63</xmin>
			<ymin>64</ymin>
			<xmax>283</xmax>
			<ymax>121</ymax>
		</bndbox>
	</object>
	<object>
		<name>Logo</name>
		<pose>Unspecified</pose>
		<truncated>0</truncated>
		<difficult>0</difficult>
		<bndbox>
			<xmin>6</xmin>
			<ymin>7</ymin>
			<xmax>34</xmax>
			<ymax>31</ymax>
		</bndbox>
	</object>
	<object>
		<name>Logo2</name>
		<pose>Unspecified</pose>
		<truncated>1</truncated>
		<difficult>0</difficult>
		<bndbox>
			<xmin>134</xmin>
			<ymin>1</ymin>
			<xmax>297</xmax>
			<ymax>37</ymax>
		</bndbox>
	</object>
	<object>
		<name>Logo3</name>
		<pose>Unspecified</pose>
		<truncated>0</truncated>
		<difficult>0</difficult>
		<bndbox>
			<xmin>178</xmin>
			<ymin>199</ymin>
			<xmax>294</xmax>
			<ymax>226</ymax>
		</bndbox>
	</object>
</annotation>
