<annotation>
	<folder>JPG_Chang</folder>
	<filename>1-md5-0a4fc589f7e14151c74117f2564d5ab8.jpg</filename>
	<path>/Users/cliu/Data/JPG_Chang/1-md5-0a4fc589f7e14151c74117f2564d5ab8.jpg</path>
	<source>
		<database>Unknown</database>
	</source>
	<size>
		<width>300</width>
		<height>250</height>
		<depth>3</depth>
	</size>
	<segmented>0</segmented>
	<object>
		<name>CallToAction</name>
		<pose>Unspecified</pose>
		<truncated>0</truncated>
		<difficult>0</difficult>
		<bndbox>
			<xmin>62</xmin>
			<ymin>187</ymin>
			<xmax>240</xmax>
			<ymax>234</ymax>
		</bndbox>
	</object>
	<object>
		<name>Headline</name>
		<pose>Unspecified</pose>
		<truncated>0</truncated>
		<difficult>0</difficult>
		<bndbox>
			<xmin>17</xmin>
			<ymin>56</ymin>
			<xmax>280</xmax>
			<ymax>103</ymax>
		</bndbox>
	</object>
	<object>
		<name>Logo</name>
		<pose>Unspecified</pose>
		<truncated>0</truncated>
		<difficult>0</difficult>
		<bndbox>
			<xmin>102</xmin>
			<ymin>12</ymin>
			<xmax>200</xmax>
			<ymax>33</ymax>
		</bndbox>
	</object>
	<object>
		<name>HeroImage</name>
		<pose>Unspecified</pose>
		<truncated>1</truncated>
		<difficult>0</difficult>
		<bndbox>
			<xmin>1</xmin>
			<ymin>108</ymin>
			<xmax>299</xmax>
			<ymax>190</ymax>
		</bndbox>
	</object>
</annotation>
