<annotation>
	<folder>JPG_Chang</folder>
	<filename>1-md5-01dccc52f42f6d09c0fcd9c8dcc9a24d.jpg</filename>
	<path>/Users/cliu/Data/JPG_Chang/1-md5-01dccc52f42f6d09c0fcd9c8dcc9a24d.jpg</path>
	<source>
		<database>Unknown</database>
	</source>
	<size>
		<width>160</width>
		<height>600</height>
		<depth>3</depth>
	</size>
	<segmented>0</segmented>
	<object>
		<name>CallToAction</name>
		<pose>Unspecified</pose>
		<truncated>1</truncated>
		<difficult>0</difficult>
		<bndbox>
			<xmin>1</xmin>
			<ymin>89</ymin>
			<xmax>160</xmax>
			<ymax>364</ymax>
		</bndbox>
	</object>
	<object>
		<name>Logo</name>
		<pose>Unspecified</pose>
		<truncated>0</truncated>
		<difficult>0</difficult>
		<bndbox>
			<xmin>18</xmin>
			<ymin>380</ymin>
			<xmax>150</xmax>
			<ymax>425</ymax>
		</bndbox>
	</object>
	<object>
		<name>Headline</name>
		<pose>Unspecified</pose>
		<truncated>0</truncated>
		<difficult>0</difficult>
		<bndbox>
			<xmin>2</xmin>
			<ymin>460</ymin>
			<xmax>156</xmax>
			<ymax>511</ymax>
		</bndbox>
	</object>
	<object>
		<name>CallToAction</name>
		<pose>Unspecified</pose>
		<truncated>0</truncated>
		<difficult>0</difficult>
		<bndbox>
			<xmin>12</xmin>
			<ymin>545</ymin>
			<xmax>147</xmax>
			<ymax>595</ymax>
		</bndbox>
	</object>
	<object>
		<name>Logo2</name>
		<pose>Unspecified</pose>
		<truncated>0</truncated>
		<difficult>0</difficult>
		<bndbox>
			<xmin>3</xmin>
			<ymin>15</ymin>
			<xmax>154</xmax>
			<ymax>73</ymax>
		</bndbox>
	</object>
</annotation>
