<annotation>
	<folder>JPG_Chang</folder>
	<filename>1-md5-0a3cfc350ecb8fe4a5fd4c430ef7b85b.jpg</filename>
	<path>/Users/cliu/Data/JPG_Chang/1-md5-0a3cfc350ecb8fe4a5fd4c430ef7b85b.jpg</path>
	<source>
		<database>Unknown</database>
	</source>
	<size>
		<width>728</width>
		<height>90</height>
		<depth>3</depth>
	</size>
	<segmented>0</segmented>
	<object>
		<name>CallToAction</name>
		<pose>Unspecified</pose>
		<truncated>0</truncated>
		<difficult>0</difficult>
		<bndbox>
			<xmin>481</xmin>
			<ymin>16</ymin>
			<xmax>604</xmax>
			<ymax>74</ymax>
		</bndbox>
	</object>
	<object>
		<name>Logo</name>
		<pose>Unspecified</pose>
		<truncated>0</truncated>
		<difficult>0</difficult>
		<bndbox>
			<xmin>618</xmin>
			<ymin>16</ymin>
			<xmax>702</xmax>
			<ymax>74</ymax>
		</bndbox>
	</object>
	<object>
		<name>Headline</name>
		<pose>Unspecified</pose>
		<truncated>0</truncated>
		<difficult>0</difficult>
		<bndbox>
			<xmin>248</xmin>
			<ymin>17</ymin>
			<xmax>460</xmax>
			<ymax>78</ymax>
		</bndbox>
	</object>
	<object>
		<name>Logo2</name>
		<pose>Unspecified</pose>
		<truncated>1</truncated>
		<difficult>0</difficult>
		<bndbox>
			<xmin>12</xmin>
			<ymin>1</ymin>
			<xmax>241</xmax>
			<ymax>90</ymax>
		</bndbox>
	</object>
</annotation>
