<annotation>
	<folder>JPG_Chang</folder>
	<filename>1-md5-0a1806dfc5668914868e32b35eff3795.jpg</filename>
	<path>/Users/cliu/Data/JPG_Chang/1-md5-0a1806dfc5668914868e32b35eff3795.jpg</path>
	<source>
		<database>Unknown</database>
	</source>
	<size>
		<width>300</width>
		<height>250</height>
		<depth>3</depth>
	</size>
	<segmented>0</segmented>
	<object>
		<name>Headline</name>
		<pose>Unspecified</pose>
		<truncated>0</truncated>
		<difficult>0</difficult>
		<bndbox>
			<xmin>20</xmin>
			<ymin>120</ymin>
			<xmax>283</xmax>
			<ymax>182</ymax>
		</bndbox>
	</object>
	<object>
		<name>CallToAction</name>
		<pose>Unspecified</pose>
		<truncated>0</truncated>
		<difficult>0</difficult>
		<bndbox>
			<xmin>19</xmin>
			<ymin>189</ymin>
			<xmax>241</xmax>
			<ymax>232</ymax>
		</bndbox>
	</object>
	<object>
		<name>HeroImage</name>
		<pose>Unspecified</pose>
		<truncated>1</truncated>
		<difficult>0</difficult>
		<bndbox>
			<xmin>1</xmin>
			<ymin>1</ymin>
			<xmax>300</xmax>
			<ymax>106</ymax>
		</bndbox>
	</object>
</annotation>
