<annotation>
	<folder>JPG_Chang</folder>
	<filename>1-md5-00ec6ddf2e743ae4fa31dfe430cb809d.jpg</filename>
	<path>/Users/cliu/Data/JPG_Chang/1-md5-00ec6ddf2e743ae4fa31dfe430cb809d.jpg</path>
	<source>
		<database>Unknown</database>
	</source>
	<size>
		<width>160</width>
		<height>600</height>
		<depth>3</depth>
	</size>
	<segmented>0</segmented>
	<object>
		<name>CallToAction</name>
		<pose>Unspecified</pose>
		<truncated>0</truncated>
		<difficult>0</difficult>
		<bndbox>
			<xmin>8</xmin>
			<ymin>328</ymin>
			<xmax>149</xmax>
			<ymax>374</ymax>
		</bndbox>
	</object>
	<object>
		<name>HeroImage</name>
		<pose>Unspecified</pose>
		<truncated>0</truncated>
		<difficult>0</difficult>
		<bndbox>
			<xmin>7</xmin>
			<ymin>379</ymin>
			<xmax>150</xmax>
			<ymax>547</ymax>
		</bndbox>
	</object>
	<object>
		<name>Logo</name>
		<pose>Unspecified</pose>
		<truncated>0</truncated>
		<difficult>0</difficult>
		<bndbox>
			<xmin>13</xmin>
			<ymin>553</ymin>
			<xmax>149</xmax>
			<ymax>586</ymax>
		</bndbox>
	</object>
	<object>
		<name>Headline</name>
		<pose>Unspecified</pose>
		<truncated>0</truncated>
		<difficult>0</difficult>
		<bndbox>
			<xmin>7</xmin>
			<ymin>18</ymin>
			<xmax>158</xmax>
			<ymax>208</ymax>
		</bndbox>
	</object>
	<object>
		<name>Headline2</name>
		<pose>Unspecified</pose>
		<truncated>0</truncated>
		<difficult>0</difficult>
		<bndbox>
			<xmin>4</xmin>
			<ymin>218</ymin>
			<xmax>153</xmax>
			<ymax>307</ymax>
		</bndbox>
	</object>
</annotation>
