<annotation>
	<folder>JPG_Chang</folder>
	<filename>1-md5-05e12b32f6183f34c747388ea13b3c35.jpg</filename>
	<path>/Users/cliu/Data/JPG_Chang/1-md5-05e12b32f6183f34c747388ea13b3c35.jpg</path>
	<source>
		<database>Unknown</database>
	</source>
	<size>
		<width>160</width>
		<height>600</height>
		<depth>3</depth>
	</size>
	<segmented>0</segmented>
	<object>
		<name>Logo</name>
		<pose>Unspecified</pose>
		<truncated>0</truncated>
		<difficult>0</difficult>
		<bndbox>
			<xmin>22</xmin>
			<ymin>46</ymin>
			<xmax>135</xmax>
			<ymax>89</ymax>
		</bndbox>
	</object>
	<object>
		<name>Offer</name>
		<pose>Unspecified</pose>
		<truncated>0</truncated>
		<difficult>0</difficult>
		<bndbox>
			<xmin>17</xmin>
			<ymin>255</ymin>
			<xmax>141</xmax>
			<ymax>370</ymax>
		</bndbox>
	</object>
	<object>
		<name>CallToAction</name>
		<pose>Unspecified</pose>
		<truncated>0</truncated>
		<difficult>0</difficult>
		<bndbox>
			<xmin>26</xmin>
			<ymin>417</ymin>
			<xmax>141</xmax>
			<ymax>464</ymax>
		</bndbox>
	</object>
	<object>
		<name>Disclaimer</name>
		<pose>Unspecified</pose>
		<truncated>0</truncated>
		<difficult>0</difficult>
		<bndbox>
			<xmin>32</xmin>
			<ymin>561</ymin>
			<xmax>127</xmax>
			<ymax>579</ymax>
		</bndbox>
	</object>
	<object>
		<name>Headline</name>
		<pose>Unspecified</pose>
		<truncated>0</truncated>
		<difficult>0</difficult>
		<bndbox>
			<xmin>33</xmin>
			<ymin>138</ymin>
			<xmax>134</xmax>
			<ymax>214</ymax>
		</bndbox>
	</object>
</annotation>
