<annotation>
	<folder>JPG_Chang</folder>
	<filename>1-md5-0ab380ce4d695e231e8e1681307a7f32.jpg</filename>
	<path>/Users/cliu/Data/JPG_Chang/1-md5-0ab380ce4d695e231e8e1681307a7f32.jpg</path>
	<source>
		<database>Unknown</database>
	</source>
	<size>
		<width>300</width>
		<height>250</height>
		<depth>3</depth>
	</size>
	<segmented>0</segmented>
	<object>
		<name>HeroImage</name>
		<pose>Unspecified</pose>
		<truncated>0</truncated>
		<difficult>0</difficult>
		<bndbox>
			<xmin>8</xmin>
			<ymin>27</ymin>
			<xmax>124</xmax>
			<ymax>235</ymax>
		</bndbox>
	</object>
	<object>
		<name>Headline2</name>
		<pose>Unspecified</pose>
		<truncated>0</truncated>
		<difficult>0</difficult>
		<bndbox>
			<xmin>159</xmin>
			<ymin>127</ymin>
			<xmax>261</xmax>
			<ymax>150</ymax>
		</bndbox>
	</object>
	<object>
		<name>Headline</name>
		<pose>Unspecified</pose>
		<truncated>0</truncated>
		<difficult>0</difficult>
		<bndbox>
			<xmin>123</xmin>
			<ymin>87</ymin>
			<xmax>296</xmax>
			<ymax>127</ymax>
		</bndbox>
	</object>
	<object>
		<name>CallToAction</name>
		<pose>Unspecified</pose>
		<truncated>0</truncated>
		<difficult>0</difficult>
		<bndbox>
			<xmin>168</xmin>
			<ymin>208</ymin>
			<xmax>253</xmax>
			<ymax>240</ymax>
		</bndbox>
	</object>
	<object>
		<name>Offer</name>
		<pose>Unspecified</pose>
		<truncated>0</truncated>
		<difficult>0</difficult>
		<bndbox>
			<xmin>181</xmin>
			<ymin>3</ymin>
			<xmax>236</xmax>
			<ymax>33</ymax>
		</bndbox>
	</object>
</annotation>
