<annotation>
	<folder>JPG_Chang</folder>
	<filename>1-md5-03ee07eb12e9ff679f22566dd32f1597.jpg</filename>
	<path>/Users/cliu/Data/JPG_Chang/1-md5-03ee07eb12e9ff679f22566dd32f1597.jpg</path>
	<source>
		<database>Unknown</database>
	</source>
	<size>
		<width>728</width>
		<height>90</height>
		<depth>3</depth>
	</size>
	<segmented>0</segmented>
	<object>
		<name>Logo</name>
		<pose>Unspecified</pose>
		<truncated>0</truncated>
		<difficult>0</difficult>
		<bndbox>
			<xmin>626</xmin>
			<ymin>12</ymin>
			<xmax>714</xmax>
			<ymax>82</ymax>
		</bndbox>
	</object>
	<object>
		<name>HeroImage</name>
		<pose>Unspecified</pose>
		<truncated>0</truncated>
		<difficult>0</difficult>
		<bndbox>
			<xmin>390</xmin>
			<ymin>7</ymin>
			<xmax>585</xmax>
			<ymax>83</ymax>
		</bndbox>
	</object>
	<object>
		<name>CallToAction</name>
		<pose>Unspecified</pose>
		<truncated>0</truncated>
		<difficult>0</difficult>
		<bndbox>
			<xmin>66</xmin>
			<ymin>44</ymin>
			<xmax>294</xmax>
			<ymax>79</ymax>
		</bndbox>
	</object>
	<object>
		<name>Headline</name>
		<pose>Unspecified</pose>
		<truncated>0</truncated>
		<difficult>0</difficult>
		<bndbox>
			<xmin>14</xmin>
			<ymin>9</ymin>
			<xmax>346</xmax>
			<ymax>45</ymax>
		</bndbox>
	</object>
</annotation>
