<annotation>
	<folder>JPG_Chang</folder>
	<filename>1-md5-00c74648bead8571f9b6dcb147ea2478.jpg</filename>
	<path>/Users/cliu/Data/JPG_Chang/1-md5-00c74648bead8571f9b6dcb147ea2478.jpg</path>
	<source>
		<database>Unknown</database>
	</source>
	<size>
		<width>728</width>
		<height>90</height>
		<depth>3</depth>
	</size>
	<segmented>0</segmented>
	<object>
		<name>Logo</name>
		<pose>Unspecified</pose>
		<truncated>0</truncated>
		<difficult>0</difficult>
		<bndbox>
			<xmin>617</xmin>
			<ymin>18</ymin>
			<xmax>708</xmax>
			<ymax>72</ymax>
		</bndbox>
	</object>
	<object>
		<name>HeroImage</name>
		<pose>Unspecified</pose>
		<truncated>1</truncated>
		<difficult>0</difficult>
		<bndbox>
			<xmin>364</xmin>
			<ymin>2</ymin>
			<xmax>592</xmax>
			<ymax>90</ymax>
		</bndbox>
	</object>
	<object>
		<name>Logo</name>
		<pose>Unspecified</pose>
		<truncated>0</truncated>
		<difficult>0</difficult>
		<bndbox>
			<xmin>6</xmin>
			<ymin>5</ymin>
			<xmax>280</xmax>
			<ymax>70</ymax>
		</bndbox>
	</object>
	<object>
		<name>Headline</name>
		<pose>Unspecified</pose>
		<truncated>0</truncated>
		<difficult>0</difficult>
		<bndbox>
			<xmin>5</xmin>
			<ymin>70</ymin>
			<xmax>362</xmax>
			<ymax>88</ymax>
		</bndbox>
	</object>
</annotation>
