<annotation>
	<folder>JPG_Chang</folder>
	<filename>1-md5-04eae696d5918a137ee4aba0beb3f220.jpg</filename>
	<path>/Users/cliu/Data/JPG_Chang/1-md5-04eae696d5918a137ee4aba0beb3f220.jpg</path>
	<source>
		<database>Unknown</database>
	</source>
	<size>
		<width>160</width>
		<height>600</height>
		<depth>3</depth>
	</size>
	<segmented>0</segmented>
	<object>
		<name>HeroImage</name>
		<pose>Unspecified</pose>
		<truncated>1</truncated>
		<difficult>0</difficult>
		<bndbox>
			<xmin>4</xmin>
			<ymin>200</ymin>
			<xmax>160</xmax>
			<ymax>511</ymax>
		</bndbox>
	</object>
	<object>
		<name>Logo</name>
		<pose>Unspecified</pose>
		<truncated>0</truncated>
		<difficult>0</difficult>
		<bndbox>
			<xmin>49</xmin>
			<ymin>562</ymin>
			<xmax>114</xmax>
			<ymax>582</ymax>
		</bndbox>
	</object>
	<object>
		<name>CallToAction</name>
		<pose>Unspecified</pose>
		<truncated>0</truncated>
		<difficult>0</difficult>
		<bndbox>
			<xmin>12</xmin>
			<ymin>153</ymin>
			<xmax>140</xmax>
			<ymax>196</ymax>
		</bndbox>
	</object>
	<object>
		<name>Headline</name>
		<pose>Unspecified</pose>
		<truncated>0</truncated>
		<difficult>0</difficult>
		<bndbox>
			<xmin>16</xmin>
			<ymin>63</ymin>
			<xmax>137</xmax>
			<ymax>127</ymax>
		</bndbox>
	</object>
	<object>
		<name>Logo</name>
		<pose>Unspecified</pose>
		<truncated>1</truncated>
		<difficult>0</difficult>
		<bndbox>
			<xmin>38</xmin>
			<ymin>1</ymin>
			<xmax>131</xmax>
			<ymax>48</ymax>
		</bndbox>
	</object>
</annotation>
