<annotation>
	<folder>JPG_Chang</folder>
	<filename>1-md5-06ccd457e8fb0fca4c3dd1d31319e651.jpg</filename>
	<path>/Users/cliu/Data/JPG_Chang/1-md5-06ccd457e8fb0fca4c3dd1d31319e651.jpg</path>
	<source>
		<database>Unknown</database>
	</source>
	<size>
		<width>300</width>
		<height>250</height>
		<depth>3</depth>
	</size>
	<segmented>0</segmented>
	<object>
		<name>Logo</name>
		<pose>Unspecified</pose>
		<truncated>0</truncated>
		<difficult>0</difficult>
		<bndbox>
			<xmin>8</xmin>
			<ymin>9</ymin>
			<xmax>114</xmax>
			<ymax>30</ymax>
		</bndbox>
	</object>
	<object>
		<name>Logo2</name>
		<pose>Unspecified</pose>
		<truncated>0</truncated>
		<difficult>0</difficult>
		<bndbox>
			<xmin>119</xmin>
			<ymin>9</ymin>
			<xmax>184</xmax>
			<ymax>28</ymax>
		</bndbox>
	</object>
	<object>
		<name>Logo3</name>
		<pose>Unspecified</pose>
		<truncated>0</truncated>
		<difficult>0</difficult>
		<bndbox>
			<xmin>206</xmin>
			<ymin>9</ymin>
			<xmax>292</xmax>
			<ymax>32</ymax>
		</bndbox>
	</object>
	<object>
		<name>Headline</name>
		<pose>Unspecified</pose>
		<truncated>0</truncated>
		<difficult>0</difficult>
		<bndbox>
			<xmin>6</xmin>
			<ymin>37</ymin>
			<xmax>296</xmax>
			<ymax>101</ymax>
		</bndbox>
	</object>
	<object>
		<name>HeroImage</name>
		<pose>Unspecified</pose>
		<truncated>0</truncated>
		<difficult>0</difficult>
		<bndbox>
			<xmin>6</xmin>
			<ymin>101</ymin>
			<xmax>299</xmax>
			<ymax>210</ymax>
		</bndbox>
	</object>
</annotation>
