<annotation>
	<folder>JPG_Chang</folder>
	<filename>1-md5-02c0c02c9b37fbd10a54c3d37fb81a30.jpg</filename>
	<path>/Users/cliu/Data/JPG_Chang/1-md5-02c0c02c9b37fbd10a54c3d37fb81a30.jpg</path>
	<source>
		<database>Unknown</database>
	</source>
	<size>
		<width>160</width>
		<height>600</height>
		<depth>3</depth>
	</size>
	<segmented>0</segmented>
	<object>
		<name>Headline</name>
		<pose>Unspecified</pose>
		<truncated>0</truncated>
		<difficult>0</difficult>
		<bndbox>
			<xmin>7</xmin>
			<ymin>347</ymin>
			<xmax>149</xmax>
			<ymax>508</ymax>
		</bndbox>
	</object>
	<object>
		<name>CallToAction</name>
		<pose>Unspecified</pose>
		<truncated>0</truncated>
		<difficult>0</difficult>
		<bndbox>
			<xmin>8</xmin>
			<ymin>538</ymin>
			<xmax>151</xmax>
			<ymax>595</ymax>
		</bndbox>
	</object>
</annotation>
