<annotation>
	<folder>JPG_Chang</folder>
	<filename>1-md5-04d761663bf723f6dfffe2ea448f2001.jpg</filename>
	<path>/Users/cliu/Data/JPG_Chang/1-md5-04d761663bf723f6dfffe2ea448f2001.jpg</path>
	<source>
		<database>Unknown</database>
	</source>
	<size>
		<width>300</width>
		<height>250</height>
		<depth>3</depth>
	</size>
	<segmented>0</segmented>
	<object>
		<name>CallToAction</name>
		<pose>Unspecified</pose>
		<truncated>0</truncated>
		<difficult>0</difficult>
		<bndbox>
			<xmin>6</xmin>
			<ymin>202</ymin>
			<xmax>152</xmax>
			<ymax>245</ymax>
		</bndbox>
	</object>
	<object>
		<name>Logo</name>
		<pose>Unspecified</pose>
		<truncated>0</truncated>
		<difficult>0</difficult>
		<bndbox>
			<xmin>160</xmin>
			<ymin>208</ymin>
			<xmax>295</xmax>
			<ymax>244</ymax>
		</bndbox>
	</object>
	<object>
		<name>HeroImage</name>
		<pose>Unspecified</pose>
		<truncated>0</truncated>
		<difficult>0</difficult>
		<bndbox>
			<xmin>133</xmin>
			<ymin>8</ymin>
			<xmax>293</xmax>
			<ymax>206</ymax>
		</bndbox>
	</object>
	<object>
		<name>Logo</name>
		<pose>Unspecified</pose>
		<truncated>0</truncated>
		<difficult>0</difficult>
		<bndbox>
			<xmin>5</xmin>
			<ymin>8</ymin>
			<xmax>132</xmax>
			<ymax>84</ymax>
		</bndbox>
	</object>
	<object>
		<name>Headline</name>
		<pose>Unspecified</pose>
		<truncated>0</truncated>
		<difficult>0</difficult>
		<bndbox>
			<xmin>7</xmin>
			<ymin>92</ymin>
			<xmax>132</xmax>
			<ymax>174</ymax>
		</bndbox>
	</object>
</annotation>
