<annotation>
	<folder>JPG_Chang</folder>
	<filename>1-md5-06ab7f75969c9433cd91f1e221429b9c.jpg</filename>
	<path>/Users/cliu/Data/JPG_Chang/1-md5-06ab7f75969c9433cd91f1e221429b9c.jpg</path>
	<source>
		<database>Unknown</database>
	</source>
	<size>
		<width>728</width>
		<height>90</height>
		<depth>3</depth>
	</size>
	<segmented>0</segmented>
	<object>
		<name>HeroImage</name>
		<pose>Unspecified</pose>
		<truncated>1</truncated>
		<difficult>0</difficult>
		<bndbox>
			<xmin>346</xmin>
			<ymin>1</ymin>
			<xmax>451</xmax>
			<ymax>90</ymax>
		</bndbox>
	</object>
	<object>
		<name>Headline</name>
		<pose>Unspecified</pose>
		<truncated>0</truncated>
		<difficult>0</difficult>
		<bndbox>
			<xmin>18</xmin>
			<ymin>18</ymin>
			<xmax>345</xmax>
			<ymax>72</ymax>
		</bndbox>
	</object>
	<object>
		<name>Logo</name>
		<pose>Unspecified</pose>
		<truncated>0</truncated>
		<difficult>0</difficult>
		<bndbox>
			<xmin>462</xmin>
			<ymin>4</ymin>
			<xmax>698</xmax>
			<ymax>73</ymax>
		</bndbox>
	</object>
	<object>
		<name>Disclaimer</name>
		<pose>Unspecified</pose>
		<truncated>0</truncated>
		<difficult>0</difficult>
		<bndbox>
			<xmin>503</xmin>
			<ymin>75</ymin>
			<xmax>658</xmax>
			<ymax>87</ymax>
		</bndbox>
	</object>
</annotation>
