<annotation>
	<folder>JPG_Chang</folder>
	<filename>1-md5-00bacf2629a964e86e3467cb991e1499.jpg</filename>
	<path>/Users/cliu/Data/JPG_Chang/1-md5-00bacf2629a964e86e3467cb991e1499.jpg</path>
	<source>
		<database>Unknown</database>
	</source>
	<size>
		<width>728</width>
		<height>90</height>
		<depth>3</depth>
	</size>
	<segmented>0</segmented>
	<object>
		<name>Logo</name>
		<pose>Unspecified</pose>
		<truncated>0</truncated>
		<difficult>0</difficult>
		<bndbox>
			<xmin>14</xmin>
			<ymin>11</ymin>
			<xmax>119</xmax>
			<ymax>82</ymax>
		</bndbox>
	</object>
	<object>
		<name>CallToAction</name>
		<pose>Unspecified</pose>
		<truncated>0</truncated>
		<difficult>0</difficult>
		<bndbox>
			<xmin>587</xmin>
			<ymin>43</ymin>
			<xmax>723</xmax>
			<ymax>83</ymax>
		</bndbox>
	</object>
	<object>
		<name>Headline</name>
		<pose>Unspecified</pose>
		<truncated>0</truncated>
		<difficult>0</difficult>
		<bndbox>
			<xmin>144</xmin>
			<ymin>13</ymin>
			<xmax>562</xmax>
			<ymax>77</ymax>
		</bndbox>
	</object>
</annotation>
