<annotation>
	<folder>JPG_Chang</folder>
	<filename>1-md5-03f2f9b1e92daa6d6448abc1c546f09a.jpg</filename>
	<path>/Users/cliu/Data/JPG_Chang/1-md5-03f2f9b1e92daa6d6448abc1c546f09a.jpg</path>
	<source>
		<database>Unknown</database>
	</source>
	<size>
		<width>300</width>
		<height>250</height>
		<depth>3</depth>
	</size>
	<segmented>0</segmented>
	<object>
		<name>HeroImage</name>
		<pose>Unspecified</pose>
		<truncated>0</truncated>
		<difficult>0</difficult>
		<bndbox>
			<xmin>87</xmin>
			<ymin>42</ymin>
			<xmax>207</xmax>
			<ymax>132</ymax>
		</bndbox>
	</object>
	<object>
		<name>CallToAction</name>
		<pose>Unspecified</pose>
		<truncated>0</truncated>
		<difficult>0</difficult>
		<bndbox>
			<xmin>90</xmin>
			<ymin>191</ymin>
			<xmax>210</xmax>
			<ymax>242</ymax>
		</bndbox>
	</object>
	<object>
		<name>Offer</name>
		<pose>Unspecified</pose>
		<truncated>0</truncated>
		<difficult>0</difficult>
		<bndbox>
			<xmin>57</xmin>
			<ymin>164</ymin>
			<xmax>245</xmax>
			<ymax>183</ymax>
		</bndbox>
	</object>
	<object>
		<name>Headline</name>
		<pose>Unspecified</pose>
		<truncated>0</truncated>
		<difficult>0</difficult>
		<bndbox>
			<xmin>19</xmin>
			<ymin>134</ymin>
			<xmax>282</xmax>
			<ymax>165</ymax>
		</bndbox>
	</object>
	<object>
		<name>Logo</name>
		<pose>Unspecified</pose>
		<truncated>0</truncated>
		<difficult>0</difficult>
		<bndbox>
			<xmin>81</xmin>
			<ymin>5</ymin>
			<xmax>218</xmax>
			<ymax>29</ymax>
		</bndbox>
	</object>
</annotation>
