<annotation>
	<folder>JPG_Chang</folder>
	<filename>1-md5-00a23131be7c70625b6a2d98c966a512.jpg</filename>
	<path>/Users/cliu/Data/JPG_Chang/1-md5-00a23131be7c70625b6a2d98c966a512.jpg</path>
	<source>
		<database>Unknown</database>
	</source>
	<size>
		<width>300</width>
		<height>250</height>
		<depth>3</depth>
	</size>
	<segmented>0</segmented>
	<object>
		<name>CallToAction</name>
		<pose>Unspecified</pose>
		<truncated>0</truncated>
		<difficult>0</difficult>
		<bndbox>
			<xmin>12</xmin>
			<ymin>156</ymin>
			<xmax>115</xmax>
			<ymax>198</ymax>
		</bndbox>
	</object>
	<object>
		<name>Logo</name>
		<pose>Unspecified</pose>
		<truncated>0</truncated>
		<difficult>0</difficult>
		<bndbox>
			<xmin>13</xmin>
			<ymin>201</ymin>
			<xmax>96</xmax>
			<ymax>242</ymax>
		</bndbox>
	</object>
	<object>
		<name>Headline</name>
		<pose>Unspecified</pose>
		<truncated>0</truncated>
		<difficult>0</difficult>
		<bndbox>
			<xmin>12</xmin>
			<ymin>90</ymin>
			<xmax>243</xmax>
			<ymax>149</ymax>
		</bndbox>
	</object>
	<object>
		<name>Headline2</name>
		<pose>Unspecified</pose>
		<truncated>0</truncated>
		<difficult>0</difficult>
		<bndbox>
			<xmin>11</xmin>
			<ymin>66</ymin>
			<xmax>177</xmax>
			<ymax>86</ymax>
		</bndbox>
	</object>
	<object>
		<name>Logo2</name>
		<pose>Unspecified</pose>
		<truncated>0</truncated>
		<difficult>0</difficult>
		<bndbox>
			<xmin>237</xmin>
			<ymin>7</ymin>
			<xmax>297</xmax>
			<ymax>44</ymax>
		</bndbox>
	</object>
</annotation>
