<annotation>
	<folder>JPG_Chang</folder>
	<filename>1-md5-05a441f52b4612e62d37293803a58b4e.jpg</filename>
	<path>/Users/cliu/Data/JPG_Chang/1-md5-05a441f52b4612e62d37293803a58b4e.jpg</path>
	<source>
		<database>Unknown</database>
	</source>
	<size>
		<width>728</width>
		<height>90</height>
		<depth>3</depth>
	</size>
	<segmented>0</segmented>
	<object>
		<name>HeroImage</name>
		<pose>Unspecified</pose>
		<truncated>1</truncated>
		<difficult>0</difficult>
		<bndbox>
			<xmin>12</xmin>
			<ymin>3</ymin>
			<xmax>193</xmax>
			<ymax>90</ymax>
		</bndbox>
	</object>
	<object>
		<name>Logo</name>
		<pose>Unspecified</pose>
		<truncated>0</truncated>
		<difficult>0</difficult>
		<bndbox>
			<xmin>260</xmin>
			<ymin>2</ymin>
			<xmax>354</xmax>
			<ymax>34</ymax>
		</bndbox>
	</object>
	<object>
		<name>CallToAction</name>
		<pose>Unspecified</pose>
		<truncated>0</truncated>
		<difficult>0</difficult>
		<bndbox>
			<xmin>596</xmin>
			<ymin>45</ymin>
			<xmax>724</xmax>
			<ymax>87</ymax>
		</bndbox>
	</object>
	<object>
		<name>Logo</name>
		<pose>Unspecified</pose>
		<truncated>0</truncated>
		<difficult>0</difficult>
		<bndbox>
			<xmin>592</xmin>
			<ymin>4</ymin>
			<xmax>726</xmax>
			<ymax>43</ymax>
		</bndbox>
	</object>
</annotation>
