<annotation>
	<folder>JPG_Chang</folder>
	<filename>1-md5-02e373ee0acdfc56e67ad14e36599b19.jpg</filename>
	<path>/Users/cliu/Data/JPG_Chang/1-md5-02e373ee0acdfc56e67ad14e36599b19.jpg</path>
	<source>
		<database>Unknown</database>
	</source>
	<size>
		<width>300</width>
		<height>250</height>
		<depth>3</depth>
	</size>
	<segmented>0</segmented>
	<object>
		<name>CallToAction</name>
		<pose>Unspecified</pose>
		<truncated>0</truncated>
		<difficult>0</difficult>
		<bndbox>
			<xmin>15</xmin>
			<ymin>197</ymin>
			<xmax>150</xmax>
			<ymax>233</ymax>
		</bndbox>
	</object>
	<object>
		<name>HeroImage</name>
		<pose>Unspecified</pose>
		<truncated>0</truncated>
		<difficult>0</difficult>
		<bndbox>
			<xmin>193</xmin>
			<ymin>23</ymin>
			<xmax>280</xmax>
			<ymax>80</ymax>
		</bndbox>
	</object>
	<object>
		<name>Headline</name>
		<pose>Unspecified</pose>
		<truncated>0</truncated>
		<difficult>0</difficult>
		<bndbox>
			<xmin>12</xmin>
			<ymin>29</ymin>
			<xmax>123</xmax>
			<ymax>101</ymax>
		</bndbox>
	</object>
	<object>
		<name>Headline2</name>
		<pose>Unspecified</pose>
		<truncated>0</truncated>
		<difficult>0</difficult>
		<bndbox>
			<xmin>14</xmin>
			<ymin>113</ymin>
			<xmax>184</xmax>
			<ymax>183</ymax>
		</bndbox>
	</object>
</annotation>
