<annotation>
	<folder>JPG_Chang</folder>
	<filename>1-md5-004ab38f77995cf8a5d8901b3b6cadbe.jpg</filename>
	<path>/Users/cliu/Data/JPG_Chang/1-md5-004ab38f77995cf8a5d8901b3b6cadbe.jpg</path>
	<source>
		<database>Unknown</database>
	</source>
	<size>
		<width>300</width>
		<height>250</height>
		<depth>3</depth>
	</size>
	<segmented>0</segmented>
	<object>
		<name>Logo</name>
		<pose>Unspecified</pose>
		<truncated>0</truncated>
		<difficult>0</difficult>
		<bndbox>
			<xmin>237</xmin>
			<ymin>37</ymin>
			<xmax>294</xmax>
			<ymax>58</ymax>
		</bndbox>
	</object>
	<object>
		<name>Logo</name>
		<pose>Unspecified</pose>
		<truncated>0</truncated>
		<difficult>0</difficult>
		<bndbox>
			<xmin>7</xmin>
			<ymin>39</ymin>
			<xmax>64</xmax>
			<ymax>58</ymax>
		</bndbox>
	</object>
	<object>
		<name>Logo</name>
		<pose>Unspecified</pose>
		<truncated>0</truncated>
		<difficult>0</difficult>
		<bndbox>
			<xmin>271</xmin>
			<ymin>62</ymin>
			<xmax>293</xmax>
			<ymax>87</ymax>
		</bndbox>
	</object>
	<object>
		<name>HeroImage</name>
		<pose>Unspecified</pose>
		<truncated>0</truncated>
		<difficult>0</difficult>
		<bndbox>
			<xmin>5</xmin>
			<ymin>62</ymin>
			<xmax>270</xmax>
			<ymax>194</ymax>
		</bndbox>
	</object>
</annotation>
