<annotation>
	<folder>JPG_Chang</folder>
	<filename>1-md5-0abf15b7e1c926f5c9524a1a50126ced.jpg</filename>
	<path>/Users/cliu/Data/JPG_Chang/1-md5-0abf15b7e1c926f5c9524a1a50126ced.jpg</path>
	<source>
		<database>Unknown</database>
	</source>
	<size>
		<width>728</width>
		<height>90</height>
		<depth>3</depth>
	</size>
	<segmented>0</segmented>
	<object>
		<name>Logo</name>
		<pose>Unspecified</pose>
		<truncated>0</truncated>
		<difficult>0</difficult>
		<bndbox>
			<xmin>36</xmin>
			<ymin>30</ymin>
			<xmax>146</xmax>
			<ymax>59</ymax>
		</bndbox>
	</object>
	<object>
		<name>Logo2</name>
		<pose>Unspecified</pose>
		<truncated>0</truncated>
		<difficult>0</difficult>
		<bndbox>
			<xmin>148</xmin>
			<ymin>29</ymin>
			<xmax>255</xmax>
			<ymax>60</ymax>
		</bndbox>
	</object>
	<object>
		<name>CallToAction</name>
		<pose>Unspecified</pose>
		<truncated>0</truncated>
		<difficult>0</difficult>
		<bndbox>
			<xmin>583</xmin>
			<ymin>44</ymin>
			<xmax>721</xmax>
			<ymax>86</ymax>
		</bndbox>
	</object>
	<object>
		<name>Headline</name>
		<pose>Unspecified</pose>
		<truncated>0</truncated>
		<difficult>0</difficult>
		<bndbox>
			<xmin>296</xmin>
			<ymin>19</ymin>
			<xmax>582</xmax>
			<ymax>75</ymax>
		</bndbox>
	</object>
</annotation>
