<annotation>
	<folder>JPG_Chang</folder>
	<filename>1-md5-04e0446017a748fae0369a7044cfe5d6.jpg</filename>
	<path>/Users/cliu/Data/JPG_Chang/1-md5-04e0446017a748fae0369a7044cfe5d6.jpg</path>
	<source>
		<database>Unknown</database>
	</source>
	<size>
		<width>728</width>
		<height>90</height>
		<depth>3</depth>
	</size>
	<segmented>0</segmented>
	<object>
		<name>Logo</name>
		<pose>Unspecified</pose>
		<truncated>0</truncated>
		<difficult>0</difficult>
		<bndbox>
			<xmin>3</xmin>
			<ymin>27</ymin>
			<xmax>164</xmax>
			<ymax>67</ymax>
		</bndbox>
	</object>
	<object>
		<name>HeroImage</name>
		<pose>Unspecified</pose>
		<truncated>1</truncated>
		<difficult>0</difficult>
		<bndbox>
			<xmin>170</xmin>
			<ymin>1</ymin>
			<xmax>542</xmax>
			<ymax>88</ymax>
		</bndbox>
	</object>
	<object>
		<name>CallToAction</name>
		<pose>Unspecified</pose>
		<truncated>0</truncated>
		<difficult>0</difficult>
		<bndbox>
			<xmin>546</xmin>
			<ymin>24</ymin>
			<xmax>719</xmax>
			<ymax>71</ymax>
		</bndbox>
	</object>
</annotation>
