<annotation>
	<folder>JPG_Chang</folder>
	<filename>1-md5-03b5d7a94200d8a6afc1b19da7e33f0f.jpg</filename>
	<path>/Users/cliu/Data/JPG_Chang/1-md5-03b5d7a94200d8a6afc1b19da7e33f0f.jpg</path>
	<source>
		<database>Unknown</database>
	</source>
	<size>
		<width>300</width>
		<height>250</height>
		<depth>3</depth>
	</size>
	<segmented>0</segmented>
	<object>
		<name>HeroImage</name>
		<pose>Unspecified</pose>
		<truncated>0</truncated>
		<difficult>0</difficult>
		<bndbox>
			<xmin>10</xmin>
			<ymin>7</ymin>
			<xmax>291</xmax>
			<ymax>235</ymax>
		</bndbox>
	</object>
</annotation>
