<annotation>
	<folder>JPG_Chang</folder>
	<filename>1-md5-0a8f7e15deb470815b0ad903f9783673.jpg</filename>
	<path>/Users/cliu/Data/JPG_Chang/1-md5-0a8f7e15deb470815b0ad903f9783673.jpg</path>
	<source>
		<database>Unknown</database>
	</source>
	<size>
		<width>300</width>
		<height>250</height>
		<depth>3</depth>
	</size>
	<segmented>0</segmented>
	<object>
		<name>CallToAction</name>
		<pose>Unspecified</pose>
		<truncated>0</truncated>
		<difficult>0</difficult>
		<bndbox>
			<xmin>86</xmin>
			<ymin>196</ymin>
			<xmax>216</xmax>
			<ymax>241</ymax>
		</bndbox>
	</object>
	<object>
		<name>Offer</name>
		<pose>Unspecified</pose>
		<truncated>0</truncated>
		<difficult>0</difficult>
		<bndbox>
			<xmin>90</xmin>
			<ymin>171</ymin>
			<xmax>209</xmax>
			<ymax>189</ymax>
		</bndbox>
	</object>
	<object>
		<name>Headline</name>
		<pose>Unspecified</pose>
		<truncated>0</truncated>
		<difficult>0</difficult>
		<bndbox>
			<xmin>11</xmin>
			<ymin>116</ymin>
			<xmax>288</xmax>
			<ymax>164</ymax>
		</bndbox>
	</object>
	<object>
		<name>Logo2</name>
		<pose>Unspecified</pose>
		<truncated>0</truncated>
		<difficult>0</difficult>
		<bndbox>
			<xmin>66</xmin>
			<ymin>79</ymin>
			<xmax>239</xmax>
			<ymax>102</ymax>
		</bndbox>
	</object>
</annotation>
