<annotation>
	<folder>JPG_Chang</folder>
	<filename>1-md5-02e49187268587d0aa5acf6c496155fc.jpg</filename>
	<path>/Users/cliu/Data/JPG_Chang/1-md5-02e49187268587d0aa5acf6c496155fc.jpg</path>
	<source>
		<database>Unknown</database>
	</source>
	<size>
		<width>300</width>
		<height>250</height>
		<depth>3</depth>
	</size>
	<segmented>0</segmented>
	<object>
		<name>Headline</name>
		<pose>Unspecified</pose>
		<truncated>0</truncated>
		<difficult>0</difficult>
		<bndbox>
			<xmin>7</xmin>
			<ymin>8</ymin>
			<xmax>201</xmax>
			<ymax>117</ymax>
		</bndbox>
	</object>
	<object>
		<name>HeroImage</name>
		<pose>Unspecified</pose>
		<truncated>0</truncated>
		<difficult>0</difficult>
		<bndbox>
			<xmin>186</xmin>
			<ymin>56</ymin>
			<xmax>292</xmax>
			<ymax>206</ymax>
		</bndbox>
	</object>
	<object>
		<name>Logo</name>
		<pose>Unspecified</pose>
		<truncated>0</truncated>
		<difficult>0</difficult>
		<bndbox>
			<xmin>192</xmin>
			<ymin>207</ymin>
			<xmax>292</xmax>
			<ymax>243</ymax>
		</bndbox>
	</object>
</annotation>
