<annotation>
	<folder>JPG_Chang</folder>
	<filename>1-md5-04afb8b6a90dc3f4806e7abea43942d6.jpg</filename>
	<path>/Users/cliu/Data/JPG_Chang/1-md5-04afb8b6a90dc3f4806e7abea43942d6.jpg</path>
	<source>
		<database>Unknown</database>
	</source>
	<size>
		<width>300</width>
		<height>250</height>
		<depth>3</depth>
	</size>
	<segmented>0</segmented>
	<object>
		<name>Logo</name>
		<pose>Unspecified</pose>
		<truncated>0</truncated>
		<difficult>0</difficult>
		<bndbox>
			<xmin>212</xmin>
			<ymin>22</ymin>
			<xmax>291</xmax>
			<ymax>62</ymax>
		</bndbox>
	</object>
	<object>
		<name>Headline</name>
		<pose>Unspecified</pose>
		<truncated>0</truncated>
		<difficult>0</difficult>
		<bndbox>
			<xmin>60</xmin>
			<ymin>195</ymin>
			<xmax>239</xmax>
			<ymax>234</ymax>
		</bndbox>
	</object>
	<object>
		<name>HeroImage</name>
		<pose>Unspecified</pose>
		<truncated>0</truncated>
		<difficult>0</difficult>
		<bndbox>
			<xmin>73</xmin>
			<ymin>6</ymin>
			<xmax>212</xmax>
			<ymax>190</ymax>
		</bndbox>
	</object>
</annotation>
