<annotation>
	<folder>JPG_Chang</folder>
	<filename>1-md5-04bb58b59e884cfcbdc600cf75bbaba3.jpg</filename>
	<path>/Users/cliu/Data/JPG_Chang/1-md5-04bb58b59e884cfcbdc600cf75bbaba3.jpg</path>
	<source>
		<database>Unknown</database>
	</source>
	<size>
		<width>300</width>
		<height>250</height>
		<depth>3</depth>
	</size>
	<segmented>0</segmented>
	<object>
		<name>CallToAction</name>
		<pose>Unspecified</pose>
		<truncated>0</truncated>
		<difficult>0</difficult>
		<bndbox>
			<xmin>180</xmin>
			<ymin>144</ymin>
			<xmax>294</xmax>
			<ymax>180</ymax>
		</bndbox>
	</object>
	<object>
		<name>Logo</name>
		<pose>Unspecified</pose>
		<truncated>0</truncated>
		<difficult>0</difficult>
		<bndbox>
			<xmin>130</xmin>
			<ymin>185</ymin>
			<xmax>210</xmax>
			<ymax>226</ymax>
		</bndbox>
	</object>
	<object>
		<name>Headline</name>
		<pose>Unspecified</pose>
		<truncated>0</truncated>
		<difficult>0</difficult>
		<bndbox>
			<xmin>162</xmin>
			<ymin>17</ymin>
			<xmax>294</xmax>
			<ymax>103</ymax>
		</bndbox>
	</object>
	<object>
		<name>Headline2</name>
		<pose>Unspecified</pose>
		<truncated>0</truncated>
		<difficult>0</difficult>
		<bndbox>
			<xmin>130</xmin>
			<ymin>115</ymin>
			<xmax>292</xmax>
			<ymax>133</ymax>
		</bndbox>
	</object>
	<object>
		<name>Disclaimer</name>
		<pose>Unspecified</pose>
		<truncated>0</truncated>
		<difficult>0</difficult>
		<bndbox>
			<xmin>126</xmin>
			<ymin>234</ymin>
			<xmax>292</xmax>
			<ymax>244</ymax>
		</bndbox>
	</object>
	<object>
		<name>HeroImage</name>
		<pose>Unspecified</pose>
		<truncated>1</truncated>
		<difficult>0</difficult>
		<bndbox>
			<xmin>1</xmin>
			<ymin>1</ymin>
			<xmax>132</xmax>
			<ymax>236</ymax>
		</bndbox>
	</object>
</annotation>
