<annotation>
	<folder>JPG_Chang</folder>
	<filename>1-md5-06a47259878b918723711fe5c078fd81.jpg</filename>
	<path>/Users/cliu/Data/JPG_Chang/1-md5-06a47259878b918723711fe5c078fd81.jpg</path>
	<source>
		<database>Unknown</database>
	</source>
	<size>
		<width>300</width>
		<height>250</height>
		<depth>3</depth>
	</size>
	<segmented>0</segmented>
	<object>
		<name>Logo</name>
		<pose>Unspecified</pose>
		<truncated>0</truncated>
		<difficult>0</difficult>
		<bndbox>
			<xmin>9</xmin>
			<ymin>160</ymin>
			<xmax>137</xmax>
			<ymax>190</ymax>
		</bndbox>
	</object>
	<object>
		<name>Logo2</name>
		<pose>Unspecified</pose>
		<truncated>0</truncated>
		<difficult>0</difficult>
		<bndbox>
			<xmin>15</xmin>
			<ymin>20</ymin>
			<xmax>61</xmax>
			<ymax>70</ymax>
		</bndbox>
	</object>
	<object>
		<name>Offer</name>
		<pose>Unspecified</pose>
		<truncated>0</truncated>
		<difficult>0</difficult>
		<bndbox>
			<xmin>66</xmin>
			<ymin>21</ymin>
			<xmax>275</xmax>
			<ymax>78</ymax>
		</bndbox>
	</object>
	<object>
		<name>Headline</name>
		<pose>Unspecified</pose>
		<truncated>0</truncated>
		<difficult>0</difficult>
		<bndbox>
			<xmin>65</xmin>
			<ymin>82</ymin>
			<xmax>287</xmax>
			<ymax>116</ymax>
		</bndbox>
	</object>
	<object>
		<name>HeroImage</name>
		<pose>Unspecified</pose>
		<truncated>1</truncated>
		<difficult>0</difficult>
		<bndbox>
			<xmin>131</xmin>
			<ymin>116</ymin>
			<xmax>300</xmax>
			<ymax>243</ymax>
		</bndbox>
	</object>
</annotation>
