<annotation>
	<folder>JPG_Chang</folder>
	<filename>1-md5-05fa23eeb2d8f1214cade2ac6bd64c85.jpg</filename>
	<path>/Users/cliu/Data/JPG_Chang/1-md5-05fa23eeb2d8f1214cade2ac6bd64c85.jpg</path>
	<source>
		<database>Unknown</database>
	</source>
	<size>
		<width>300</width>
		<height>250</height>
		<depth>3</depth>
	</size>
	<segmented>0</segmented>
	<object>
		<name>CallToAction</name>
		<pose>Unspecified</pose>
		<truncated>1</truncated>
		<difficult>0</difficult>
		<bndbox>
			<xmin>1</xmin>
			<ymin>230</ymin>
			<xmax>300</xmax>
			<ymax>249</ymax>
		</bndbox>
	</object>
	<object>
		<name>Logo</name>
		<pose>Unspecified</pose>
		<truncated>0</truncated>
		<difficult>0</difficult>
		<bndbox>
			<xmin>13</xmin>
			<ymin>15</ymin>
			<xmax>136</xmax>
			<ymax>82</ymax>
		</bndbox>
	</object>
	<object>
		<name>HeroImage</name>
		<pose>Unspecified</pose>
		<truncated>1</truncated>
		<difficult>0</difficult>
		<bndbox>
			<xmin>158</xmin>
			<ymin>1</ymin>
			<xmax>300</xmax>
			<ymax>101</ymax>
		</bndbox>
	</object>
	<object>
		<name>Headline</name>
		<pose>Unspecified</pose>
		<truncated>0</truncated>
		<difficult>0</difficult>
		<bndbox>
			<xmin>35</xmin>
			<ymin>108</ymin>
			<xmax>261</xmax>
			<ymax>154</ymax>
		</bndbox>
	</object>
	<object>
		<name>Headline2</name>
		<pose>Unspecified</pose>
		<truncated>0</truncated>
		<difficult>0</difficult>
		<bndbox>
			<xmin>50</xmin>
			<ymin>160</ymin>
			<xmax>255</xmax>
			<ymax>212</ymax>
		</bndbox>
	</object>
</annotation>
