<annotation>
	<folder>JPG_Chang</folder>
	<filename>1-md5-03a1980ae6da5101b56a5ce43c15d3ab.jpg</filename>
	<path>/Users/cliu/Data/JPG_Chang/1-md5-03a1980ae6da5101b56a5ce43c15d3ab.jpg</path>
	<source>
		<database>Unknown</database>
	</source>
	<size>
		<width>300</width>
		<height>250</height>
		<depth>3</depth>
	</size>
	<segmented>0</segmented>
	<object>
		<name>CallToAction</name>
		<pose>Unspecified</pose>
		<truncated>0</truncated>
		<difficult>0</difficult>
		<bndbox>
			<xmin>17</xmin>
			<ymin>124</ymin>
			<xmax>136</xmax>
			<ymax>159</ymax>
		</bndbox>
	</object>
	<object>
		<name>HeroImage</name>
		<pose>Unspecified</pose>
		<truncated>1</truncated>
		<difficult>0</difficult>
		<bndbox>
			<xmin>99</xmin>
			<ymin>184</ymin>
			<xmax>294</xmax>
			<ymax>250</ymax>
		</bndbox>
	</object>
	<object>
		<name>Offer</name>
		<pose>Unspecified</pose>
		<truncated>0</truncated>
		<difficult>0</difficult>
		<bndbox>
			<xmin>18</xmin>
			<ymin>25</ymin>
			<xmax>202</xmax>
			<ymax>106</ymax>
		</bndbox>
	</object>
	<object>
		<name>Disclaimer</name>
		<pose>Unspecified</pose>
		<truncated>0</truncated>
		<difficult>0</difficult>
		<bndbox>
			<xmin>15</xmin>
			<ymin>226</ymin>
			<xmax>59</xmax>
			<ymax>239</ymax>
		</bndbox>
	</object>
</annotation>
