<annotation>
	<folder>JPG_Chang</folder>
	<filename>1-md5-0a883c51169fec44c0f6d29fbc959714.jpg</filename>
	<path>/Users/cliu/Data/JPG_Chang/1-md5-0a883c51169fec44c0f6d29fbc959714.jpg</path>
	<source>
		<database>Unknown</database>
	</source>
	<size>
		<width>728</width>
		<height>90</height>
		<depth>3</depth>
	</size>
	<segmented>0</segmented>
	<object>
		<name>CallToAction</name>
		<pose>Unspecified</pose>
		<truncated>1</truncated>
		<difficult>0</difficult>
		<bndbox>
			<xmin>624</xmin>
			<ymin>62</ymin>
			<xmax>726</xmax>
			<ymax>90</ymax>
		</bndbox>
	</object>
	<object>
		<name>Logo</name>
		<pose>Unspecified</pose>
		<truncated>0</truncated>
		<difficult>0</difficult>
		<bndbox>
			<xmin>624</xmin>
			<ymin>5</ymin>
			<xmax>725</xmax>
			<ymax>59</ymax>
		</bndbox>
	</object>
	<object>
		<name>HeroImage</name>
		<pose>Unspecified</pose>
		<truncated>0</truncated>
		<difficult>0</difficult>
		<bndbox>
			<xmin>14</xmin>
			<ymin>19</ymin>
			<xmax>614</xmax>
			<ymax>75</ymax>
		</bndbox>
	</object>
</annotation>
