<annotation>
	<folder>JPG_Chang</folder>
	<filename>1-md5-0a9f99e331eb5982fc79a1412240b6a1.jpg</filename>
	<path>/Users/cliu/Data/JPG_Chang/1-md5-0a9f99e331eb5982fc79a1412240b6a1.jpg</path>
	<source>
		<database>Unknown</database>
	</source>
	<size>
		<width>160</width>
		<height>600</height>
		<depth>3</depth>
	</size>
	<segmented>0</segmented>
	<object>
		<name>HeroImage</name>
		<pose>Unspecified</pose>
		<truncated>0</truncated>
		<difficult>0</difficult>
		<bndbox>
			<xmin>6</xmin>
			<ymin>206</ymin>
			<xmax>153</xmax>
			<ymax>312</ymax>
		</bndbox>
	</object>
	<object>
		<name>Logo</name>
		<pose>Unspecified</pose>
		<truncated>0</truncated>
		<difficult>0</difficult>
		<bndbox>
			<xmin>46</xmin>
			<ymin>423</ymin>
			<xmax>120</xmax>
			<ymax>495</ymax>
		</bndbox>
	</object>
	<object>
		<name>Logo2</name>
		<pose>Unspecified</pose>
		<truncated>0</truncated>
		<difficult>0</difficult>
		<bndbox>
			<xmin>47</xmin>
			<ymin>353</ymin>
			<xmax>121</xmax>
			<ymax>406</ymax>
		</bndbox>
	</object>
	<object>
		<name>Disclaimer</name>
		<pose>Unspecified</pose>
		<truncated>0</truncated>
		<difficult>0</difficult>
		<bndbox>
			<xmin>37</xmin>
			<ymin>544</ymin>
			<xmax>129</xmax>
			<ymax>565</ymax>
		</bndbox>
	</object>
	<object>
		<name>Offer</name>
		<pose>Unspecified</pose>
		<truncated>0</truncated>
		<difficult>0</difficult>
		<bndbox>
			<xmin>15</xmin>
			<ymin>113</ymin>
			<xmax>149</xmax>
			<ymax>170</ymax>
		</bndbox>
	</object>
	<object>
		<name>Headline</name>
		<pose>Unspecified</pose>
		<truncated>0</truncated>
		<difficult>0</difficult>
		<bndbox>
			<xmin>5</xmin>
			<ymin>77</ymin>
			<xmax>156</xmax>
			<ymax>109</ymax>
		</bndbox>
	</object>
</annotation>
