<annotation>
	<folder>JPG_Chang</folder>
	<filename>1-md5-04f61b29fc642b282e797799a29000b2.jpg</filename>
	<path>/Users/cliu/Data/JPG_Chang/1-md5-04f61b29fc642b282e797799a29000b2.jpg</path>
	<source>
		<database>Unknown</database>
	</source>
	<size>
		<width>300</width>
		<height>250</height>
		<depth>3</depth>
	</size>
	<segmented>0</segmented>
	<object>
		<name>CallToAction</name>
		<pose>Unspecified</pose>
		<truncated>0</truncated>
		<difficult>0</difficult>
		<bndbox>
			<xmin>98</xmin>
			<ymin>200</ymin>
			<xmax>211</xmax>
			<ymax>239</ymax>
		</bndbox>
	</object>
	<object>
		<name>Headline</name>
		<pose>Unspecified</pose>
		<truncated>0</truncated>
		<difficult>0</difficult>
		<bndbox>
			<xmin>66</xmin>
			<ymin>157</ymin>
			<xmax>233</xmax>
			<ymax>199</ymax>
		</bndbox>
	</object>
	<object>
		<name>HeroImage</name>
		<pose>Unspecified</pose>
		<truncated>1</truncated>
		<difficult>0</difficult>
		<bndbox>
			<xmin>24</xmin>
			<ymin>1</ymin>
			<xmax>278</xmax>
			<ymax>156</ymax>
		</bndbox>
	</object>
</annotation>
