<annotation>
	<folder>JPG_Chang</folder>
	<filename>1-md5-0a893bd5767b1f69083debe88839c1de.jpg</filename>
	<path>/Users/cliu/Data/JPG_Chang/1-md5-0a893bd5767b1f69083debe88839c1de.jpg</path>
	<source>
		<database>Unknown</database>
	</source>
	<size>
		<width>728</width>
		<height>90</height>
		<depth>3</depth>
	</size>
	<segmented>0</segmented>
	<object>
		<name>Offer</name>
		<pose>Unspecified</pose>
		<truncated>0</truncated>
		<difficult>0</difficult>
		<bndbox>
			<xmin>7</xmin>
			<ymin>2</ymin>
			<xmax>163</xmax>
			<ymax>87</ymax>
		</bndbox>
	</object>
	<object>
		<name>Headline</name>
		<pose>Unspecified</pose>
		<truncated>0</truncated>
		<difficult>0</difficult>
		<bndbox>
			<xmin>171</xmin>
			<ymin>12</ymin>
			<xmax>539</xmax>
			<ymax>75</ymax>
		</bndbox>
	</object>
	<object>
		<name>CallToAction</name>
		<pose>Unspecified</pose>
		<truncated>1</truncated>
		<difficult>0</difficult>
		<bndbox>
			<xmin>546</xmin>
			<ymin>3</ymin>
			<xmax>728</xmax>
			<ymax>36</ymax>
		</bndbox>
	</object>
	<object>
		<name>Logo</name>
		<pose>Unspecified</pose>
		<truncated>0</truncated>
		<difficult>0</difficult>
		<bndbox>
			<xmin>575</xmin>
			<ymin>41</ymin>
			<xmax>709</xmax>
			<ymax>87</ymax>
		</bndbox>
	</object>
</annotation>
