<annotation>
	<folder>JPG_Chang</folder>
	<filename>1-md5-00ddbf2873083ca28eabac115806f92a.jpg</filename>
	<path>/Users/cliu/Data/JPG_Chang/1-md5-00ddbf2873083ca28eabac115806f92a.jpg</path>
	<source>
		<database>Unknown</database>
	</source>
	<size>
		<width>160</width>
		<height>600</height>
		<depth>3</depth>
	</size>
	<segmented>0</segmented>
	<object>
		<name>Logo</name>
		<pose>Unspecified</pose>
		<truncated>0</truncated>
		<difficult>0</difficult>
		<bndbox>
			<xmin>24</xmin>
			<ymin>537</ymin>
			<xmax>139</xmax>
			<ymax>587</ymax>
		</bndbox>
	</object>
	<object>
		<name>Logo2</name>
		<pose>Unspecified</pose>
		<truncated>0</truncated>
		<difficult>0</difficult>
		<bndbox>
			<xmin>27</xmin>
			<ymin>116</ymin>
			<xmax>142</xmax>
			<ymax>199</ymax>
		</bndbox>
	</object>
	<object>
		<name>CallToAction</name>
		<pose>Unspecified</pose>
		<truncated>0</truncated>
		<difficult>0</difficult>
		<bndbox>
			<xmin>50</xmin>
			<ymin>200</ymin>
			<xmax>120</xmax>
			<ymax>230</ymax>
		</bndbox>
	</object>
	<object>
		<name>HeroImage</name>
		<pose>Unspecified</pose>
		<truncated>1</truncated>
		<difficult>0</difficult>
		<bndbox>
			<xmin>1</xmin>
			<ymin>236</ymin>
			<xmax>160</xmax>
			<ymax>536</ymax>
		</bndbox>
	</object>
</annotation>
