<annotation>
	<folder>JPG_Chang</folder>
	<filename>1-md5-01bfed6dd200b3fc973de48d93e798c0.jpg</filename>
	<path>/Users/cliu/Data/JPG_Chang/1-md5-01bfed6dd200b3fc973de48d93e798c0.jpg</path>
	<source>
		<database>Unknown</database>
	</source>
	<size>
		<width>160</width>
		<height>600</height>
		<depth>3</depth>
	</size>
	<segmented>0</segmented>
	<object>
		<name>Headline</name>
		<pose>Unspecified</pose>
		<truncated>0</truncated>
		<difficult>0</difficult>
		<bndbox>
			<xmin>12</xmin>
			<ymin>80</ymin>
			<xmax>149</xmax>
			<ymax>128</ymax>
		</bndbox>
	</object>
	<object>
		<name>HeroImage</name>
		<pose>Unspecified</pose>
		<truncated>1</truncated>
		<difficult>0</difficult>
		<bndbox>
			<xmin>1</xmin>
			<ymin>135</ymin>
			<xmax>160</xmax>
			<ymax>490</ymax>
		</bndbox>
	</object>
	<object>
		<name>Logo</name>
		<pose>Unspecified</pose>
		<truncated>0</truncated>
		<difficult>0</difficult>
		<bndbox>
			<xmin>26</xmin>
			<ymin>491</ymin>
			<xmax>133</xmax>
			<ymax>570</ymax>
		</bndbox>
	</object>
</annotation>
