<annotation>
	<folder>JPG_Chang</folder>
	<filename>1-md5-05ffadb7c889bb57282febc167ff8ab3.jpg</filename>
	<path>/Users/cliu/Data/JPG_Chang/1-md5-05ffadb7c889bb57282febc167ff8ab3.jpg</path>
	<source>
		<database>Unknown</database>
	</source>
	<size>
		<width>300</width>
		<height>250</height>
		<depth>3</depth>
	</size>
	<segmented>0</segmented>
	<object>
		<name>CallToAction</name>
		<pose>Unspecified</pose>
		<truncated>0</truncated>
		<difficult>0</difficult>
		<bndbox>
			<xmin>185</xmin>
			<ymin>198</ymin>
			<xmax>285</xmax>
			<ymax>246</ymax>
		</bndbox>
	</object>
	<object>
		<name>Logo</name>
		<pose>Unspecified</pose>
		<truncated>0</truncated>
		<difficult>0</difficult>
		<bndbox>
			<xmin>12</xmin>
			<ymin>210</ymin>
			<xmax>148</xmax>
			<ymax>236</ymax>
		</bndbox>
	</object>
	<object>
		<name>Headline</name>
		<pose>Unspecified</pose>
		<truncated>0</truncated>
		<difficult>0</difficult>
		<bndbox>
			<xmin>16</xmin>
			<ymin>45</ymin>
			<xmax>128</xmax>
			<ymax>123</ymax>
		</bndbox>
	</object>
	<object>
		<name>Offer</name>
		<pose>Unspecified</pose>
		<truncated>0</truncated>
		<difficult>0</difficult>
		<bndbox>
			<xmin>14</xmin>
			<ymin>133</ymin>
			<xmax>151</xmax>
			<ymax>176</ymax>
		</bndbox>
	</object>
	<object>
		<name>HeroImage</name>
		<pose>Unspecified</pose>
		<truncated>1</truncated>
		<difficult>0</difficult>
		<bndbox>
			<xmin>146</xmin>
			<ymin>1</ymin>
			<xmax>300</xmax>
			<ymax>193</ymax>
		</bndbox>
	</object>
</annotation>
