<annotation>
	<folder>JPG_Chang</folder>
	<filename>1-md5-01d64a0bd88c80a1fcab8a8ee44c2907.jpg</filename>
	<path>/Users/cliu/Data/JPG_Chang/1-md5-01d64a0bd88c80a1fcab8a8ee44c2907.jpg</path>
	<source>
		<database>Unknown</database>
	</source>
	<size>
		<width>300</width>
		<height>250</height>
		<depth>3</depth>
	</size>
	<segmented>0</segmented>
	<object>
		<name>Logo</name>
		<pose>Unspecified</pose>
		<truncated>0</truncated>
		<difficult>0</difficult>
		<bndbox>
			<xmin>5</xmin>
			<ymin>217</ymin>
			<xmax>78</xmax>
			<ymax>241</ymax>
		</bndbox>
	</object>
	<object>
		<name>Disclaimer</name>
		<pose>Unspecified</pose>
		<truncated>0</truncated>
		<difficult>0</difficult>
		<bndbox>
			<xmin>197</xmin>
			<ymin>233</ymin>
			<xmax>290</xmax>
			<ymax>241</ymax>
		</bndbox>
	</object>
	<object>
		<name>CallToAction</name>
		<pose>Unspecified</pose>
		<truncated>0</truncated>
		<difficult>0</difficult>
		<bndbox>
			<xmin>22</xmin>
			<ymin>143</ymin>
			<xmax>90</xmax>
			<ymax>169</ymax>
		</bndbox>
	</object>
	<object>
		<name>Headline</name>
		<pose>Unspecified</pose>
		<truncated>0</truncated>
		<difficult>0</difficult>
		<bndbox>
			<xmin>22</xmin>
			<ymin>28</ymin>
			<xmax>142</xmax>
			<ymax>130</ymax>
		</bndbox>
	</object>
	<object>
		<name>HeroImage</name>
		<pose>Unspecified</pose>
		<truncated>0</truncated>
		<difficult>0</difficult>
		<bndbox>
			<xmin>148</xmin>
			<ymin>23</ymin>
			<xmax>293</xmax>
			<ymax>213</ymax>
		</bndbox>
	</object>
</annotation>
